{
"type": "FeatureCollection",
"name": "INDIA_STATES_simplify",
"crs": { "type": "name", "properties": { "name": "urn:ogc:def:crs:OGC:1.3:CRS84" } },
"features": [
{ "type": "Feature", "properties": { "stname": "MEGHALAYA", "num_caaqms": 2, "num_manual": 11 }, "geometry": { "type": "Polygon", "coordinates": [ [ [ 90.968527701996038, 25.1724118579723 ], [ 90.849823731057654, 25.157641459626216 ], [ 90.780357471870772, 25.186115000081681 ], [ 90.733276457911273, 25.154911424368567 ], [ 90.709980198814861, 25.168121316236316 ], [ 90.698068166244909, 25.156833171250359 ], [ 90.685535304388836, 25.174511623644612 ], [ 90.66600653467826, 25.165803916997547 ], [ 90.663420062193126, 25.197851593305757 ], [ 90.641897275995248, 25.174810876781358 ], [ 90.50863949342461, 25.175354620671733 ], [ 90.441076454406002, 25.144508447961307 ], [ 90.370459083234252, 25.162840263729453 ], [ 90.330238900154939, 25.193815951201433 ], [ 90.118113617046589, 25.223456688274688 ], [ 90.054517804223963, 25.26136375410967 ], [ 89.980761896417604, 25.280852185781431 ], [ 89.966488406764739, 25.303618332802412 ], [ 89.949241192585788, 25.292714006124449 ], [ 89.906997914553443, 25.307733923208712 ], [ 89.876603900208906, 25.285328328171367 ], [ 89.831183024098451, 25.296028891694291 ], [ 89.84137922506838, 25.315034417077328 ], [ 89.821435271999803, 25.355517277997254 ], [ 89.825434522237359, 25.413346599647703 ], [ 89.885527789394189, 25.507514432139047 ], [ 89.867935119089566, 25.524241700256393 ], [ 89.876919267264114, 25.548470153857242 ], [ 89.972814358266859, 25.573829731358217 ], [ 89.985356389227022, 25.591703021350213 ], [ 90.002999434357804, 25.585424171637101 ], [ 90.020250328934466, 25.607487025153272 ], [ 89.950825783017763, 25.655215268761772 ], [ 89.894739283200821, 25.744968623066871 ], [ 89.936894349367194, 25.744762603985464 ], [ 89.959351405918454, 25.779930206321644 ], [ 89.948299208399106, 25.825509132321557 ], [ 90.003585712641438, 25.83923547788914 ], [ 90.02382063991206, 25.86721771134129 ], [ 90.011070523199464, 25.884612939309331 ], [ 90.041584653975605, 25.887493101117954 ], [ 90.116850301889485, 25.957218028026098 ], [ 90.151642756224291, 25.966568348178761 ], [ 90.186884185843184, 25.944094618681785 ], [ 90.202870238126735, 25.96086255214783 ], [ 90.270582413652221, 25.960309743257909 ], [ 90.327422735638152, 25.974374789991824 ], [ 90.352740998234523, 26.00561016484659 ], [ 90.399746833984508, 26.012516165055239 ], [ 90.423815009116339, 25.989002869380904 ], [ 90.476134376178635, 26.00958672529163 ], [ 90.502535077251338, 25.991461011362453 ], [ 90.535004403819812, 25.949588216101759 ], [ 90.513627704348366, 25.896272383345202 ], [ 90.589313792561313, 25.958226312857153 ], [ 90.624124181760791, 25.939175481244497 ], [ 90.60626618774883, 25.916617031330155 ], [ 90.621866172869346, 25.897836410779256 ], [ 90.631643251368757, 25.919826423142105 ], [ 90.717587516221414, 25.954941026268592 ], [ 90.748095024617285, 25.956716088597613 ], [ 90.740397012401331, 25.93939460814186 ], [ 90.754151690841653, 25.929432567643499 ], [ 90.738976554951577, 25.916158350010566 ], [ 90.760524534401625, 25.921884359771148 ], [ 90.763886616794665, 25.907715469759037 ], [ 90.808475136420725, 25.952193349377438 ], [ 90.836500960809332, 25.937142790798955 ], [ 90.885084687355857, 25.949942299368058 ], [ 90.916836389369706, 25.914056373316942 ], [ 90.91733641591135, 25.944407682334941 ], [ 90.947569085644375, 25.947708272662361 ], [ 90.968381356554801, 25.885693439185275 ], [ 91.030375781347971, 25.885929943622472 ], [ 91.006014599126672, 25.820383328318073 ], [ 91.048948649273157, 25.849226437087474 ], [ 91.078445393074276, 25.851705466392016 ], [ 91.048884339780287, 25.829272847356883 ], [ 91.062134395897914, 25.820778056825056 ], [ 91.14755001118904, 25.850491596232903 ], [ 91.180227969685589, 25.843972086925909 ], [ 91.195626662113895, 25.861047470853322 ], [ 91.203493810928151, 25.842586891095031 ], [ 91.178262142331903, 25.777351631876087 ], [ 91.222454067438122, 25.722563262230572 ], [ 91.274538219626407, 25.750447491177066 ], [ 91.335703884789623, 25.8406932258433 ], [ 91.423529142795502, 25.854351816362268 ], [ 91.445148692820823, 25.839737870380365 ], [ 91.530747474598371, 25.871822816816348 ], [ 91.527718783956701, 25.890848756271808 ], [ 91.511417145428979, 25.865341598821189 ], [ 91.474860979289531, 25.873449809754089 ], [ 91.537019304401255, 25.931523387346122 ], [ 91.501244859408558, 25.918860422855673 ], [ 91.58023593040015, 26.03329754179396 ], [ 91.597534137446175, 26.018074388179588 ], [ 91.630471026340203, 26.022522209081302 ], [ 91.62620043727614, 25.986153071162015 ], [ 91.640744539916781, 25.964132804660963 ], [ 91.6094720639542, 25.937392046279445 ], [ 91.670600715832734, 25.904151547930294 ], [ 91.720107996729624, 25.953595971644106 ], [ 91.731061162175408, 26.05892674006034 ], [ 91.791362178216389, 26.085231728349736 ], [ 91.825404064978486, 26.119401812099998 ], [ 91.879170652099504, 26.097976153875113 ], [ 91.867237984329137, 26.042247790363565 ], [ 91.914692282425165, 26.020498891967343 ], [ 91.920272853227004, 25.997755332933711 ], [ 91.988611429389991, 26.038376649304396 ], [ 92.132011361299917, 26.044297378652988 ], [ 92.169149773185723, 26.07755248713001 ], [ 92.268599511242442, 26.068123998787513 ], [ 92.262796582254921, 26.032628188126367 ], [ 92.181389021589482, 25.985326190361569 ], [ 92.152436496052104, 25.944318641284148 ], [ 92.154484795037078, 25.911209168079594 ], [ 92.225337641594265, 25.909507227147724 ], [ 92.177244004425717, 25.872749794036924 ], [ 92.151099969097658, 25.816638807183086 ], [ 92.162549107886534, 25.739484990294056 ], [ 92.144361557929471, 25.717598821604405 ], [ 92.156158177646645, 25.672199915170271 ], [ 92.1701956681963, 25.667128952320816 ], [ 92.225034337116711, 25.716089602901388 ], [ 92.333510356131399, 25.724115856718676 ], [ 92.383787082696699, 25.754402734146321 ], [ 92.381533851045944, 25.742386976602276 ], [ 92.406620727388088, 25.74459965468159 ], [ 92.444136738917038, 25.719839777281372 ], [ 92.440374704999954, 25.692129517931829 ], [ 92.470333458639871, 25.675151600027409 ], [ 92.505629700762455, 25.616311351614559 ], [ 92.554346774128092, 25.614523840876593 ], [ 92.55665100583245, 25.571326886012653 ], [ 92.572491497802289, 25.55735061117613 ], [ 92.594311369441058, 25.551593052951262 ], [ 92.65337936421129, 25.590612115320223 ], [ 92.661272251555076, 25.571956240387365 ], [ 92.642839362710731, 25.534809367339125 ], [ 92.57365409564639, 25.490478204986648 ], [ 92.565063605399033, 25.464662258354121 ], [ 92.598613124655586, 25.468138397683767 ], [ 92.606631023350943, 25.413232466213685 ], [ 92.627638466731582, 25.42196714518311 ], [ 92.625327447356923, 25.434745092935572 ], [ 92.639561250338872, 25.417565720387618 ], [ 92.653620092944465, 25.433523478311464 ], [ 92.661644204388352, 25.406354610163444 ], [ 92.674294448204279, 25.413455246358776 ], [ 92.717227067334534, 25.372916195140494 ], [ 92.737354260551413, 25.379695051809215 ], [ 92.750821603864921, 25.34346922039299 ], [ 92.782131230554413, 25.332745274659551 ], [ 92.786757800405994, 25.315032270828073 ], [ 92.792301925658464, 25.28206795160715 ], [ 92.761887948951653, 25.246528441353618 ], [ 92.802914666442504, 25.216172577024729 ], [ 92.663475243126911, 25.17666786879057 ], [ 92.621432755628561, 25.115026384205613 ], [ 92.521215166413043, 25.138646691193706 ], [ 92.539182374004, 25.098910295782659 ], [ 92.480965917444422, 25.10857565373923 ], [ 92.456977799272394, 25.054067753696966 ], [ 92.464285480022639, 25.037435366011177 ], [ 92.442530534121062, 25.045241341207621 ], [ 92.421485224954566, 25.027795360883385 ], [ 92.339497446040369, 25.049955404112556 ], [ 92.348553542082641, 25.073491425820986 ], [ 92.335005397105931, 25.078374758335976 ], [ 92.310398478941991, 25.069267815603041 ], [ 92.226935842401076, 25.094113943900446 ], [ 92.196168226814706, 25.108031383763862 ], [ 92.21938319736104, 25.117005367213363 ], [ 92.18929568459815, 25.136256562338982 ], [ 92.183928116028241, 25.117921073110711 ], [ 92.159592226772077, 25.126603278310345 ], [ 92.165681153294926, 25.13596415812491 ], [ 92.135836866581712, 25.138737992387863 ], [ 92.132882054287336, 25.1601471223217 ], [ 92.07385106112369, 25.184948241309126 ], [ 92.003761649607341, 25.186163825230743 ], [ 91.971669018976854, 25.167580948332869 ], [ 91.916255103982792, 25.181348283849324 ], [ 91.775784724639806, 25.16315752564941 ], [ 91.756030671829038, 25.177497514944232 ], [ 91.747641140998965, 25.140151415943805 ], [ 91.70355569140672, 25.159880027404075 ], [ 91.691667746262809, 25.137083760628194 ], [ 91.637914235917407, 25.122544537370462 ], [ 91.621389549297902, 25.143470648808123 ], [ 91.602090369211027, 25.142721174929942 ], [ 91.611208599924865, 25.176629315039783 ], [ 91.471016423435486, 25.133586962944261 ], [ 91.468631040623293, 25.151794039918258 ], [ 91.292480830446564, 25.183803067612484 ], [ 91.268013417951295, 25.207244053331912 ], [ 91.251630949912666, 25.195168594391664 ], [ 91.069642998336235, 25.19840997993586 ], [ 90.968527701996038, 25.1724118579723 ] ] ] } },
{ "type": "Feature", "properties": { "stname": "ARUNACHAL PRADESH", "num_caaqms": 1, "num_manual": 2 }, "geometry": { "type": "Polygon", "coordinates": [ [ [ 94.198940064982949, 27.494525472301454 ], [ 94.156666087025769, 27.474857511871246 ], [ 94.159424343444428, 27.461617556376762 ], [ 94.089597461874916, 27.407048514332136 ], [ 94.059814172566149, 27.361537147373276 ], [ 93.99125470786133, 27.328346488704227 ], [ 93.795969780261615, 27.137645308298765 ], [ 93.825066419825077, 27.116422826165063 ], [ 93.829226555635103, 27.066813819399741 ], [ 93.803358633679295, 27.058057924028688 ], [ 93.79378222533964, 27.07233935523967 ], [ 93.800223846612667, 27.057853227714947 ], [ 93.783792930634121, 27.0514538517705 ], [ 93.781085019397253, 27.06537323702101 ], [ 93.777792400131872, 27.049026684791997 ], [ 93.770870905122251, 27.062035818915582 ], [ 93.767424570637004, 27.039439081186018 ], [ 93.660121048002495, 26.966955137668485 ], [ 93.48910216744224, 26.936176835697509 ], [ 93.324101886097907, 26.96007920722499 ], [ 93.023723691212908, 26.913381750040941 ], [ 92.917145402761761, 26.96293037329049 ], [ 92.918410524430911, 26.982305667820196 ], [ 92.886608917409788, 26.999745397318183 ], [ 92.672477524693775, 27.031649104230585 ], [ 92.644799101283411, 26.986663262637595 ], [ 92.583342398137844, 26.959540601039446 ], [ 92.447468245352781, 26.958811821119511 ], [ 92.398329625861976, 26.924690655124813 ], [ 92.363189388764923, 26.934543250172016 ], [ 92.302661885881236, 26.922642851276294 ], [ 92.302964896609723, 26.907139617933737 ], [ 92.276090156358208, 26.901996421898463 ], [ 92.120018546829698, 26.888983723781696 ], [ 92.118113916306456, 26.974372924878239 ], [ 92.078415454981211, 27.017361379158537 ], [ 92.081237122577448, 27.041285702270535 ], [ 92.044124070132085, 27.051362379364235 ], [ 92.023133619283399, 27.109551920039955 ], [ 92.035804481231722, 27.134911417037824 ], [ 92.026721871413855, 27.168278959670708 ], [ 92.058378358295755, 27.190309454264657 ], [ 92.072571269965962, 27.233105978030334 ], [ 92.038002452119429, 27.258421995382399 ], [ 92.066639713907847, 27.277003954905044 ], [ 92.103473045346789, 27.268664930038124 ], [ 92.124975366125852, 27.282018260625311 ], [ 92.064583820565446, 27.32697937061101 ], [ 92.04824120179282, 27.36313242216395 ], [ 92.058469863385568, 27.399707469604778 ], [ 92.022166457115887, 27.448020493338984 ], [ 92.019805583937909, 27.477381309710552 ], [ 91.943644382161082, 27.459736308190909 ], [ 91.848604746023611, 27.486456289644174 ], [ 91.825253922358556, 27.46785277616782 ], [ 91.766971760324154, 27.464755437616915 ], [ 91.714623179150522, 27.474539347685852 ], [ 91.695059156853247, 27.505327665068997 ], [ 91.652452144674157, 27.483041272244929 ], [ 91.612292782031176, 27.543692505983067 ], [ 91.582150605884905, 27.556764848353517 ], [ 91.566032367405626, 27.583897674389451 ], [ 91.584374252420091, 27.608222539028962 ], [ 91.562177771081608, 27.631853372004592 ], [ 91.572829558936121, 27.660301147245896 ], [ 91.628850620976195, 27.700061589910092 ], [ 91.645067632814261, 27.769448994882296 ], [ 91.626726848236018, 27.812311778736834 ], [ 91.607553060386365, 27.823890521266385 ], [ 91.576297887772768, 27.811863636736806 ], [ 91.553544849810166, 27.850559427999809 ], [ 91.569888030928169, 27.848014171725787 ], [ 91.576421671127335, 27.864365642138093 ], [ 91.663177841418658, 27.852953236764911 ], [ 91.70983112255557, 27.807973329196024 ], [ 91.761306819750814, 27.79995771680743 ], [ 91.820675664801229, 27.815961003756751 ], [ 91.862185455827685, 27.739689768135605 ], [ 91.927704638030434, 27.722594229987394 ], [ 91.993525544574155, 27.771182324914697 ], [ 92.051427922262604, 27.763932939090058 ], [ 92.218660642852157, 27.869514902347227 ], [ 92.277540151312834, 27.869092549209398 ], [ 92.312773320024348, 27.788488548252417 ], [ 92.385100071095735, 27.800629718307544 ], [ 92.389764509428161, 27.821429640333122 ], [ 92.416295579404775, 27.830554671634172 ], [ 92.456269672605245, 27.814119835871171 ], [ 92.503357176892678, 27.85395061732833 ], [ 92.556210808885339, 27.824364230818848 ], [ 92.615314464077372, 27.894538159748677 ], [ 92.657710886899366, 27.901902982331496 ], [ 92.742432319173219, 27.992586965940067 ], [ 92.720709169141102, 28.030505160181356 ], [ 92.666539783734947, 28.063753084205327 ], [ 92.687948544977175, 28.12739796480389 ], [ 92.814765383604438, 28.211043155293549 ], [ 92.836098852551117, 28.179097132926138 ], [ 92.896880020806407, 28.205152751612491 ], [ 92.922842131119751, 28.240000360187995 ], [ 92.962705614759315, 28.258557300627889 ], [ 92.997298423013802, 28.229427664048252 ], [ 93.028269551927792, 28.268694272719024 ], [ 93.022342647346264, 28.310385817669609 ], [ 93.217957529743074, 28.32608133160554 ], [ 93.224222351788441, 28.405498876112766 ], [ 93.180451038559454, 28.434875105001229 ], [ 93.277735511591331, 28.50130910601909 ], [ 93.301620750205444, 28.598951558711772 ], [ 93.324920116574447, 28.609178566294194 ], [ 93.333363335217499, 28.639083854673896 ], [ 93.40601092318586, 28.651284175029218 ], [ 93.445973331999454, 28.674722212663887 ], [ 93.470495535438815, 28.652653497390666 ], [ 93.496146738832337, 28.685966641131618 ], [ 93.522410074023384, 28.659071285991242 ], [ 93.619447409740815, 28.653387967203734 ], [ 93.73987674789592, 28.684553167389168 ], [ 93.784144778273031, 28.663364770035106 ], [ 93.850601065013848, 28.707036012617774 ], [ 93.935628646729768, 28.666105798262628 ], [ 93.961761480066244, 28.693595803049142 ], [ 93.972954413047887, 28.743218110354924 ], [ 94.010300813668067, 28.772785817018899 ], [ 93.986704292687932, 28.803755463740281 ], [ 94.007243313156934, 28.840699639838853 ], [ 94.164458145665435, 28.957456727201738 ], [ 94.186062379415176, 29.028730160321945 ], [ 94.224101903040619, 29.0878295883645 ], [ 94.293654961043515, 29.14535274429959 ], [ 94.36249076908932, 29.152604680808526 ], [ 94.374877287300762, 29.184952785881631 ], [ 94.438122290038635, 29.223193496117048 ], [ 94.550710982375335, 29.220750760880716 ], [ 94.630976456429565, 29.34123641496377 ], [ 94.741302131767128, 29.274736897134908 ], [ 94.793008586395899, 29.215298292338925 ], [ 94.804128745958053, 29.162405321858291 ], [ 94.878668557817306, 29.175025220936316 ], [ 94.915778907231967, 29.152072693048659 ], [ 94.958405743432763, 29.15639000025142 ], [ 95.022446481035828, 29.133942679343271 ], [ 94.975280412788635, 29.156543243703513 ], [ 94.979819129202099, 29.173347103297679 ], [ 94.992767753829511, 29.170764015105533 ], [ 95.095054597030625, 29.139594063237915 ], [ 95.106375014425822, 29.118905373666848 ], [ 95.241720556276917, 29.110615034832708 ], [ 95.242017681243638, 29.063550796384089 ], [ 95.260070410246243, 29.054075352672008 ], [ 95.287921693771779, 29.062641775721648 ], [ 95.410653623307553, 29.030516136157644 ], [ 95.440296873348359, 29.036600408768376 ], [ 95.466454431016388, 29.066455899929412 ], [ 95.480989832575176, 29.143074131243843 ], [ 95.530717136936289, 29.130485189214724 ], [ 95.526932600221301, 29.215656529218386 ], [ 95.572202270106501, 29.222806300898654 ], [ 95.583029651649582, 29.26061448728699 ], [ 95.619263478010609, 29.249698546764488 ], [ 95.76570872298818, 29.356353180938179 ], [ 95.776880631798917, 29.361652364859058 ], [ 95.782126863126749, 29.341388008291922 ], [ 95.830989076394516, 29.358829566858017 ], [ 95.861746176302191, 29.395118328911767 ], [ 95.941808749679851, 29.387651265195302 ], [ 96.067316136575343, 29.465947313883259 ], [ 96.14056856381778, 29.40205006726908 ], [ 96.176499643555005, 29.345153557208882 ], [ 96.179919032174993, 29.307510527669464 ], [ 96.23548460165361, 29.241891999370161 ], [ 96.289567222379745, 29.244634179663851 ], [ 96.354304519044021, 29.292053315011 ], [ 96.37907568876777, 29.267105418320778 ], [ 96.342012374243069, 29.178382369199415 ], [ 96.24495311603944, 29.165763494746891 ], [ 96.210515080321869, 29.148092035208581 ], [ 96.173591821234808, 29.09921750598815 ], [ 96.102059416233189, 29.078994947120446 ], [ 96.140932205438048, 29.05828007177627 ], [ 96.171474619670946, 28.999191280100099 ], [ 96.171796591140122, 28.969786741206843 ], [ 96.142291977198795, 28.956672648828906 ], [ 96.134897865043442, 28.935233042807518 ], [ 96.160871885220843, 28.897834157117156 ], [ 96.220171676775379, 28.929772880380256 ], [ 96.326906157101618, 29.028018357790341 ], [ 96.423141992566343, 29.037510215795471 ], [ 96.513584796681371, 29.073958311321011 ], [ 96.464673603671059, 28.983135330946517 ], [ 96.481222228596224, 28.958515722146529 ], [ 96.509384212429083, 28.966365327617471 ], [ 96.526085116167948, 28.88246050807312 ], [ 96.608985425307338, 28.779832304741159 ], [ 96.579307013409661, 28.711589836867489 ], [ 96.466901260285638, 28.675184357247648 ], [ 96.487356361039119, 28.638908707222701 ], [ 96.474470685855195, 28.621782087721439 ], [ 96.424844409624228, 28.582108082646158 ], [ 96.402029195667524, 28.580945508621415 ], [ 96.400013650156112, 28.559277184326803 ], [ 96.344754664005862, 28.554007608820744 ], [ 96.318577993781844, 28.525961517638166 ], [ 96.362081008083194, 28.480343879111818 ], [ 96.253389405976705, 28.407040372118196 ], [ 96.316677375134645, 28.37756769593399 ], [ 96.362581065167561, 28.386356723205154 ], [ 96.395477850572405, 28.335916706149156 ], [ 96.417378178022943, 28.340944190870871 ], [ 96.457127757979421, 28.413815671823269 ], [ 96.505379210278747, 28.410981003858367 ], [ 96.570747622837445, 28.452324111258374 ], [ 96.64113604668097, 28.457785323813752 ], [ 96.740846181185759, 28.413813016301503 ], [ 96.770289987267148, 28.367028647778387 ], [ 96.834536981652732, 28.360719961230846 ], [ 96.889670627668053, 28.378485620959324 ], [ 96.925843259893554, 28.336852247819827 ], [ 96.987611892241787, 28.303325288111385 ], [ 97.075305838112683, 28.349614236310487 ], [ 97.105694140968652, 28.346958369731123 ], [ 97.171103453822241, 28.285668986666497 ], [ 97.295261296276522, 28.261877632017093 ], [ 97.401042411659688, 28.192250110800593 ], [ 97.401163253930022, 28.181477835989437 ], [ 97.363846406086054, 28.189089455331782 ], [ 97.327900543672527, 28.150209829682463 ], [ 97.347242930029623, 28.110487091627185 ], [ 97.310432079829013, 28.074516574011181 ], [ 97.325776522098977, 28.052698394347818 ], [ 97.380945946215419, 28.059273308883306 ], [ 97.375682601083113, 28.040156117313657 ], [ 97.412896513673616, 28.014836540714118 ], [ 97.37297955242687, 27.968028879916652 ], [ 97.37359001605293, 27.880177071994751 ], [ 97.308995938692732, 27.914991129114068 ], [ 97.249021188067999, 27.899297118701188 ], [ 97.103998428037769, 27.769748690115392 ], [ 97.093847090729739, 27.740088464800188 ], [ 97.036162355071653, 27.742387049112537 ], [ 96.983056873202585, 27.664282154152204 ], [ 96.941724807566871, 27.660740696222117 ], [ 96.896746093019033, 27.609260982143976 ], [ 96.896712055852916, 27.581503701769851 ], [ 96.912231148580432, 27.580533170635203 ], [ 96.913007667583386, 27.543882528140646 ], [ 96.929822823551689, 27.524182275326513 ], [ 96.903244081779548, 27.452726053381525 ], [ 96.96230620516107, 27.401649120094532 ], [ 96.962125533296174, 27.373115275278614 ], [ 96.998106438988941, 27.318978624997886 ], [ 97.028266714391535, 27.307943838684931 ], [ 97.088507643021501, 27.238212265190057 ], [ 97.090475816774685, 27.213618019115469 ], [ 97.163854224650891, 27.142239812827277 ], [ 97.138518010121857, 27.091046670272505 ], [ 97.099270420424276, 27.108309663600711 ], [ 97.06343882191824, 27.091454844847245 ], [ 96.985363250083836, 27.153873885355651 ], [ 96.874412862043187, 27.1806824631532 ], [ 96.854807902620109, 27.210032860640919 ], [ 96.885233673308292, 27.226467600662378 ], [ 96.884910039955813, 27.259444551982273 ], [ 96.847047117030442, 27.271098077125828 ], [ 96.848068866224466, 27.290144358267682 ], [ 96.79646809030406, 27.345742934395464 ], [ 96.704885339364822, 27.372040410717648 ], [ 96.697688711044918, 27.357672733854759 ], [ 96.606119973824164, 27.365806876099622 ], [ 96.595150742907819, 27.333838539036719 ], [ 96.551219615796583, 27.318456442124742 ], [ 96.523851433654428, 27.286545891317878 ], [ 96.440645014598843, 27.306331231237625 ], [ 96.387274817181805, 27.284866738917479 ], [ 96.307274641682099, 27.294275649925233 ], [ 96.270699659430704, 27.271481128635255 ], [ 96.228275593650764, 27.278647033345546 ], [ 96.022961440332864, 27.180081742229728 ], [ 95.9456037059538, 27.051504218164819 ], [ 95.869481341939988, 27.012549288716215 ], [ 95.802030489025597, 27.014500649687943 ], [ 95.760295627799664, 26.963724763319455 ], [ 95.751265847005342, 26.90902239506562 ], [ 95.724141015778713, 26.882204793867867 ], [ 95.666997818709916, 26.902862264766188 ], [ 95.631831586165148, 26.873452949603063 ], [ 95.608137085937003, 26.812814814223657 ], [ 95.543127329348735, 26.835375974702348 ], [ 95.506542649783825, 26.807605968371277 ], [ 95.482832144272251, 26.747394426750216 ], [ 95.459091411349675, 26.743884731663659 ], [ 95.43138003324313, 26.70069809769069 ], [ 95.335518856337316, 26.674376274360849 ], [ 95.30395971718778, 26.651008932202551 ], [ 95.258663932378951, 26.655752836284098 ], [ 95.212524211801735, 26.729432931136284 ], [ 95.241350397379222, 26.781451253854367 ], [ 95.211620363793799, 26.79259038060016 ], [ 95.195619264729231, 26.834236800318603 ], [ 95.205188049965386, 26.845018321266902 ], [ 95.181143034299893, 26.859202886195682 ], [ 95.230480547082777, 26.885154034166209 ], [ 95.211842880981223, 26.964837909732712 ], [ 95.192043279093951, 26.984534191100298 ], [ 95.192520931296855, 27.035206752624717 ], [ 95.232229393566115, 27.042753414948169 ], [ 95.246436192292279, 27.023805003105561 ], [ 95.354764909159982, 27.103909887661381 ], [ 95.374671661196032, 27.092675124202021 ], [ 95.419833773097309, 27.125351710186901 ], [ 95.453273158900046, 27.1294342311223 ], [ 95.465725563147672, 27.166871106617709 ], [ 95.458129438749594, 27.20978009898317 ], [ 95.508653995230389, 27.261698594270758 ], [ 95.545359092162485, 27.259856015223608 ], [ 95.587573073438506, 27.222940949318904 ], [ 95.720206467597805, 27.249477523384446 ], [ 95.800888024223681, 27.284267141150153 ], [ 95.805283790827644, 27.2730086513229 ], [ 95.859479558855398, 27.287022339079915 ], [ 95.856429123593955, 27.27105944093795 ], [ 95.89243147656417, 27.255284082016036 ], [ 95.896809310998407, 27.281712576712458 ], [ 95.960040741090694, 27.310950814645199 ], [ 95.989205056134381, 27.356495524945345 ], [ 96.017753931783702, 27.364919120860911 ], [ 95.969354666195883, 27.427886139270036 ], [ 95.962327220288415, 27.417241737692528 ], [ 95.941309678047332, 27.437292475222325 ], [ 95.909604734242365, 27.435390848969888 ], [ 95.885725771258805, 27.398154908648817 ], [ 95.883216100238883, 27.435318301011037 ], [ 95.860143445291413, 27.408014047087637 ], [ 95.843484857592287, 27.423077902132913 ], [ 95.886682061116446, 27.49689240268982 ], [ 95.876937490850523, 27.542947504636427 ], [ 95.814509286674607, 27.574159115049031 ], [ 95.815532716616573, 27.598823146042346 ], [ 95.790643531620702, 27.59964805570516 ], [ 95.778358932668112, 27.622342201978338 ], [ 95.795784899910487, 27.641732989951908 ], [ 95.77043276723461, 27.657937482183623 ], [ 95.790260109097872, 27.679780614325946 ], [ 95.76759185233513, 27.687295717124648 ], [ 95.752262714662649, 27.720918080687387 ], [ 95.7787742965875, 27.733180283375766 ], [ 95.77600229414837, 27.753623443072886 ], [ 95.837758999564585, 27.824118216618825 ], [ 95.870406977686841, 27.832668842889611 ], [ 95.925088171039619, 27.881678010176085 ], [ 95.915504254580796, 27.88938761587654 ], [ 95.93774670900055, 27.898200117779769 ], [ 95.971287273850365, 27.962719624029425 ], [ 95.823881191743226, 27.971475095719729 ], [ 95.605278479616288, 27.954615431258581 ], [ 95.520132326571044, 27.881238053794483 ], [ 95.379577121112391, 27.839178931122895 ], [ 95.308760580865737, 27.868010780299631 ], [ 94.922325463408328, 27.749922613903262 ], [ 94.85234573528983, 27.727603387718705 ], [ 94.840970383220082, 27.700609712378306 ], [ 94.793727466795261, 27.695180256373042 ], [ 94.754307049321838, 27.66054834323873 ], [ 94.687910328969195, 27.665141729695176 ], [ 94.682677570573986, 27.645893772389527 ], [ 94.498958969686925, 27.572168372920839 ], [ 94.478436898630704, 27.576168053098677 ], [ 94.46173180335272, 27.555242438197187 ], [ 94.431682106070042, 27.600332897949123 ], [ 94.366801877562594, 27.574273044034744 ], [ 94.298260062058162, 27.601932335735782 ], [ 94.277640419589048, 27.589330101844297 ], [ 94.254167043261319, 27.61476772883584 ], [ 94.267408080293535, 27.62948696238908 ], [ 94.251457300359604, 27.637634823303404 ], [ 94.209174459623824, 27.60722558034152 ], [ 94.226307354199719, 27.598154124090222 ], [ 94.224951733553894, 27.574094621302496 ], [ 94.258699716707866, 27.55545808887365 ], [ 94.268153417874672, 27.520812244237145 ], [ 94.198940064982949, 27.494525472301454 ] ] ] } },
{ "type": "Feature", "properties": { "stname": "LADAKH", "num_caaqms": 0, "num_manual": 0 }, "geometry": { "type": "Polygon", "coordinates": [ [ [ 77.271399032663936, 32.872692425200775 ], [ 77.254271905272176, 32.863939733339777 ], [ 77.24299252202087, 32.892162980951831 ], [ 77.203236574805672, 32.906337416031519 ], [ 77.187972424854109, 32.928744357241804 ], [ 77.170444108958165, 32.910668560134226 ], [ 77.156413901948838, 32.911488973938056 ], [ 77.164539023556515, 32.93648146671854 ], [ 77.150516775620645, 32.978174569317176 ], [ 77.086524344921969, 32.972409856943599 ], [ 77.047387144698064, 32.99862180208239 ], [ 77.009488546977792, 32.988656146108191 ], [ 76.928688610363793, 33.03165495369263 ], [ 76.888919893596807, 33.117220702950185 ], [ 76.855067185745327, 33.11438434682762 ], [ 76.816695711266249, 33.160339111169684 ], [ 76.843170255651941, 33.246735542642782 ], [ 76.820063459333781, 33.235840260709956 ], [ 76.799151014591104, 33.256242528272949 ], [ 76.754313559223363, 33.248678663660797 ], [ 76.737050939835669, 33.261095620774775 ], [ 76.717746251279465, 33.328973192664684 ], [ 76.6710208309336, 33.341847729879881 ], [ 76.628964760009822, 33.434895000359603 ], [ 76.58184676330842, 33.425785852270685 ], [ 76.568666005028419, 33.465253368347881 ], [ 76.549637166638078, 33.464053232751105 ], [ 76.502625943691328, 33.515529663685889 ], [ 76.458426290378739, 33.534579618280567 ], [ 76.450715556221724, 33.562493554373873 ], [ 76.415203050084401, 33.539082349029414 ], [ 76.38028281489197, 33.552527331670717 ], [ 76.359270700271892, 33.603259272739308 ], [ 76.306513918344933, 33.609557257140942 ], [ 76.309780303210758, 33.571462241089613 ], [ 76.2255570882716, 33.547287544161229 ], [ 76.205494687841238, 33.567714558711572 ], [ 76.24033716126938, 33.604845867269901 ], [ 76.229371820956558, 33.62982521812534 ], [ 76.284645228660381, 33.66185332920486 ], [ 76.266343288133328, 33.679031886165966 ], [ 76.265471130891981, 33.746378728909683 ], [ 76.212579563044827, 33.761176968108366 ], [ 76.184164195911379, 33.800583424956507 ], [ 76.161378583239923, 33.801850086280645 ], [ 76.155401423308092, 33.847245154655312 ], [ 76.122964116289666, 33.889049550081452 ], [ 76.032568222198776, 33.919659041046074 ], [ 76.049535011092061, 33.932711318670734 ], [ 76.02435758995918, 33.982124794992146 ], [ 75.977738062120736, 33.971740023038478 ], [ 75.965686876920003, 33.954453579206167 ], [ 75.908538259416773, 33.968884823852953 ], [ 75.830653027116327, 33.95874405696798 ], [ 75.819625211670456, 33.972208655923474 ], [ 75.843061450746006, 34.004776820086448 ], [ 75.817815698362693, 34.007869097367937 ], [ 75.768523794843404, 34.054918835214984 ], [ 75.737032723737897, 34.058907692193614 ], [ 75.742544370401262, 34.073259267758182 ], [ 75.718803232338516, 34.103250842944099 ], [ 75.667948002408352, 34.144289387849952 ], [ 75.68528726336119, 34.199557952222008 ], [ 75.648119463989161, 34.212002519949891 ], [ 75.593363399650713, 34.197694109686402 ], [ 75.579933999378156, 34.213971060024768 ], [ 75.495358500218856, 34.232399560301445 ], [ 75.474854825761355, 34.277591315078666 ], [ 75.403497763818336, 34.284687782191284 ], [ 75.37596171080412, 34.34226920500555 ], [ 75.38570816843044, 34.366139974281282 ], [ 75.366974946735468, 34.391030077689528 ], [ 75.372335518327617, 34.412598004882874 ], [ 75.327539088120631, 34.439768425791499 ], [ 75.353182980126036, 34.469091202671571 ], [ 75.342916962092204, 34.488686857307549 ], [ 75.365567720571548, 34.538099619284928 ], [ 75.344163980911759, 34.56303035110912 ], [ 75.253367306151787, 34.604125232675933 ], [ 75.241503614622246, 34.637779127222856 ], [ 75.206025264228629, 34.64378461627922 ], [ 75.232067825862202, 34.690815811638558 ], [ 75.25826644642018, 34.697574237969484 ], [ 75.256250875755953, 34.773886583720589 ], [ 75.223244594701143, 34.817523678245522 ], [ 75.144234329406871, 34.850283759997012 ], [ 75.141970326057546, 34.874950998810831 ], [ 75.101301774955346, 34.919098223267156 ], [ 75.071644276735796, 34.919204073209279 ], [ 75.064117814891361, 34.905237445167039 ], [ 75.06403469018484, 34.847110969262154 ], [ 75.016343774046362, 34.848251173878531 ], [ 74.918599350114306, 34.785110647190393 ], [ 74.872153427094403, 34.830187123692255 ], [ 74.798460987059485, 34.852068084726682 ], [ 74.750170216398473, 34.844985370276014 ], [ 74.711452071271424, 34.880917716175048 ], [ 74.684151965258152, 34.878801102303051 ], [ 74.662527473600463, 34.906771105097725 ], [ 74.604228655902375, 34.924799213288601 ], [ 74.577011238912704, 34.913919074247012 ], [ 74.570532085128718, 34.97563068105525 ], [ 74.585093494711643, 35.0181215691482 ], [ 74.530730348088568, 35.046176246841618 ], [ 74.539797322728944, 35.074976735288153 ], [ 74.499441475177107, 35.115586258073549 ], [ 74.438739207749848, 35.130067549110301 ], [ 74.381976349287484, 35.067819745302934 ], [ 74.305231203948424, 35.067627359034454 ], [ 74.265173092217751, 35.0408571922666 ], [ 74.215142940621547, 35.093715367004677 ], [ 74.156105624216593, 35.090877321249557 ], [ 74.105860950438952, 35.125722498146928 ], [ 74.112272117027231, 35.148527134298163 ], [ 74.033813990442567, 35.146862275664027 ], [ 74.002828059089296, 35.183647824029393 ], [ 73.956844710948573, 35.168044983698103 ], [ 73.924549054775682, 35.203897025226773 ], [ 73.861189170089347, 35.207144145244314 ], [ 73.808327853907755, 35.239496406207046 ], [ 73.720233592695124, 35.214419895818708 ], [ 73.707984097208893, 35.222483590257312 ], [ 73.724975015749038, 35.273048513146946 ], [ 73.694842554882612, 35.318405774019233 ], [ 73.695438990417173, 35.369070275177286 ], [ 73.727023094646782, 35.418988669339754 ], [ 73.792038580689933, 35.454219665215668 ], [ 73.778504942606745, 35.522894258887824 ], [ 73.729614153929788, 35.529492533736175 ], [ 73.721255911421025, 35.549219524090333 ], [ 73.658838454689189, 35.547628563824802 ], [ 73.628388405233864, 35.569045232805031 ], [ 73.561597222961822, 35.546388671141905 ], [ 73.527924250032399, 35.567301883017024 ], [ 73.501505252074011, 35.55756944868083 ], [ 73.47736080638127, 35.571901673350617 ], [ 73.398123550289426, 35.557082802955009 ], [ 73.363482100058903, 35.59722367086232 ], [ 73.268677924035515, 35.624386074845468 ], [ 73.132915165040671, 35.710777313906938 ], [ 73.126500453700245, 35.776226829640763 ], [ 73.148664071970657, 35.831183367160449 ], [ 73.083882809959775, 35.877462646351944 ], [ 73.028824380781501, 35.847058073866023 ], [ 72.987077774083232, 35.859810613193915 ], [ 72.918442279566023, 35.839057315349635 ], [ 72.892447502017362, 35.844540859665997 ], [ 72.891126882429987, 35.873737395223799 ], [ 72.839317032610339, 35.867128354230495 ], [ 72.819157673418076, 35.881720315779752 ], [ 72.784288671841267, 35.841454371231301 ], [ 72.76143859696333, 35.832303948141984 ], [ 72.72657914357967, 35.853051953349798 ], [ 72.684383791566063, 35.822525159874644 ], [ 72.628139648196523, 35.857857932214358 ], [ 72.585100919166592, 35.85937260875928 ], [ 72.558235392934947, 35.897664743192088 ], [ 72.518473616551887, 35.90548266995134 ], [ 72.513077327045707, 35.938673016325254 ], [ 72.534886349730783, 35.950638523814092 ], [ 72.538672681279706, 35.985120108240942 ], [ 72.559963801847246, 35.986957113090405 ], [ 72.583525296616159, 36.017073965036374 ], [ 72.568759323575065, 36.044622777274739 ], [ 72.535740044796412, 36.047291272867504 ], [ 72.516680471446946, 36.0673348561374 ], [ 72.527615122614719, 36.110223234716194 ], [ 72.561704949768625, 36.139890004179819 ], [ 72.535776431955313, 36.175520294081373 ], [ 72.580716765084304, 36.252623084820485 ], [ 72.618868090335056, 36.269279637276455 ], [ 72.684833940948195, 36.243882596732142 ], [ 72.680560502428037, 36.271033863753672 ], [ 72.759177662259049, 36.298578630915088 ], [ 72.816081899377423, 36.356435615078723 ], [ 72.853666294259085, 36.366348794923283 ], [ 72.875544360558592, 36.394560738293649 ], [ 72.859669429875652, 36.435560495329185 ], [ 72.90814949532998, 36.460922109858757 ], [ 72.979358980241486, 36.457319995151082 ], [ 72.977913208267026, 36.51152501215342 ], [ 73.051945348023267, 36.532966366799947 ], [ 73.097166826886749, 36.605994290650671 ], [ 73.074105711697442, 36.628783866756159 ], [ 73.067645653401456, 36.700622562964789 ], [ 73.1164408200097, 36.68419542814302 ], [ 73.170671413026071, 36.72403081905923 ], [ 73.201396207719483, 36.695529223154757 ], [ 73.238014310901178, 36.711520655069414 ], [ 73.294119819069536, 36.704226663355172 ], [ 73.347831756281892, 36.716399609187441 ], [ 73.351575847249507, 36.735004085288317 ], [ 73.421442211572398, 36.742983287339854 ], [ 73.497632919413036, 36.713135595966911 ], [ 73.579301674230507, 36.722380699357593 ], [ 73.589994586060399, 36.69452375623635 ], [ 73.621581507406702, 36.690340119916158 ], [ 73.689269306248605, 36.687568781284298 ], [ 73.709853612587708, 36.712333346755713 ], [ 73.774783927562112, 36.70208962324449 ], [ 73.795551170418932, 36.718841695884919 ], [ 73.876708690414944, 36.704687177189612 ], [ 73.883357721907331, 36.745285017803091 ], [ 73.867988891275701, 36.766316942022975 ], [ 73.836986872892339, 36.795133836724638 ], [ 73.801513070669046, 36.794215120736212 ], [ 73.797573268242033, 36.818197917737614 ], [ 73.758835976423029, 36.8161548653583 ], [ 73.705509598825586, 36.837811560937247 ], [ 73.706187224095515, 36.857953285196949 ], [ 73.667007455405255, 36.880880696054625 ], [ 73.671093305032826, 36.911698335870248 ], [ 73.728725090394803, 36.897990253315207 ], [ 73.751322494336108, 36.909686513815124 ], [ 73.800719916663624, 36.88749587073481 ], [ 73.820442789849238, 36.90309102823813 ], [ 73.859261154622587, 36.897318610143635 ], [ 73.893020413430023, 36.875460526045487 ], [ 73.914902264331801, 36.88298262311887 ], [ 73.961499254338094, 36.839266719240918 ], [ 74.046521447958966, 36.810821760125499 ], [ 74.085516779944982, 36.841507319140447 ], [ 74.133459049191515, 36.847903451263981 ], [ 74.155750258775015, 36.910507679720098 ], [ 74.248970822631819, 36.893605663959711 ], [ 74.419869694558272, 36.994502338949161 ], [ 74.520310713649565, 36.995832011306483 ], [ 74.54255070578715, 36.961354833849882 ], [ 74.564101339758807, 36.957897250316272 ], [ 74.580418347562713, 37.021011852220468 ], [ 74.568121735439846, 37.051760009101379 ], [ 74.681170492762789, 37.086713809242433 ], [ 74.707390544428492, 37.087288350685078 ], [ 74.747136685634047, 37.020113590340848 ], [ 74.769054813201933, 37.041221919997923 ], [ 74.838901819728747, 37.035843453930546 ], [ 74.834785851386329, 37.005264269256365 ], [ 74.915579066805378, 36.920259475262483 ], [ 75.01567141290397, 36.990722949330326 ], [ 75.10915168330267, 36.96189897918466 ], [ 75.21095624977383, 37.050016805708616 ], [ 75.320783916185874, 37.064281104184005 ], [ 75.346573161892451, 37.052721038788164 ], [ 75.354427389339691, 36.988482856977278 ], [ 75.418447872628036, 36.972395899118595 ], [ 75.406920841819186, 36.908033447888513 ], [ 75.449818467975845, 36.888929102343319 ], [ 75.463266563087799, 36.8303132952678 ], [ 75.612724256268365, 36.775270246664071 ], [ 75.744423686399841, 36.607697649935965 ], [ 75.807021540112103, 36.563423690134044 ], [ 75.852432432346475, 36.558341235240192 ], [ 75.945038013153024, 36.511605774639555 ], [ 76.07115386312644, 36.484242322848253 ], [ 76.163953103640253, 36.4064516450902 ], [ 76.266501957561985, 36.358842962737768 ], [ 76.353927234399379, 36.369447234997764 ], [ 76.437499909172715, 36.310353424107632 ], [ 76.44850030713782, 36.272011678713405 ], [ 76.436783030219786, 36.257829467961258 ], [ 76.480981033327225, 36.219734621861434 ], [ 76.594093818072011, 36.17832092626292 ], [ 76.655923799065931, 36.192184191077899 ], [ 76.711116927926071, 36.140126699255248 ], [ 76.720091582704697, 36.09769526805637 ], [ 76.783750226393224, 36.071927935990736 ], [ 76.813687622587295, 36.040628778042027 ], [ 76.732136448257378, 35.954636101117217 ], [ 76.782994684848802, 35.905200338867758 ], [ 76.807480142701493, 35.849745566345838 ], [ 76.86114806066827, 35.835952568689351 ], [ 76.935612444586425, 35.789022384119868 ], [ 77.001003951034434, 35.775560105090612 ], [ 77.115659882435537, 35.798105130104027 ], [ 77.152190219315642, 35.768635208105124 ], [ 77.176355717925389, 35.768134603980172 ], [ 77.179679684800917, 35.730218487929633 ], [ 77.213013403573413, 35.73325194870484 ], [ 77.258344855990586, 35.704320183812492 ], [ 77.287437204301952, 35.722590536050689 ], [ 77.321067909700631, 35.70104810033542 ], [ 77.335549012592054, 35.719753890979753 ], [ 77.365866774342052, 35.715187188698145 ], [ 77.411556541369876, 35.656256623345776 ], [ 77.43793594698046, 35.656143670150911 ], [ 77.440126271408502, 35.602134106819918 ], [ 77.471880830963258, 35.584270189797827 ], [ 77.465222170429328, 35.550047420650017 ], [ 77.482763954766313, 35.529620724208804 ], [ 77.43052180239431, 35.513670478690187 ], [ 77.388658393149498, 35.539437397724541 ], [ 77.332044284020128, 35.53034607323098 ], [ 77.385239072801497, 35.473860326961727 ], [ 77.443663675300598, 35.459455842306234 ], [ 77.49613500856286, 35.477776726975712 ], [ 77.628623701197924, 35.465038548306147 ], [ 77.653095231570418, 35.481180090092295 ], [ 77.685158613055222, 35.466823935174965 ], [ 77.728771767098635, 35.477334482313623 ], [ 77.735865858118757, 35.521098265072723 ], [ 77.786318515240865, 35.487980226033109 ], [ 77.829240831593111, 35.505095511052957 ], [ 77.912077156429731, 35.4610900353467 ], [ 77.929315926445, 35.49030749980588 ], [ 77.985251899163032, 35.448302963675253 ], [ 77.939265835415171, 35.506909043335966 ], [ 77.967935586572452, 35.571765879800182 ], [ 77.95780845616639, 35.604867531724523 ], [ 78.001397102372223, 35.582369077266804 ], [ 78.055561400618956, 35.581787410097007 ], [ 78.084351699399164, 35.552018627274236 ], [ 78.136765750689023, 35.536568397300016 ], [ 78.164912067004977, 35.551736130231639 ], [ 78.169825086244515, 35.624998212263172 ], [ 78.197437519414052, 35.622838509188135 ], [ 78.212048859157093, 35.665999576329426 ], [ 78.265611506250679, 35.647419330187532 ], [ 78.284507064297259, 35.664490218181719 ], [ 78.276950293295116, 35.718374140323917 ], [ 78.403863661289577, 35.735849329997059 ], [ 78.442671578656189, 35.783642771194984 ], [ 78.534164020163274, 35.762512781701673 ], [ 78.646430642216075, 35.821067133635921 ], [ 78.673311063413465, 35.854203537093838 ], [ 78.786220270151901, 35.868878342091584 ], [ 78.839070855957473, 35.856116086265736 ], [ 78.925121106742282, 35.867510213257141 ], [ 78.96920489714617, 35.890168999248665 ], [ 79.032247716063083, 35.847717221947462 ], [ 79.164672528599937, 35.838186198671309 ], [ 79.212759834442394, 35.877865569083639 ], [ 79.204494950247849, 35.92770244576851 ], [ 79.230898839441522, 35.972164187241439 ], [ 79.358031111599331, 35.991732786975739 ], [ 79.410353455678461, 35.985977349735023 ], [ 79.440199813008377, 35.894083357837879 ], [ 79.536227970555856, 35.879638630974881 ], [ 79.751090590116505, 35.796918989757593 ], [ 79.898959481563082, 35.775108640750339 ], [ 79.967695546967946, 35.825181180746014 ], [ 80.015692352935361, 35.826163578636418 ], [ 80.128896516107517, 35.656732827879303 ], [ 80.213082085348049, 35.638657266796052 ], [ 80.311711972367462, 35.587956127344711 ], [ 80.314628360123891, 35.536076175932976 ], [ 80.345083611723069, 35.461172181748502 ], [ 80.298484673270892, 35.416988317241085 ], [ 80.29747554899987, 35.352868378279773 ], [ 80.242657023901387, 35.208015509769368 ], [ 80.185032569690463, 35.130628278047631 ], [ 80.186895094379764, 35.00799859420318 ], [ 80.127235161939581, 34.872549273251821 ], [ 80.074995163727607, 34.805417883210971 ], [ 80.06531123603159, 34.692857746061257 ], [ 79.944662496046419, 34.660900859169466 ], [ 79.878259653675087, 34.674859005293264 ], [ 79.776604263236621, 34.610383780786862 ], [ 79.794375653366998, 34.580540603832752 ], [ 79.769775875012925, 34.537777808090219 ], [ 79.821044804284256, 34.514455480262967 ], [ 79.816103835761325, 34.483093383690864 ], [ 79.791438731021501, 34.466753603059757 ], [ 79.598392754554482, 34.486758983702067 ], [ 79.52215475580401, 34.463621850759999 ], [ 79.531628789438955, 34.408754159020525 ], [ 79.568936974828617, 34.400589780062028 ], [ 79.568511095230548, 34.320196714991553 ], [ 79.596961809273779, 34.278003937849242 ], [ 79.592138725767256, 34.235820117137038 ], [ 79.540058343808198, 34.191307321756128 ], [ 79.513141847167347, 34.200937835735502 ], [ 79.49368608443821, 34.184680746163949 ], [ 79.495954241597403, 34.124448995971484 ], [ 79.421113121317134, 34.075939795772115 ], [ 79.4145291808519, 34.041713280122416 ], [ 79.437449969312411, 34.01264765836661 ], [ 79.415505660345531, 33.999005971692903 ], [ 79.373667696779478, 34.026754124665779 ], [ 79.282943755913124, 34.027606743233761 ], [ 79.17292876740818, 34.058291511296687 ], [ 79.148007508963403, 34.055069435138819 ], [ 79.138230495142722, 34.017515961694194 ], [ 79.112650905443644, 34.008944572283632 ], [ 79.001148941038778, 34.033608225299623 ], [ 78.953209326313882, 34.013131250019008 ], [ 78.918317097897074, 33.963921796198512 ], [ 79.013185926569804, 33.78293562615999 ], [ 79.060454501574085, 33.775834726871587 ], [ 79.016106142047633, 33.702263923952493 ], [ 79.04631867873853, 33.67383453875162 ], [ 79.077995772074743, 33.686081918316127 ], [ 79.100150613804857, 33.616324028289114 ], [ 78.902860435386884, 33.622011201756749 ], [ 78.914524617380067, 33.606006327751125 ], [ 78.906259814033916, 33.573709545862727 ], [ 78.94377379087878, 33.526069091303007 ], [ 78.927077973401026, 33.454288014747632 ], [ 78.978421967694089, 33.336409652110547 ], [ 79.107691331014536, 33.289112026915504 ], [ 79.223682868596924, 33.296284632752581 ], [ 79.446112571819157, 33.257734695223782 ], [ 79.443044611324879, 33.200360785211203 ], [ 79.373216987746929, 33.10637983923688 ], [ 79.380322632898242, 33.027669841188086 ], [ 79.324903122298267, 33.012241536752668 ], [ 79.44606442032331, 32.911810750646779 ], [ 79.557076719355024, 32.767718214721249 ], [ 79.588146231758941, 32.766059452940397 ], [ 79.611860847062957, 32.735036056685779 ], [ 79.429290131412216, 32.523530820719621 ], [ 79.38453336990986, 32.522797682289607 ], [ 79.372990372445145, 32.560482436943957 ], [ 79.305255536018322, 32.585823290131565 ], [ 79.259751377097871, 32.522654213321744 ], [ 79.182086273364547, 32.473757322062724 ], [ 79.125044968605152, 32.4650226538323 ], [ 79.13516531673082, 32.432298560955303 ], [ 79.093679832319324, 32.377134380253644 ], [ 79.045408418556065, 32.387406392699972 ], [ 79.00354542163798, 32.374881020850083 ], [ 78.97118501669604, 32.335693588308082 ], [ 78.806701784967998, 32.444248134037323 ], [ 78.759157784700946, 32.567789261285093 ], [ 78.78236340019194, 32.595810528267414 ], [ 78.743339820681783, 32.654977708300436 ], [ 78.750696552141548, 32.692763032996538 ], [ 78.70871136098863, 32.656133740701456 ], [ 78.648369580298365, 32.643857707259627 ], [ 78.605259207031253, 32.591090244909445 ], [ 78.565513803342554, 32.614845958682288 ], [ 78.451282823579859, 32.577598553253289 ], [ 78.320825718570561, 32.444029389114142 ], [ 78.284729704553925, 32.468536645971284 ], [ 78.313932807054968, 32.566277957262329 ], [ 78.409660879686825, 32.62313303696002 ], [ 78.381532843188566, 32.653783047879472 ], [ 78.400747271719979, 32.694561077992617 ], [ 78.388002659883441, 32.756691330942097 ], [ 78.312850450325328, 32.739779036142053 ], [ 78.306014981580546, 32.707119712099214 ], [ 78.260537461301553, 32.702898356954591 ], [ 78.245900902255258, 32.671602890255308 ], [ 78.142382276560141, 32.681827421367622 ], [ 78.147194582978216, 32.653963306862458 ], [ 78.110488477238036, 32.662769985772314 ], [ 78.086663031387516, 32.624351389829073 ], [ 78.046948076993701, 32.644631210061625 ], [ 78.016778633385314, 32.619405640216044 ], [ 77.918619586643985, 32.6905409408173 ], [ 77.934387863048158, 32.725859291005357 ], [ 77.925868434929654, 32.771655037839714 ], [ 77.884052463918394, 32.787718101958539 ], [ 77.869193305937941, 32.827026594847844 ], [ 77.784622304643293, 32.861490961205917 ], [ 77.784257334414704, 32.883124432246689 ], [ 77.810630973739507, 32.907026068957421 ], [ 77.713149495674244, 32.982463167793711 ], [ 77.682491875201123, 32.988802042254001 ], [ 77.673355394313987, 32.960858355853119 ], [ 77.60310938129075, 32.942931649693179 ], [ 77.538472765108608, 32.886083868838405 ], [ 77.5014863221177, 32.885579676084873 ], [ 77.469200277020065, 32.858677428678547 ], [ 77.444810459202415, 32.879896976723927 ], [ 77.404503469222263, 32.882744489680213 ], [ 77.360186427661588, 32.81758602266359 ], [ 77.338567750798703, 32.816909919037585 ], [ 77.323363746648667, 32.850411867230292 ], [ 77.271399032663936, 32.872692425200775 ] ] ] } },
{ "type": "Feature", "properties": { "stname": "CHHATTISGARH", "num_caaqms": 14, "num_manual": 17 }, "geometry": { "type": "Polygon", "coordinates": [ [ [ 81.894306961300416, 18.657808988614132 ], [ 81.894507471560004, 18.630014375643295 ], [ 81.963420691925421, 18.590028489338565 ], [ 81.950193128724152, 18.569970034681454 ], [ 81.91069073369286, 18.57063481320537 ], [ 81.908807723821823, 18.538033145944077 ], [ 81.868247752986306, 18.524921001194603 ], [ 81.856205137713417, 18.49140102139199 ], [ 81.768874298066876, 18.41709070793755 ], [ 81.750057544728605, 18.352749966652176 ], [ 81.659140454398084, 18.346560835807217 ], [ 81.649663667426807, 18.336904796716709 ], [ 81.661897646313122, 18.321227257417554 ], [ 81.598885461744032, 18.309482723640201 ], [ 81.525239302912553, 18.257708123956398 ], [ 81.507151269220969, 18.185514917217951 ], [ 81.52564770668512, 18.152588831232592 ], [ 81.512855167033237, 18.0986877339225 ], [ 81.480405601604417, 18.050741363037851 ], [ 81.482949968255582, 17.976815096265366 ], [ 81.449114191850583, 17.931934675719432 ], [ 81.44392224481706, 17.885054844917764 ], [ 81.398703595646737, 17.890711247943109 ], [ 81.392571793433703, 17.794163222124073 ], [ 81.354332791712906, 17.812190483604326 ], [ 81.263844304672446, 17.810284339028811 ], [ 81.166233478189426, 17.857528126581386 ], [ 81.07326267382939, 17.786454263962156 ], [ 81.046616528766521, 17.782307305686725 ], [ 81.008219034585238, 17.799366257805559 ], [ 80.998340184150663, 17.916786517317124 ], [ 80.949257224274888, 18.082861606990068 ], [ 80.979027547300802, 18.175411261578699 ], [ 80.914170171934217, 18.141170465170763 ], [ 80.866669554007203, 18.136923397100407 ], [ 80.852911995568078, 18.202001142094804 ], [ 80.872607953431128, 18.21057653625741 ], [ 80.865937312964604, 18.230127864985182 ], [ 80.837140683756587, 18.23880244267658 ], [ 80.823591928823802, 18.236075330604116 ], [ 80.824068282961093, 18.19103633938904 ], [ 80.79911333230325, 18.168169758102181 ], [ 80.744965410344179, 18.170327356331075 ], [ 80.737202307101043, 18.22209291557531 ], [ 80.794151834581115, 18.259628719775531 ], [ 80.748723736914101, 18.308924729582781 ], [ 80.719667565555866, 18.391125162192129 ], [ 80.73487357474562, 18.412840512811258 ], [ 80.698952833719005, 18.421430396987475 ], [ 80.704214193574558, 18.441614479766386 ], [ 80.656463051684469, 18.474809091613984 ], [ 80.637569207623457, 18.522529296422537 ], [ 80.534508095699181, 18.588353214267446 ], [ 80.514660737574758, 18.619332499776668 ], [ 80.456123500712067, 18.629358078382356 ], [ 80.388452401551305, 18.596656642808355 ], [ 80.375159159824676, 18.61065621239085 ], [ 80.346303566998031, 18.595281793185993 ], [ 80.300716227675508, 18.692141880315933 ], [ 80.24475053509461, 18.756607444270703 ], [ 80.352741437804767, 18.81898455513225 ], [ 80.335244811777116, 18.868647891870449 ], [ 80.270250561907289, 18.93987589389635 ], [ 80.272977374596024, 18.991435520918131 ], [ 80.303126811824711, 19.022163320585882 ], [ 80.29733916407848, 19.049005895929362 ], [ 80.329458716319706, 19.06990790559815 ], [ 80.333596866761425, 19.14606598537382 ], [ 80.3943442323109, 19.188958448043113 ], [ 80.383934111030797, 19.215022187758649 ], [ 80.393590002306766, 19.245009633119672 ], [ 80.446025642807868, 19.264170938352787 ], [ 80.482497955707146, 19.338135833408732 ], [ 80.520330941377367, 19.347769551835714 ], [ 80.573073722162334, 19.402460035841692 ], [ 80.612543453551581, 19.309518027060498 ], [ 80.679896851834044, 19.330332050069956 ], [ 80.689699210722168, 19.286975190127293 ], [ 80.755292291035119, 19.28908171459517 ], [ 80.852852651962095, 19.363899946868418 ], [ 80.817330602123178, 19.383906794269173 ], [ 80.795849833724404, 19.432264824256784 ], [ 80.873358588377485, 19.444898453964807 ], [ 80.897684317687805, 19.480448720726439 ], [ 80.894759130933181, 19.519820108761849 ], [ 80.856557270956131, 19.522748936626453 ], [ 80.834777506399874, 19.566743606850217 ], [ 80.775108878267787, 19.562511917322347 ], [ 80.76942828365226, 19.586669707642464 ], [ 80.740845934080554, 19.606230874346956 ], [ 80.665332097823324, 19.611879170398549 ], [ 80.67221626244303, 19.700715941107859 ], [ 80.552607005293922, 19.765560511115027 ], [ 80.546203726812124, 19.818321544702993 ], [ 80.480581283267483, 19.827505788592791 ], [ 80.468877681403029, 19.810446720779371 ], [ 80.48496794095449, 19.802477227232274 ], [ 80.487972042011862, 19.770283958155346 ], [ 80.464258327718099, 19.795775051042202 ], [ 80.401698216722508, 19.796200724366152 ], [ 80.401624258425144, 19.817037981037121 ], [ 80.440721101834939, 19.810333799969939 ], [ 80.505824509588166, 19.870649756918752 ], [ 80.49250555538319, 19.901395840701937 ], [ 80.4138830658476, 19.907451131031188 ], [ 80.411252759169827, 19.938493863184426 ], [ 80.451672278410683, 19.957295080970951 ], [ 80.489102678696455, 19.93053166388081 ], [ 80.529894436434844, 19.939467324177944 ], [ 80.549600503039755, 19.985971461914602 ], [ 80.55679217086265, 20.072798122060355 ], [ 80.544002955875669, 20.095637393135004 ], [ 80.552072475360504, 20.117961539136331 ], [ 80.505594504044552, 20.144439184937248 ], [ 80.460146745849187, 20.150938195773101 ], [ 80.433378481111689, 20.135330315351592 ], [ 80.401817652231102, 20.147244315885246 ], [ 80.388538323611584, 20.165198980262144 ], [ 80.422051256283254, 20.206799019654838 ], [ 80.395259465566767, 20.245009003627128 ], [ 80.479132017744888, 20.278296627605183 ], [ 80.518946141654524, 20.266329567697536 ], [ 80.549575931421785, 20.308957888376295 ], [ 80.626352106367406, 20.332626416135412 ], [ 80.591481510280985, 20.393070756006974 ], [ 80.613771257407194, 20.436024237183762 ], [ 80.602451937753244, 20.451193608158452 ], [ 80.626585011672788, 20.563812392241477 ], [ 80.617348259037001, 20.585752409658511 ], [ 80.631717677084126, 20.598501793825946 ], [ 80.580767405396898, 20.608364462056212 ], [ 80.521541987161356, 20.580446907924092 ], [ 80.504413835690201, 20.583353382882468 ], [ 80.494149460675018, 20.612504166365738 ], [ 80.507612144427185, 20.64695799432857 ], [ 80.587492796383373, 20.686036465799418 ], [ 80.565224794775261, 20.710630124036065 ], [ 80.551677757421317, 20.764413944765906 ], [ 80.561711685820015, 20.825873874271092 ], [ 80.546057842206622, 20.935013081851672 ], [ 80.463695870959143, 20.929198561376012 ], [ 80.443820215004962, 20.993291019670156 ], [ 80.424800939180827, 21.007251549932494 ], [ 80.452446740271611, 21.038325133874693 ], [ 80.439147247168947, 21.096560303923752 ], [ 80.458194060848115, 21.113870809031532 ], [ 80.444712462169349, 21.12196057541216 ], [ 80.464261272395575, 21.175027647706791 ], [ 80.612665099814095, 21.225961037212794 ], [ 80.679567840267978, 21.298836964369524 ], [ 80.660045163829977, 21.334084086682314 ], [ 80.737753563665052, 21.473124204830722 ], [ 80.727599809888915, 21.496197469777542 ], [ 80.740781559010657, 21.539225949004909 ], [ 80.720190159574102, 21.554811851600167 ], [ 80.728751451879774, 21.573339600334521 ], [ 80.715437201253593, 21.584514754736151 ], [ 80.731638838425539, 21.626049990617688 ], [ 80.714583543917172, 21.661259284085965 ], [ 80.734136530411178, 21.694506808811422 ], [ 80.725676040758501, 21.712135094773753 ], [ 80.755991537855635, 21.762064987341741 ], [ 80.785432636414797, 21.740307930912834 ], [ 80.819739163266348, 21.748023191834001 ], [ 80.853309350062659, 21.872571188240926 ], [ 80.831996005174958, 21.890676959619999 ], [ 80.847651762199902, 21.932884095092465 ], [ 80.826017718755764, 21.957634835260162 ], [ 80.852673028431141, 21.957307403638438 ], [ 80.907934149876837, 22.109572978611126 ], [ 80.946923332894755, 22.118419672288187 ], [ 80.971203212192975, 22.084008311068967 ], [ 80.970041918702705, 22.057408309388808 ], [ 80.993950171256074, 22.04930085479797 ], [ 81.006204844631583, 22.063207377826394 ], [ 81.011333423606686, 22.095469615933009 ], [ 80.978143322990249, 22.120105166748306 ], [ 81.02191295996289, 22.132729033288346 ], [ 81.016812552155073, 22.185971687415133 ], [ 81.031639805569895, 22.199653524682958 ], [ 81.019385280416415, 22.220994860610546 ], [ 81.050061415167534, 22.244550512165706 ], [ 81.078724611318222, 22.238853715405799 ], [ 81.118431916557384, 22.290474784600541 ], [ 81.110921313570969, 22.437235799309114 ], [ 81.155115251801732, 22.454914619160252 ], [ 81.172692306691744, 22.487908500866496 ], [ 81.197925833004007, 22.489260027238881 ], [ 81.199461722171151, 22.463033123142246 ], [ 81.232190933147905, 22.45215502478899 ], [ 81.281269285564619, 22.502954187410968 ], [ 81.313728027284085, 22.482921197267579 ], [ 81.326526697039455, 22.526144135812221 ], [ 81.382055290962668, 22.509818348342648 ], [ 81.390637808661864, 22.451058592077036 ], [ 81.406704431741588, 22.440951000223336 ], [ 81.428699412876995, 22.456888538722161 ], [ 81.427838641781861, 22.47981280625455 ], [ 81.447367812141039, 22.465875592971663 ], [ 81.458927355674973, 22.469292522897693 ], [ 81.446616816071923, 22.469763569102241 ], [ 81.442606206637606, 22.494350862701118 ], [ 81.484710140698027, 22.487830130693439 ], [ 81.522230544090419, 22.539012482756736 ], [ 81.547201350911322, 22.527503479166487 ], [ 81.567203977442688, 22.533106275370976 ], [ 81.569549413970819, 22.550729951589027 ], [ 81.621942504870162, 22.538015470801287 ], [ 81.629025234896886, 22.563359328233748 ], [ 81.660043520871739, 22.569920555405833 ], [ 81.647254469378097, 22.613264202763464 ], [ 81.683315397894702, 22.646906605633685 ], [ 81.713140251353323, 22.648089414990242 ], [ 81.740287252102846, 22.674959772985158 ], [ 81.752627837657201, 22.644486516607849 ], [ 81.772505565126394, 22.668582458361737 ], [ 81.753592777392683, 22.728515938721443 ], [ 81.794391697398822, 22.766459904671937 ], [ 81.762302676199155, 22.830711308878566 ], [ 81.775683079661178, 22.874436760050724 ], [ 81.861626625861604, 22.889261002336834 ], [ 81.866113988285207, 22.915810572407501 ], [ 81.879423405975146, 22.910877736608505 ], [ 81.946307619574611, 22.956778674829664 ], [ 81.950481433133135, 22.982926930717955 ], [ 81.921501794643831, 23.040814008605569 ], [ 81.942251155636598, 23.078964984651794 ], [ 82.034188618043871, 23.080047387599603 ], [ 82.072909308996387, 23.118305621353393 ], [ 82.122249463724529, 23.103801449818768 ], [ 82.161359794439988, 23.143114777781108 ], [ 82.160919051317208, 23.162052210087602 ], [ 82.144352424153709, 23.165648139219687 ], [ 82.145274496283832, 23.22671531265442 ], [ 82.192955191391007, 23.277134450738458 ], [ 82.194450391367369, 23.323012587182735 ], [ 82.14461855364992, 23.361572866860108 ], [ 82.117929718848131, 23.354869024597278 ], [ 82.103412560276126, 23.398235700139587 ], [ 82.064062444058521, 23.392938229889293 ], [ 82.055128203586222, 23.377045757598115 ], [ 82.022549334655423, 23.386414893202346 ], [ 82.025475336181984, 23.42488110062763 ], [ 81.984797521652567, 23.415145270666979 ], [ 81.980419006295293, 23.446787610590761 ], [ 81.954992603606698, 23.467170366609658 ], [ 81.957908250253013, 23.500519346165685 ], [ 81.923286177581502, 23.53265940513252 ], [ 81.836996877014741, 23.510833606015584 ], [ 81.820302288432302, 23.515896525262022 ], [ 81.809554399707039, 23.548989344762504 ], [ 81.758261879778033, 23.549871443102599 ], [ 81.747376591035106, 23.569670060388393 ], [ 81.699399887567097, 23.521962731267266 ], [ 81.658911359746099, 23.528997248281811 ], [ 81.657953525684519, 23.504668612877925 ], [ 81.636893884795995, 23.490232115821644 ], [ 81.611991142425865, 23.510684258331555 ], [ 81.610035996040892, 23.555643382129393 ], [ 81.584021190552988, 23.553575996660509 ], [ 81.576684543626385, 23.585344486667367 ], [ 81.611768123978479, 23.5959255377911 ], [ 81.615315061690694, 23.662985643221347 ], [ 81.65517241702338, 23.663136326662418 ], [ 81.655549324065447, 23.682016203337653 ], [ 81.68407813404626, 23.690919603384614 ], [ 81.695909319138948, 23.721320124855858 ], [ 81.681296864586656, 23.753811709893956 ], [ 81.644661749110128, 23.77012610288887 ], [ 81.651446678637015, 23.799055304334058 ], [ 81.635835980208384, 23.834513062186815 ], [ 81.614160582820176, 23.833960517833415 ], [ 81.603181820778659, 23.853710106270313 ], [ 81.622207071297751, 23.870238577276492 ], [ 81.60423501999081, 23.881751794938644 ], [ 81.609017613732519, 23.903204824401694 ], [ 81.668582290616598, 23.924962302117788 ], [ 81.690437003413649, 23.884763136023349 ], [ 81.706375223103251, 23.88354405932645 ], [ 81.70749063873366, 23.861132461249742 ], [ 81.731977751283111, 23.856677881404494 ], [ 81.724931611434556, 23.84037913085643 ], [ 81.79111850689641, 23.809346809867748 ], [ 81.888157512581927, 23.835548187839116 ], [ 81.928931050689727, 23.87072045328371 ], [ 81.957799330423143, 23.852284048028363 ], [ 82.009203670842069, 23.860763196349794 ], [ 82.043627423346592, 23.842026704011023 ], [ 82.038415951430352, 23.826840529106903 ], [ 82.053581007324638, 23.818375169253326 ], [ 82.171462409821942, 23.81824009797857 ], [ 82.211858268336528, 23.851932327683134 ], [ 82.206312464132779, 23.827411160896929 ], [ 82.231813186241482, 23.805314230724374 ], [ 82.262210623167263, 23.821038556667233 ], [ 82.393480230096543, 23.799900745180725 ], [ 82.469258058757887, 23.811059713326504 ], [ 82.497403568386702, 23.784900924384143 ], [ 82.523397609316845, 23.783677384651316 ], [ 82.551474545150143, 23.790641035600085 ], [ 82.533074381033316, 23.822146916134024 ], [ 82.588619724044989, 23.821438483819367 ], [ 82.660794803563846, 23.855450441198176 ], [ 82.668447767963244, 23.871790800963101 ], [ 82.651058378322617, 23.889477901376583 ], [ 82.661590144068612, 23.907641836384791 ], [ 82.703506353590853, 23.924487397619977 ], [ 82.752383789709441, 23.919789756637247 ], [ 82.801293863418891, 23.960971262787663 ], [ 82.836986821333866, 23.956804337124005 ], [ 82.947879410870797, 23.871422313991065 ], [ 83.081889006977434, 23.870459634969155 ], [ 83.141483002177438, 23.884919681242614 ], [ 83.159018561189512, 23.907003643648427 ], [ 83.207918577361028, 23.921394823005357 ], [ 83.223959778118186, 23.98697160612145 ], [ 83.242585730188466, 24.011585716349806 ], [ 83.279109770776756, 24.018274687040115 ], [ 83.282112538734239, 24.049734209312987 ], [ 83.321451224788177, 24.106016878779396 ], [ 83.388289112268438, 24.099961525838992 ], [ 83.406644175568104, 24.080444209647702 ], [ 83.432247361314737, 24.085980822323847 ], [ 83.452889408665342, 24.041990407272635 ], [ 83.516165146362354, 24.026726028347252 ], [ 83.515666347817699, 23.979597068022223 ], [ 83.547390205650984, 23.937544848287249 ], [ 83.553444140098577, 23.898068175925317 ], [ 83.585376820302798, 23.887088898122883 ], [ 83.571190053109149, 23.862135442338133 ], [ 83.659494132026083, 23.849263455292476 ], [ 83.664779622426792, 23.82748128562752 ], [ 83.705347033109462, 23.82075731383954 ], [ 83.746067965874232, 23.719494894752177 ], [ 83.723604883424088, 23.683877508706175 ], [ 83.761582148410412, 23.650750862383898 ], [ 83.751919287106119, 23.638665550972352 ], [ 83.772481743722551, 23.610898298830307 ], [ 83.806976832342116, 23.587547228313245 ], [ 83.937693776843972, 23.568992070331294 ], [ 83.931906129996079, 23.620413473196244 ], [ 84.016383188173293, 23.633818800338357 ], [ 84.028056037112307, 23.545601910847488 ], [ 84.014736795446424, 23.503733190191141 ], [ 83.97379103502729, 23.459341786226801 ], [ 83.986098690139954, 23.430087217960033 ], [ 83.967002408933027, 23.387584528882297 ], [ 84.005711113664745, 23.353870718020087 ], [ 84.023861538047754, 23.376503266373614 ], [ 84.050122314836869, 23.374889517861604 ], [ 84.074820534173014, 23.333121687801412 ], [ 84.053734192659306, 23.247298898986333 ], [ 84.063252718053619, 23.20623091215564 ], [ 84.032394260334144, 23.160484848951878 ], [ 84.037469006867482, 23.139878619328396 ], [ 84.066403300197877, 23.110667936590712 ], [ 84.093170955877625, 23.112781396179056 ], [ 84.133460488896873, 23.083089703633288 ], [ 84.125549542720904, 23.036478171834844 ], [ 84.14924842223607, 22.965673887245128 ], [ 84.174319009427151, 22.974005392619226 ], [ 84.185801801801531, 23.02709172088402 ], [ 84.21870981704572, 22.979289191361516 ], [ 84.252292965633274, 22.972803893387542 ], [ 84.277021798655966, 22.993391898902402 ], [ 84.284158245241727, 22.963390550248484 ], [ 84.328106881416176, 22.98190075528019 ], [ 84.372895525924633, 22.978375871310444 ], [ 84.39485288741254, 22.923151523700113 ], [ 84.376273712415795, 22.907576541605774 ], [ 84.372600751848978, 22.86532229976844 ], [ 84.32421926841225, 22.850942300967709 ], [ 84.315098033732113, 22.800652883861339 ], [ 84.28935948265196, 22.766117145678471 ], [ 84.259645410332453, 22.766987235925406 ], [ 84.232644136084971, 22.741778064090486 ], [ 84.238211714552875, 22.691734028372977 ], [ 84.224121422827508, 22.669887393606427 ], [ 84.150666829730369, 22.636464941292516 ], [ 84.084016210444119, 22.638116449291513 ], [ 84.054818266967743, 22.598876040304194 ], [ 84.009505409676962, 22.573048561136062 ], [ 84.012200613345811, 22.527372977859375 ], [ 83.974815998393439, 22.511574338597057 ], [ 84.047247162446951, 22.469220904342755 ], [ 84.046766545803635, 22.437533188227079 ], [ 84.010292260203997, 22.371584391998184 ], [ 83.923283797166832, 22.358410177701032 ], [ 83.891204070835428, 22.336715341927984 ], [ 83.864263887417167, 22.343275411150593 ], [ 83.757750833723648, 22.240339453083099 ], [ 83.703945600180802, 22.246714615816554 ], [ 83.649512783817585, 22.22334037837496 ], [ 83.564348928571377, 22.105995024617012 ], [ 83.606424230628733, 22.06658766331444 ], [ 83.585429606207214, 22.048799198409629 ], [ 83.543056885434012, 22.05593915858406 ], [ 83.536807878229212, 22.027584228064885 ], [ 83.55615170907727, 22.007817512303099 ], [ 83.537806352972567, 21.96938232635625 ], [ 83.561691526907978, 21.948009027357006 ], [ 83.556720780131698, 21.935345078312203 ], [ 83.605588420122089, 21.914783753216597 ], [ 83.57421659587898, 21.875103838025918 ], [ 83.590887542599773, 21.851101342885972 ], [ 83.576913090426871, 21.83129954175762 ], [ 83.532707124652774, 21.831758611162023 ], [ 83.540426143073304, 21.79905222686947 ], [ 83.492906071230507, 21.81836635480326 ], [ 83.469355388584404, 21.787269147916753 ], [ 83.489357786045375, 21.745906922631399 ], [ 83.459297332335467, 21.698490412034925 ], [ 83.431646529425151, 21.699905174288816 ], [ 83.41869341232298, 21.68065386696917 ], [ 83.489612002084243, 21.631464725304888 ], [ 83.456107750731491, 21.609996053410509 ], [ 83.442387258577611, 21.655338512344219 ], [ 83.382684825943045, 21.62012985540175 ], [ 83.365111151413458, 21.576236414250626 ], [ 83.372910955327541, 21.55785453472566 ], [ 83.337882561178276, 21.502100216710371 ], [ 83.354371492154513, 21.448070517249121 ], [ 83.398927067864165, 21.405342658043921 ], [ 83.406880230366895, 21.351625843139228 ], [ 83.378288276906474, 21.344796257254295 ], [ 83.28355591580015, 21.38045202304869 ], [ 83.268728360551393, 21.378589904844269 ], [ 83.257344162771062, 21.320499443172839 ], [ 83.279269429250519, 21.294955716197137 ], [ 83.271624282889007, 21.273675786895666 ], [ 83.250257330138425, 21.282320025612243 ], [ 83.222954187819496, 21.265769106415878 ], [ 83.198103822620297, 21.145443394677006 ], [ 83.166914707621132, 21.138788177348541 ], [ 83.131491748246276, 21.105814831866581 ], [ 83.077813088225298, 21.111949755196036 ], [ 83.015997058067754, 21.146306639063312 ], [ 82.990322240660376, 21.139859464738564 ], [ 83.003764307178443, 21.166930463223114 ], [ 82.981175397706409, 21.169761654878183 ], [ 82.988800121768222, 21.182636731236794 ], [ 82.965559010247134, 21.175331124043989 ], [ 82.964934396358728, 21.193274945619539 ], [ 82.944227479864821, 21.178409214605406 ], [ 82.947683306847665, 21.161778411064748 ], [ 82.902621995802733, 21.166996875029124 ], [ 82.882971972393406, 21.148529928674265 ], [ 82.850409904653361, 21.16857891107324 ], [ 82.794253177242425, 21.142679077263043 ], [ 82.755906841218234, 21.166434290410393 ], [ 82.640610128948566, 21.154874042766533 ], [ 82.649905594573013, 21.106467732845047 ], [ 82.611983258871348, 21.074693602327308 ], [ 82.628791764611577, 21.03803584282748 ], [ 82.559147907594706, 20.947937533946511 ], [ 82.487700243368764, 20.908001835714821 ], [ 82.48668141100444, 20.861646425840949 ], [ 82.464485441705691, 20.828995984793107 ], [ 82.420314116765567, 20.831463738954106 ], [ 82.405448222318796, 20.870187684086918 ], [ 82.364608311287924, 20.870671890397983 ], [ 82.351192657035853, 20.889740414899236 ], [ 82.341688626856936, 20.768051050216719 ], [ 82.376497478140621, 20.632410243618619 ], [ 82.332234445989783, 20.561906501192478 ], [ 82.357144969566903, 20.529790721282708 ], [ 82.389699013554846, 20.517603215257076 ], [ 82.394942770024102, 20.461251368863223 ], [ 82.41763350443189, 20.481742386397563 ], [ 82.437874382142908, 20.434142748988698 ], [ 82.400379051628391, 20.341581056284848 ], [ 82.437811131763752, 20.294407653420716 ], [ 82.412341512025151, 20.267042314118445 ], [ 82.42080828539325, 20.205820572159574 ], [ 82.386132840217428, 20.14756319213858 ], [ 82.398291942728193, 20.058178874291656 ], [ 82.509112474802947, 20.018162851874891 ], [ 82.550108644184235, 20.017772518731022 ], [ 82.595732543142162, 19.991570645820715 ], [ 82.641506635924017, 20.00671328572356 ], [ 82.715446879823318, 19.995926707361736 ], [ 82.707408202197115, 19.902040928193991 ], [ 82.724584457553419, 19.875537677649891 ], [ 82.705552404092685, 19.833023106264655 ], [ 82.652159163091994, 19.832165857806679 ], [ 82.627127477444262, 19.793657974140935 ], [ 82.591812834231433, 19.775862726963304 ], [ 82.575787954066371, 19.833394533753534 ], [ 82.597127112942061, 19.872692914346629 ], [ 82.531418866813056, 19.878238864145374 ], [ 82.501797850075533, 19.902314931988943 ], [ 82.444572063696128, 19.909909500196093 ], [ 82.360685513969244, 19.862509852899983 ], [ 82.344242980977427, 19.835017253620578 ], [ 82.303527223407045, 19.88884228621291 ], [ 82.269169458448303, 19.975261213640064 ], [ 82.237123513263143, 20.003327553110573 ], [ 82.184253714290321, 19.984189723324281 ], [ 82.171557320424981, 20.005151674160473 ], [ 82.127342686806685, 20.014532039140907 ], [ 82.070469354429008, 20.056947942365948 ], [ 82.032561377398835, 20.015720882034692 ], [ 82.017683948583837, 20.048976793672328 ], [ 81.995344839032754, 20.053566300975614 ], [ 81.946881230714453, 20.105031416594908 ], [ 81.89528017362133, 20.048237802671853 ], [ 81.875966142586179, 20.052043526917302 ], [ 81.84527524312503, 19.959532866733859 ], [ 81.853155598970645, 19.918477977378501 ], [ 81.968131408766325, 19.859894903239717 ], [ 81.985949451104332, 19.801089309676456 ], [ 82.065547507445189, 19.790657880384028 ], [ 82.044750595929514, 19.708877123046292 ], [ 82.059017862054077, 19.62817540415578 ], [ 82.03993766967389, 19.597857386234146 ], [ 82.050710112050822, 19.548818793038144 ], [ 82.029147772132674, 19.507648192032484 ], [ 82.07602727241435, 19.523625889770582 ], [ 82.100254909288921, 19.516589231370816 ], [ 82.102820991813758, 19.466106434288108 ], [ 82.126141562914995, 19.429085724065292 ], [ 82.171491708374958, 19.437187819643604 ], [ 82.189879058922571, 19.425729787203409 ], [ 82.178088765141624, 19.378491115649222 ], [ 82.1477355262261, 19.371818400260864 ], [ 82.148777952841385, 19.352976213408379 ], [ 82.194121969994427, 19.32593531941653 ], [ 82.158425583210018, 19.265167288355777 ], [ 82.161705568569246, 19.202245849194014 ], [ 82.186139484684205, 19.166347501105371 ], [ 82.170179886887439, 19.161159299279021 ], [ 82.180931948287224, 19.150816532409792 ], [ 82.166095578768889, 19.132699087672641 ], [ 82.173605181930412, 19.118410570406024 ], [ 82.182469278352045, 19.131690930143428 ], [ 82.205816061394984, 19.12412983389823 ], [ 82.204912294235399, 19.097140804619748 ], [ 82.218415146155493, 19.097268750664725 ], [ 82.202254017612958, 19.066638981408488 ], [ 82.232765756175496, 19.017914316162997 ], [ 82.246053959251711, 18.919111037391087 ], [ 82.176146423342701, 18.902669453171335 ], [ 82.160412561397095, 18.878912420810316 ], [ 82.165435429324475, 18.798624737225303 ], [ 82.133494712791702, 18.780445741818077 ], [ 82.133417616679068, 18.76536420941429 ], [ 82.09157954711182, 18.765730653400777 ], [ 82.084974556424569, 18.718593134018359 ], [ 82.030390769194653, 18.723586769393595 ], [ 81.970984670111079, 18.698636979806032 ], [ 81.948943465264435, 18.643709887627466 ], [ 81.894306961300416, 18.657808988614132 ] ] ] } },
{ "type": "Feature", "properties": { "stname": "HARYANA", "num_caaqms": 30, "num_manual": 5 }, "geometry": { "type": "MultiPolygon", "coordinates": [ [ [ [ 76.423520363552157, 28.116939266683545 ], [ 76.421812980607385, 28.122516384323234 ], [ 76.431281609977589, 28.137920493263241 ], [ 76.4396425474322, 28.110115203611009 ], [ 76.423520363552157, 28.116939266683545 ] ] ], [ [ [ 76.292265916591631, 28.179216354351901 ], [ 76.280802602387553, 28.16542463223356 ], [ 76.303810086357799, 28.158515125271411 ], [ 76.297582924384074, 28.149115291673802 ], [ 76.359861188060975, 28.124918692172653 ], [ 76.336594441316564, 28.10260780508538 ], [ 76.301441764349477, 28.097869328879483 ], [ 76.355669684877881, 28.070732447653342 ], [ 76.342363396020062, 28.030575723948271 ], [ 76.318954267201448, 28.015530767877166 ], [ 76.298977536404777, 28.022706752628558 ], [ 76.293555964713264, 28.049201821101583 ], [ 76.260962084934022, 28.067528756847214 ], [ 76.238042640353228, 28.049715574367621 ], [ 76.189496331333245, 28.056454604088358 ], [ 76.177944862755396, 28.045598187863046 ], [ 76.214802626573388, 28.026582664166884 ], [ 76.176889753724936, 28.021549429092659 ], [ 76.158308750656559, 27.991410246387513 ], [ 76.186640732572116, 27.965478475699939 ], [ 76.168206897801753, 27.903380116628217 ], [ 76.201249691779594, 27.892811987314669 ], [ 76.193805836313743, 27.859511695700341 ], [ 76.225178929876336, 27.833256513027603 ], [ 76.217707026312354, 27.817214543932636 ], [ 76.199217591215842, 27.821162990868899 ], [ 76.178669223776325, 27.797391393270665 ], [ 76.1046490873089, 27.856518860328585 ], [ 76.048549301408897, 27.835087185193967 ], [ 76.004642197943298, 27.834445662801798 ], [ 75.971373089599311, 27.851966257292215 ], [ 75.986747106205044, 27.903051273895741 ], [ 75.939189111982543, 27.91372568762613 ], [ 75.932381209838894, 27.929947699354052 ], [ 75.951678948129768, 27.947726816229419 ], [ 75.972715096276985, 27.932666440227152 ], [ 75.999935220788913, 27.977578491614906 ], [ 75.966234373136217, 27.982980035218834 ], [ 75.966718187781922, 28.000028785940732 ], [ 75.989928581411903, 27.994712184100322 ], [ 75.995389138190134, 28.006495082205642 ], [ 75.97273427800323, 28.023637573761775 ], [ 75.995726850838039, 28.038600668860518 ], [ 76.016392158266328, 28.030509201799873 ], [ 76.008532496011625, 28.058822808993593 ], [ 76.025359530402909, 28.054241136214237 ], [ 76.040797187256658, 28.074057619741328 ], [ 76.023242512993647, 28.085985191980249 ], [ 75.984410401301474, 28.047085182307903 ], [ 75.983433527447445, 28.081350461151462 ], [ 75.938603318789134, 28.08794209931315 ], [ 75.945931853030402, 28.107660670906576 ], [ 75.998994372971055, 28.122771372657905 ], [ 76.00748991937769, 28.153148559851878 ], [ 76.031785353903402, 28.16785984062831 ], [ 76.070130746696535, 28.165296742642663 ], [ 76.073006446160463, 28.137619524983098 ], [ 76.095453344562472, 28.150862020064391 ], [ 76.071915786302654, 28.194335174331361 ], [ 76.047336374552714, 28.198142411776754 ], [ 76.055926817189359, 28.22018859288125 ], [ 76.016109144934376, 28.23695181286341 ], [ 76.026319511438018, 28.27503196078181 ], [ 75.985935384022724, 28.293462460141019 ], [ 75.972364299666935, 28.318603950351982 ], [ 75.957794154866207, 28.313919856967832 ], [ 75.918254504005134, 28.371641788797398 ], [ 75.818669503921143, 28.409913273168872 ], [ 75.776794401306304, 28.400372793646721 ], [ 75.766557798606428, 28.413452478625594 ], [ 75.7882944997246, 28.453549384937443 ], [ 75.735669647075227, 28.468841261681494 ], [ 75.739473131954483, 28.484761002661571 ], [ 75.700897086830707, 28.492574486358762 ], [ 75.665799111874506, 28.53599087420455 ], [ 75.633476622125755, 28.54443793068987 ], [ 75.621708684717277, 28.602067786170682 ], [ 75.561518792971881, 28.613214592222043 ], [ 75.541210351171685, 28.660488057124383 ], [ 75.535389000432644, 28.746173622034576 ], [ 75.503543758644923, 28.781813958695423 ], [ 75.520401460621684, 28.833103546916902 ], [ 75.498468069778809, 28.848956228155085 ], [ 75.496540270806037, 28.896313512233085 ], [ 75.473396183623805, 28.923379820121109 ], [ 75.511564162741593, 28.942061502905119 ], [ 75.527261912412811, 28.970453748025587 ], [ 75.520592431671304, 29.004364584841532 ], [ 75.445596521786101, 29.008527995193706 ], [ 75.441819160813608, 29.057538070684352 ], [ 75.391256990075206, 29.062731320761316 ], [ 75.402163293107577, 29.127900912364524 ], [ 75.371500233335411, 29.138102677276521 ], [ 75.381252130260776, 29.168952063157594 ], [ 75.406773987931501, 29.169747956723199 ], [ 75.414380709755008, 29.184314529696856 ], [ 75.396823384563589, 29.217536737376214 ], [ 75.410698427370505, 29.255475102323171 ], [ 75.378022916783095, 29.256833343684576 ], [ 75.34984180242796, 29.223773632363031 ], [ 75.328122306742429, 29.235313717992515 ], [ 75.340642266096083, 29.280770639972552 ], [ 75.322047690382064, 29.289491923013642 ], [ 75.287784660854882, 29.273545747180787 ], [ 75.283887125958657, 29.249850801954821 ], [ 75.245185666139704, 29.25018148818021 ], [ 75.238394488830039, 29.230238110906857 ], [ 75.210142583637264, 29.234649366788588 ], [ 75.188006400813933, 29.268190803000635 ], [ 75.162832571145543, 29.24401623794769 ], [ 75.124389949197621, 29.239869630325536 ], [ 75.119610696290437, 29.222865157751933 ], [ 75.075321231212371, 29.229779489356332 ], [ 75.050000770438487, 29.286076003311837 ], [ 74.999228555620363, 29.270306240030482 ], [ 74.9585004929272, 29.282752097134779 ], [ 74.948412194894232, 29.301472134095484 ], [ 74.960895255049252, 29.320254025955229 ], [ 74.938470306981216, 29.361799004822121 ], [ 74.850581157199073, 29.403593998912253 ], [ 74.762203045424641, 29.354376369985548 ], [ 74.658225881879304, 29.371966653135267 ], [ 74.654509050288965, 29.332940238765428 ], [ 74.599286367754274, 29.327456369976826 ], [ 74.602910795939522, 29.364909025244724 ], [ 74.566170104162595, 29.420643165972983 ], [ 74.53662283910991, 29.424546368949748 ], [ 74.534656391020377, 29.447716292233565 ], [ 74.543218016601003, 29.467750297933303 ], [ 74.58466471984336, 29.458490836085087 ], [ 74.621893935234738, 29.522247527004208 ], [ 74.574979100619672, 29.565182647258247 ], [ 74.615826546719148, 29.752392596794497 ], [ 74.596344439996017, 29.767396938272221 ], [ 74.578656500660585, 29.748179834186374 ], [ 74.477866802288418, 29.746807313368311 ], [ 74.47353765115264, 29.786315157347218 ], [ 74.484640504670878, 29.814893369812495 ], [ 74.544189361324456, 29.844394723117066 ], [ 74.561056183896326, 29.869776083043764 ], [ 74.543713848010285, 29.901715065213352 ], [ 74.509864170176272, 29.908320642111239 ], [ 74.531565472282338, 29.949672404219552 ], [ 74.559031374957712, 29.927280404303541 ], [ 74.647963775110213, 29.904705593311789 ], [ 74.651484873681611, 29.926306037861735 ], [ 74.706872109610032, 29.976985977673074 ], [ 74.730988137997059, 29.961456915133606 ], [ 74.811462368845241, 29.992400646774641 ], [ 74.821059943289626, 29.971024983091333 ], [ 74.855415259440903, 29.956492456791509 ], [ 74.888344800115902, 29.966353137260896 ], [ 74.897844449211178, 29.939500544968556 ], [ 74.926707285153952, 29.95048889383229 ], [ 74.990651202335712, 29.868085046038502 ], [ 75.022546834220989, 29.866253313037294 ], [ 75.048359274428222, 29.88518488136188 ], [ 75.069993314279102, 29.87704837324825 ], [ 75.08880354225515, 29.917188154052681 ], [ 75.114736371981806, 29.878650543223223 ], [ 75.089755957678946, 29.858625849379756 ], [ 75.118890618436822, 29.831948043312508 ], [ 75.10076163324635, 29.806779267175564 ], [ 75.135113546579291, 29.807285594368274 ], [ 75.150991990573274, 29.775523391382734 ], [ 75.1666379353004, 29.78428582308085 ], [ 75.165641080219501, 29.826040582070721 ], [ 75.191043961420689, 29.841366522634097 ], [ 75.212250056446635, 29.829272494702838 ], [ 75.208538443169772, 29.79266941681044 ], [ 75.226308940374736, 29.789133762018814 ], [ 75.241353151303713, 29.750485160347605 ], [ 75.226352257137734, 29.728872232997183 ], [ 75.210339647959458, 29.738807131318421 ], [ 75.200644341303743, 29.726480837043212 ], [ 75.206803770305015, 29.687513671820867 ], [ 75.167602085416718, 29.670432064320551 ], [ 75.187625887035978, 29.651794676775634 ], [ 75.183970852350697, 29.62755554678613 ], [ 75.235339965335754, 29.602099844258795 ], [ 75.221728454097203, 29.58028281802061 ], [ 75.23733342307095, 29.542799221681129 ], [ 75.309475535317148, 29.560834679609648 ], [ 75.319816268928108, 29.587565784882685 ], [ 75.290088715591153, 29.607284871289764 ], [ 75.295737481997818, 29.625033750229445 ], [ 75.31659196025187, 29.630615264786321 ], [ 75.334279095595093, 29.673730990212878 ], [ 75.360169097242249, 29.662599263746081 ], [ 75.345729448906255, 29.696003366789345 ], [ 75.391790956764936, 29.713078328992854 ], [ 75.406000539370183, 29.760716991686238 ], [ 75.453976923936281, 29.782000678964227 ], [ 75.459541693372287, 29.80751390170737 ], [ 75.518922928885445, 29.775566194751882 ], [ 75.523038961008254, 29.758402979360721 ], [ 75.538820931330619, 29.77355984512706 ], [ 75.56268065689234, 29.769814505873693 ], [ 75.580099294780311, 29.739091339168997 ], [ 75.625818165426693, 29.747573821734878 ], [ 75.642463196649857, 29.77509142611191 ], [ 75.677174559165678, 29.776578767922853 ], [ 75.706446716060938, 29.753196360769145 ], [ 75.72167864074828, 29.813434193628204 ], [ 75.756174729192779, 29.804995455875144 ], [ 75.779432484699498, 29.82228987629394 ], [ 75.806493414268374, 29.804688055718639 ], [ 75.837755175126247, 29.813018025696326 ], [ 75.870250201596647, 29.749302707769822 ], [ 75.906311690661965, 29.753331518196575 ], [ 75.938692361596722, 29.730664041038263 ], [ 75.984415749870692, 29.727107841358077 ], [ 76.025829054649108, 29.756024696056716 ], [ 76.043847290141429, 29.742677103229948 ], [ 76.098084814558533, 29.81060683288208 ], [ 76.123950449403623, 29.790911644298884 ], [ 76.145487696680945, 29.819079748280739 ], [ 76.173739783333403, 29.817906470038913 ], [ 76.197817378199304, 29.844761768813637 ], [ 76.220551523693217, 29.8378437411079 ], [ 76.243816222278738, 29.852408110328827 ], [ 76.246757309213891, 29.87595111608319 ], [ 76.193455432267498, 29.885622027029324 ], [ 76.187806264313878, 29.920626454074931 ], [ 76.171972426165354, 29.926272375303682 ], [ 76.183755633137025, 29.948300934037047 ], [ 76.210175833041305, 29.939613162264614 ], [ 76.202531152007126, 29.98949759898403 ], [ 76.231763800097866, 30.015421751245796 ], [ 76.214052720160751, 30.031909962078117 ], [ 76.265303368716047, 30.09878229179877 ], [ 76.196378113620781, 30.123453056178555 ], [ 76.202437020243437, 30.136048575323784 ], [ 76.224247935678804, 30.127193543741093 ], [ 76.20787317069373, 30.157050281340325 ], [ 76.321504305815353, 30.095088873911266 ], [ 76.360231596690284, 30.120166088837401 ], [ 76.3335078264071, 30.138166292623772 ], [ 76.350490270240854, 30.146830861975918 ], [ 76.362203027734679, 30.120118584146276 ], [ 76.398788237305624, 30.115930723926393 ], [ 76.391107796136637, 30.134802932638031 ], [ 76.410094499946879, 30.145035519065537 ], [ 76.387181221402187, 30.170593932272151 ], [ 76.421857016022628, 30.192405657121959 ], [ 76.440582127727183, 30.165840740762196 ], [ 76.428614065436335, 30.15104307070963 ], [ 76.459962425684225, 30.129444486212844 ], [ 76.462548580165787, 30.101020376852727 ], [ 76.502813064561664, 30.091345362062029 ], [ 76.508277912591993, 30.070306305171385 ], [ 76.544506960814019, 30.074656960697737 ], [ 76.643743887979952, 30.150211313718643 ], [ 76.607308600941735, 30.191776707940296 ], [ 76.614190862929647, 30.204433333307399 ], [ 76.644999869291055, 30.188485921706967 ], [ 76.635433246299755, 30.169974958629886 ], [ 76.657127931415488, 30.187121518364989 ], [ 76.654259873021346, 30.203465758026589 ], [ 76.614987055037304, 30.212505145929583 ], [ 76.627506308315134, 30.227186301767663 ], [ 76.596333007258238, 30.255207160277099 ], [ 76.560872961835187, 30.229010104664276 ], [ 76.545673444769989, 30.225547123078297 ], [ 76.556600160220569, 30.262248503108776 ], [ 76.623430870161712, 30.264552146869921 ], [ 76.635418095314193, 30.289593287792101 ], [ 76.679396883441157, 30.302388175325547 ], [ 76.687998954769171, 30.326856544959224 ], [ 76.749847173359981, 30.353056981009221 ], [ 76.737550453439297, 30.3704180476775 ], [ 76.719974504375386, 30.36414582930005 ], [ 76.731240102080363, 30.379662023153539 ], [ 76.712846925958132, 30.390204564181126 ], [ 76.741047255277167, 30.426217885235086 ], [ 76.773461654357575, 30.443405533353467 ], [ 76.787036778437226, 30.416210602258541 ], [ 76.821834149251572, 30.412681550076645 ], [ 76.846789620932256, 30.438078769688605 ], [ 76.856126947150628, 30.417646439662864 ], [ 76.88336462204829, 30.408645392978322 ], [ 76.898261589220724, 30.358818674943958 ], [ 76.938679060302732, 30.386094411659311 ], [ 76.932731733421477, 30.401672493976921 ], [ 76.912351978862489, 30.400629612295337 ], [ 76.911674965345256, 30.443151510177668 ], [ 76.897552254319564, 30.437102935644578 ], [ 76.913812951229872, 30.467665040313356 ], [ 76.898950386837882, 30.488767822971699 ], [ 76.931170764189972, 30.500355220710741 ], [ 76.932017925808537, 30.522188064701627 ], [ 76.88650577098376, 30.550456386025832 ], [ 76.916398990727089, 30.554092957365334 ], [ 76.910714937597731, 30.590889019746978 ], [ 76.926005338118543, 30.61002326976482 ], [ 76.871219190997863, 30.642122939654154 ], [ 76.875231963575402, 30.679192519093899 ], [ 76.853018576841578, 30.657196903825483 ], [ 76.831338548638072, 30.665168028226905 ], [ 76.825156115579006, 30.688246237773928 ], [ 76.849402058322426, 30.723393255716218 ], [ 76.833842465948635, 30.749825664853471 ], [ 76.856987143323977, 30.794747584947793 ], [ 76.846699878337077, 30.833905592372226 ], [ 76.813998240249617, 30.842986562964722 ], [ 76.777350929244804, 30.896862148026457 ], [ 76.822403899432331, 30.928542869369071 ], [ 76.869578863695793, 30.873122267907974 ], [ 76.916872149556895, 30.900765496924961 ], [ 76.936275702201698, 30.885031645799344 ], [ 76.927222409801416, 30.87255678883993 ], [ 76.951250438324919, 30.850522847332762 ], [ 76.94263868136153, 30.817429278909152 ], [ 76.959880378986313, 30.826691524230217 ], [ 77.012520678166979, 30.809185958980926 ], [ 77.01859008609533, 30.7803030898427 ], [ 77.001266524998741, 30.770436377346414 ], [ 77.017946135970433, 30.766129806268914 ], [ 77.02538691740142, 30.737720370956669 ], [ 77.047186311044953, 30.752954517971073 ], [ 77.092755034579781, 30.742492978684972 ], [ 77.167194893592338, 30.683901293288812 ], [ 77.173773822356594, 30.600555039899358 ], [ 77.121731080706255, 30.562937675761429 ], [ 77.145753591777265, 30.536244218845258 ], [ 77.195036380989691, 30.522571673251822 ], [ 77.21350550517765, 30.468407190967092 ], [ 77.228086373167898, 30.485448988194321 ], [ 77.308723058047022, 30.449158243984794 ], [ 77.35358302070415, 30.460747853613107 ], [ 77.363976678560078, 30.434373094890557 ], [ 77.385828157422111, 30.442177684773686 ], [ 77.407758696113959, 30.429071206024368 ], [ 77.398641882941632, 30.417418977162612 ], [ 77.409540411953529, 30.409790297165635 ], [ 77.459011923732419, 30.458100984330933 ], [ 77.461562292926317, 30.434611133634252 ], [ 77.423819784673199, 30.410750926991827 ], [ 77.445317646215216, 30.395998100973038 ], [ 77.498709931408428, 30.405815195061809 ], [ 77.520116703780616, 30.445252596924369 ], [ 77.548974442682493, 30.394161871803927 ], [ 77.604591169419919, 30.367394200054811 ], [ 77.577980836594179, 30.3307773281884 ], [ 77.583099192741329, 30.307614761106802 ], [ 77.538246852289348, 30.277962938324169 ], [ 77.480532556668564, 30.184224877268953 ], [ 77.425689344069468, 30.158120140021328 ], [ 77.425052822113642, 30.131454775240833 ], [ 77.403160142021122, 30.111746361764499 ], [ 77.423860824206969, 30.103206461636624 ], [ 77.377453256554716, 30.090022786975926 ], [ 77.334303438263504, 30.053739049314768 ], [ 77.277784108583106, 30.041811103709033 ], [ 77.277725591427185, 30.000562623388145 ], [ 77.217975921781715, 29.923958495204893 ], [ 77.185760177041558, 29.907530844076238 ], [ 77.20203107342364, 29.868903944213329 ], [ 77.178249329713381, 29.84579897395453 ], [ 77.179199087920537, 29.812668730997512 ], [ 77.119808863864677, 29.760078871910004 ], [ 77.156058270605953, 29.692198399766806 ], [ 77.131517758602783, 29.641840096790943 ], [ 77.106204883203162, 29.632331138662256 ], [ 77.109040424380638, 29.596840002777707 ], [ 77.083950176661233, 29.587238949329098 ], [ 77.126836442722819, 29.55945236017455 ], [ 77.096371374334225, 29.519494062364856 ], [ 77.133381979311324, 29.48262001086751 ], [ 77.123208823721697, 29.455373624988905 ], [ 77.148423716280007, 29.434078319966961 ], [ 77.133253459140263, 29.400841093674124 ], [ 77.157406861036364, 29.387306942299436 ], [ 77.123295391670652, 29.370342699717167 ], [ 77.129525960055915, 29.34257665263771 ], [ 77.161154815658037, 29.332360104806021 ], [ 77.138828224130435, 29.266252875158003 ], [ 77.150002011318435, 29.23276079804759 ], [ 77.131414166680869, 29.217488690740669 ], [ 77.149033071384977, 29.116835472216138 ], [ 77.134081704933877, 29.095147970259916 ], [ 77.163762582707008, 29.079425750339759 ], [ 77.166973901744242, 29.033816989380679 ], [ 77.189119406385259, 29.027668425856632 ], [ 77.202741082061252, 28.985262512688287 ], [ 77.195901510710598, 28.93932823234169 ], [ 77.232630481269695, 28.917999312197047 ], [ 77.228100777653495, 28.881186118091048 ], [ 77.195464263830885, 28.886206181648355 ], [ 77.189421748767188, 28.867677391217143 ], [ 77.209914436828754, 28.8577157663841 ], [ 77.175404861078604, 28.858322344205956 ], [ 77.157749998610285, 28.836689932776881 ], [ 77.14241375256897, 28.838860828358349 ], [ 77.140476523082356, 28.861850058690088 ], [ 77.120930547939125, 28.858310833924715 ], [ 77.082659892282678, 28.883499628015027 ], [ 77.040232262886036, 28.832063140158407 ], [ 76.994814158976553, 28.839509461131986 ], [ 76.951013997250584, 28.81818314333314 ], [ 76.944490061551406, 28.754072741114097 ], [ 76.960060469641178, 28.732735878311924 ], [ 76.948336968296559, 28.713608590636344 ], [ 76.967743877047255, 28.699537803952989 ], [ 76.953799907406932, 28.667721799203399 ], [ 76.924964334434691, 28.650146274995748 ], [ 76.942994762760378, 28.627997455861198 ], [ 76.934569563423608, 28.618354410067408 ], [ 76.888333606330008, 28.631955727006261 ], [ 76.866066715937905, 28.58795701305295 ], [ 76.838979424408706, 28.573004307334887 ], [ 76.845357405433774, 28.550407339662794 ], [ 76.887126398148922, 28.52057298218876 ], [ 76.88544051638047, 28.501140959615494 ], [ 76.907929146019001, 28.513807709915959 ], [ 76.951672561168493, 28.50422114389611 ], [ 76.978101981380831, 28.521322273115914 ], [ 77.010221781557107, 28.514347324234695 ], [ 77.006653084852047, 28.541407168740726 ], [ 77.058949567332476, 28.512641718393009 ], [ 77.093447789275757, 28.513949696793755 ], [ 77.120732131652417, 28.495940199174843 ], [ 77.110777561324241, 28.471311989916593 ], [ 77.123629407751181, 28.445455659628319 ], [ 77.16229597520784, 28.428939373854156 ], [ 77.174483150071211, 28.404667591347575 ], [ 77.249523983805489, 28.424467837027304 ], [ 77.232915831119669, 28.458104727033128 ], [ 77.243297111089305, 28.478819956290018 ], [ 77.290265755688182, 28.496535276714411 ], [ 77.314100432626546, 28.483606564618459 ], [ 77.34543353678599, 28.513244169834504 ], [ 77.371735519297175, 28.498439821869685 ], [ 77.38047109195449, 28.470268263757891 ], [ 77.408134270954477, 28.466242592136037 ], [ 77.400059230423878, 28.455641665280528 ], [ 77.433433327570071, 28.454916119931347 ], [ 77.436437682850695, 28.431024514652695 ], [ 77.47763091655419, 28.419055324350477 ], [ 77.473439113333782, 28.396974874083721 ], [ 77.505196963417418, 28.36264046839344 ], [ 77.471213556980317, 28.334820919628296 ], [ 77.507072564882293, 28.305687818883648 ], [ 77.492690654862812, 28.251981234211765 ], [ 77.550420943190645, 28.242355543118666 ], [ 77.521284805602434, 28.224441518620537 ], [ 77.530260803362424, 28.198607739228478 ], [ 77.496963557088776, 28.205349653830755 ], [ 77.503254709653433, 28.180762443759907 ], [ 77.517479097392865, 28.193137065072218 ], [ 77.549640924351323, 28.179752610779957 ], [ 77.502101362660142, 28.161182658049302 ], [ 77.491357768780247, 28.136537047245334 ], [ 77.512359510553765, 28.124842586022613 ], [ 77.499081012875891, 28.094417390634995 ], [ 77.482105615427201, 28.107028722690277 ], [ 77.474261688961363, 28.087435453840197 ], [ 77.501241772849596, 28.058519559272902 ], [ 77.483641103047404, 28.040451361706573 ], [ 77.512758351760141, 28.031887258784629 ], [ 77.542431365681239, 27.989093419078628 ], [ 77.518724022239454, 27.962125120348176 ], [ 77.546077313009121, 27.957930391987421 ], [ 77.529301322688895, 27.925261067640342 ], [ 77.492235879156979, 27.938473340105588 ], [ 77.475284138841332, 27.929250961634413 ], [ 77.478755883971004, 27.894447998269587 ], [ 77.460916414118529, 27.876200595928225 ], [ 77.420134865733345, 27.890441775357154 ], [ 77.4093233502348, 27.874170463769829 ], [ 77.421855843781586, 27.854377339784918 ], [ 77.348333000282437, 27.855547107653656 ], [ 77.336425771902626, 27.834225429297799 ], [ 77.296949486405055, 27.825369991899596 ], [ 77.283694512909534, 27.801067349264745 ], [ 77.268757082921738, 27.814937698250709 ], [ 77.242690835409121, 27.784041863625006 ], [ 77.210510092625668, 27.801508993682351 ], [ 77.202072573793103, 27.823758055667518 ], [ 77.198569071421502, 27.798822232879488 ], [ 77.177023956698946, 27.785467620956883 ], [ 77.189502639363596, 27.808392285962643 ], [ 77.159967675840363, 27.816650935309465 ], [ 77.15855274033467, 27.787345984308114 ], [ 77.135219201153987, 27.775086133770603 ], [ 77.044798833361497, 27.820982162802711 ], [ 77.026576642570433, 27.779239155296125 ], [ 77.076353319237882, 27.766315913196227 ], [ 77.085661007340065, 27.738088984668881 ], [ 77.059633403554315, 27.726483824991782 ], [ 77.036473231138615, 27.748611162989491 ], [ 76.999999913024524, 27.736767629109689 ], [ 76.979372933116196, 27.653598979242393 ], [ 76.943770160665835, 27.673722759102013 ], [ 76.915570118807693, 27.6522709708502 ], [ 76.889876014571158, 27.7007490622244 ], [ 76.924726209917509, 27.69992143189252 ], [ 76.892681673290696, 27.733457411997563 ], [ 76.919003752911436, 27.804140270119365 ], [ 76.91358440544856, 27.831701025676637 ], [ 76.935701387680993, 27.828809807987408 ], [ 76.94231799627984, 27.842617835306573 ], [ 76.93765904485717, 27.896221805702616 ], [ 76.950593459933444, 27.895800244256691 ], [ 76.951619851620904, 27.918025308965923 ], [ 76.931538072733218, 27.92234852936496 ], [ 76.930609757311856, 27.993347865766008 ], [ 76.970548750639267, 28.13842802593372 ], [ 76.892519487856063, 28.18358709196135 ], [ 76.906766652379503, 28.200309466148305 ], [ 76.857608431649197, 28.221196945937834 ], [ 76.808399236018133, 28.210863812725947 ], [ 76.794810845618372, 28.148382625036593 ], [ 76.762447752018815, 28.14263914430218 ], [ 76.743558772335035, 28.121030118788777 ], [ 76.716048391375011, 28.127841450208219 ], [ 76.6873568632586, 28.08765323913142 ], [ 76.657158521745842, 28.089170709311958 ], [ 76.654390971357287, 28.034682111351067 ], [ 76.66815758122118, 28.013829227093424 ], [ 76.58988532056037, 27.997857361163398 ], [ 76.544715871219836, 27.963674805980634 ], [ 76.543819929284723, 28.034206124905499 ], [ 76.454674348135498, 28.042326460841938 ], [ 76.46253960869106, 28.059105595125349 ], [ 76.501243747286182, 28.059687277305013 ], [ 76.447840911379927, 28.088959813214796 ], [ 76.463694896943679, 28.109158736957838 ], [ 76.499047232567506, 28.100198432966746 ], [ 76.502676240364096, 28.118711158290939 ], [ 76.47204815290425, 28.135077650044721 ], [ 76.475735593415138, 28.148583185804149 ], [ 76.380729646795785, 28.133402420832187 ], [ 76.3452508328715, 28.169398697697467 ], [ 76.292265916591631, 28.179216354351901 ] ], [ [ 76.922353441248518, 30.880473583804335 ], [ 76.92424421525854, 30.87645451080385 ], [ 76.921727313698867, 30.883085075686473 ], [ 76.91769199071274, 30.886455380982987 ], [ 76.922353441248518, 30.880473583804335 ] ] ] ] } },
{ "type": "Feature", "properties": { "stname": "PUNJAB", "num_caaqms": 8, "num_manual": 52 }, "geometry": { "type": "Polygon", "coordinates": [ [ [ 75.736926320089125, 29.81400882884078 ], [ 75.714171187255246, 29.801846889644374 ], [ 75.706446716060938, 29.753196360769145 ], [ 75.677174559165678, 29.776578767922853 ], [ 75.642463196649857, 29.77509142611191 ], [ 75.625818165426693, 29.747573821734878 ], [ 75.580099294780311, 29.739091339168997 ], [ 75.561107970934543, 29.770678534654692 ], [ 75.523038961008254, 29.758402979360721 ], [ 75.518922928885445, 29.775566194751882 ], [ 75.456670460331935, 29.806600082278933 ], [ 75.453976923936281, 29.782000678964227 ], [ 75.406000539370183, 29.760716991686238 ], [ 75.391790956764936, 29.713078328992854 ], [ 75.345729448906255, 29.696003366789345 ], [ 75.360169097242249, 29.662599263746081 ], [ 75.334279095595093, 29.673730990212878 ], [ 75.31659196025187, 29.630615264786321 ], [ 75.295737481997818, 29.625033750229445 ], [ 75.290088715591153, 29.607284871289764 ], [ 75.319816268928108, 29.587565784882685 ], [ 75.309475535317148, 29.560834679609648 ], [ 75.23733342307095, 29.542799221681129 ], [ 75.221728454097203, 29.58028281802061 ], [ 75.235339965335754, 29.602099844258795 ], [ 75.183970852350697, 29.62755554678613 ], [ 75.187625887035978, 29.651794676775634 ], [ 75.167602085416718, 29.670432064320551 ], [ 75.206803770305015, 29.687513671820867 ], [ 75.200644341303743, 29.726480837043212 ], [ 75.210339647959458, 29.738807131318421 ], [ 75.226352257137734, 29.728872232997183 ], [ 75.241353151303713, 29.750485160347605 ], [ 75.226308940374736, 29.789133762018814 ], [ 75.208538443169772, 29.79266941681044 ], [ 75.212250056446635, 29.829272494702838 ], [ 75.191043961420689, 29.841366522634097 ], [ 75.165641080219501, 29.826040582070721 ], [ 75.1666379353004, 29.78428582308085 ], [ 75.150991990573274, 29.775523391382734 ], [ 75.135113546579291, 29.807285594368274 ], [ 75.10076163324635, 29.806779267175564 ], [ 75.118890618436822, 29.831948043312508 ], [ 75.089755957678946, 29.858625849379756 ], [ 75.114736371981806, 29.878650543223223 ], [ 75.08880354225515, 29.917188154052681 ], [ 75.069993314279102, 29.87704837324825 ], [ 75.048359274428222, 29.88518488136188 ], [ 75.022546834220989, 29.866253313037294 ], [ 74.990651202335712, 29.868085046038502 ], [ 74.926707285153952, 29.95048889383229 ], [ 74.897844449211178, 29.939500544968556 ], [ 74.888344800115902, 29.966353137260896 ], [ 74.855415259440903, 29.956492456791509 ], [ 74.821059943289626, 29.971024983091333 ], [ 74.811462368845241, 29.992400646774641 ], [ 74.730988137997059, 29.961456915133606 ], [ 74.706872109610032, 29.976985977673074 ], [ 74.64176148928334, 29.90453962519225 ], [ 74.559031374957712, 29.927280404303541 ], [ 74.531565472282338, 29.949672404219552 ], [ 73.895391721438358, 29.974003460225035 ], [ 73.886534686673158, 30.012494089251749 ], [ 73.904053201949353, 30.050122320967404 ], [ 73.975648448596658, 30.120990875167717 ], [ 73.974331795969562, 30.189112422708124 ], [ 73.956533881283818, 30.276071124375282 ], [ 73.930867109188142, 30.320068464682141 ], [ 73.879775959206498, 30.359722016288906 ], [ 73.973903181899757, 30.444111654330371 ], [ 73.926258740102512, 30.438930278250311 ], [ 73.934399540905133, 30.490142347176956 ], [ 73.964129701153055, 30.456476137336082 ], [ 73.963657978729387, 30.484852219296599 ], [ 73.981991233628918, 30.504018453679542 ], [ 74.019989034102622, 30.514170296928238 ], [ 74.012026793225658, 30.533592491076309 ], [ 74.031010094217606, 30.526926937088291 ], [ 74.039220419233359, 30.542617387180627 ], [ 74.057306463156593, 30.518689710630966 ], [ 74.072279919180545, 30.522909659016552 ], [ 74.090947924982515, 30.549421518615251 ], [ 74.073420362773064, 30.554676851288487 ], [ 74.102128380364832, 30.579231926118805 ], [ 74.096036993356449, 30.611607235065673 ], [ 74.118065637958779, 30.607906363878453 ], [ 74.127361850981544, 30.634796400318656 ], [ 74.147820137161006, 30.631060569154329 ], [ 74.193321628085059, 30.665174318753841 ], [ 74.232657858145004, 30.724556430318358 ], [ 74.286460243130051, 30.735695883050774 ], [ 74.261425876011245, 30.775059532278419 ], [ 74.301967215787755, 30.779368810129046 ], [ 74.294875551117215, 30.794506992183891 ], [ 74.320385234819184, 30.84662651201328 ], [ 74.38208903934661, 30.860433952380291 ], [ 74.360765878567804, 30.873703769384292 ], [ 74.365905415192728, 30.892932489010207 ], [ 74.422717990914478, 30.907778715727883 ], [ 74.410335445951532, 30.92348943422677 ], [ 74.428746795890305, 30.93122551904111 ], [ 74.413865357894153, 30.929648730359592 ], [ 74.41640488172763, 30.940334605167237 ], [ 74.54615956167693, 30.99241636824754 ], [ 74.542477799417014, 31.017368540688029 ], [ 74.568233809254721, 31.054688965096283 ], [ 74.596799771759009, 31.037662574063372 ], [ 74.671161342594559, 31.053627394940637 ], [ 74.695930500092061, 31.074159652752218 ], [ 74.688922477557654, 31.127879830664074 ], [ 74.658968417615029, 31.133971151624433 ], [ 74.636231784686146, 31.118259048060708 ], [ 74.630877187788926, 31.13271034707677 ], [ 74.603462286065508, 31.13366644404126 ], [ 74.610667369328851, 31.099295958300576 ], [ 74.571268679407211, 31.081421831116465 ], [ 74.551496597408672, 31.086385184667208 ], [ 74.548355100825191, 31.121927358261214 ], [ 74.510363337030185, 31.131900951908264 ], [ 74.517546495112398, 31.229096232357321 ], [ 74.53276941059579, 31.250487068708551 ], [ 74.520602813440632, 31.268922217793914 ], [ 74.541762656907522, 31.303397244098651 ], [ 74.526386040577336, 31.311672683297601 ], [ 74.548685194861193, 31.334646695157687 ], [ 74.551801536820079, 31.364641641774384 ], [ 74.583482086873502, 31.379039044753519 ], [ 74.602460032109747, 31.420509456933313 ], [ 74.654610265268659, 31.426008201672083 ], [ 74.635414581882273, 31.48540529093826 ], [ 74.609767634706571, 31.499870220331697 ], [ 74.587284224279841, 31.496291013317851 ], [ 74.575323995298277, 31.50092818073659 ], [ 74.584092610686696, 31.520568652315344 ], [ 74.61269075174279, 31.527229426888205 ], [ 74.615693543056508, 31.568376138743428 ], [ 74.55531664273019, 31.60784039216859 ], [ 74.534410338870785, 31.678303027868321 ], [ 74.486596473014302, 31.714998933904813 ], [ 74.503703844656343, 31.740477623273605 ], [ 74.559406882424582, 31.757879837207721 ], [ 74.557905791296591, 31.804769748622927 ], [ 74.607862148088842, 31.890385963318739 ], [ 74.636309004766275, 31.884221787922105 ], [ 74.666705258610847, 31.922734470328869 ], [ 74.719238989751048, 31.923689701285252 ], [ 74.720165036926332, 31.941427899055689 ], [ 74.756572177950048, 31.943699869648956 ], [ 74.755593370921517, 31.955754205227251 ], [ 74.819100057393243, 31.958749484193177 ], [ 74.828872941658574, 31.998616661957197 ], [ 74.879978017323751, 32.032039766025896 ], [ 74.868920896138363, 32.041609837706453 ], [ 74.879549879361051, 32.053796839306521 ], [ 74.927957878369995, 32.066459755720714 ], [ 75.012364530188506, 32.035745420620835 ], [ 75.064131303095351, 32.065593137178666 ], [ 75.091206614691913, 32.071839155835484 ], [ 75.104895293908285, 32.058569708698847 ], [ 75.122905313409021, 32.081382063984599 ], [ 75.174243456974693, 32.067468614748819 ], [ 75.198497360588149, 32.08267098822013 ], [ 75.202457731740225, 32.120237380886991 ], [ 75.215826679885737, 32.121103926321268 ], [ 75.223703799999683, 32.098162630988561 ], [ 75.235440843447194, 32.103504368633935 ], [ 75.231417192271579, 32.091610552838105 ], [ 75.26130958825982, 32.101380574064862 ], [ 75.285354606620274, 32.151494734977398 ], [ 75.322420125610648, 32.179498518333837 ], [ 75.316380856160094, 32.208036950150181 ], [ 75.372434334805533, 32.226053099124158 ], [ 75.381855084869372, 32.268954119187455 ], [ 75.320496487634287, 32.297389977848773 ], [ 75.34076270681949, 32.344902660930657 ], [ 75.430740110853804, 32.315063770195472 ], [ 75.489104970894928, 32.345562772012826 ], [ 75.481915325179727, 32.3202923788646 ], [ 75.511531975206665, 32.308592411282426 ], [ 75.503930652257992, 32.291316291022532 ], [ 75.532242678099479, 32.277831456850357 ], [ 75.538993981888652, 32.334228942030414 ], [ 75.559780138773746, 32.356979388676173 ], [ 75.72275976229443, 32.405598845272308 ], [ 75.727407376079867, 32.431029232195264 ], [ 75.743720156412053, 32.432579404315369 ], [ 75.729793666190488, 32.453201528237145 ], [ 75.776938307821538, 32.465116722245028 ], [ 75.835785578441602, 32.511562574200113 ], [ 75.902772058049649, 32.452326823312767 ], [ 75.937195319175714, 32.397334900910458 ], [ 75.873601179016163, 32.395682711356365 ], [ 75.843810886441432, 32.355308275331581 ], [ 75.811206251133314, 32.348486397332053 ], [ 75.814829035401615, 32.330183208101147 ], [ 75.772317412627615, 32.289358489659413 ], [ 75.618461024335218, 32.237573890354163 ], [ 75.637316497757183, 32.222724971166492 ], [ 75.623766177959183, 32.190041258264948 ], [ 75.661918395236981, 32.19290603590855 ], [ 75.672681453812459, 32.15922125030432 ], [ 75.600759102722421, 32.09309495076846 ], [ 75.595302133815423, 32.068994750819584 ], [ 75.662918212063374, 32.075731401348577 ], [ 75.723861190257551, 32.032589788027828 ], [ 75.750836883180696, 32.037682359320719 ], [ 75.799656693272112, 31.993752857143591 ], [ 75.910407495419548, 31.950112310870985 ], [ 75.986491999037426, 31.81792165337448 ], [ 75.937081709241738, 31.814442482257839 ], [ 76.017935145022506, 31.633134135696221 ], [ 76.055876315700743, 31.605424631114442 ], [ 76.168306699731502, 31.410444384871649 ], [ 76.146887900714304, 31.358982137016504 ], [ 76.178823299220582, 31.340473608625469 ], [ 76.17982460006381, 31.30653322497691 ], [ 76.26933837190191, 31.311922262316035 ], [ 76.276292364365247, 31.300618777308379 ], [ 76.322378101583766, 31.321611093107425 ], [ 76.307653716947101, 31.342352636102586 ], [ 76.353538218965582, 31.347864552268433 ], [ 76.331085868688092, 31.401626528840186 ], [ 76.367261069197042, 31.404371620876802 ], [ 76.374749957208124, 31.438191904956327 ], [ 76.432330114594066, 31.326561133208347 ], [ 76.463491318039061, 31.301952720360287 ], [ 76.439807160114754, 31.279062561744269 ], [ 76.479125810144566, 31.308668003750242 ], [ 76.498106469191285, 31.269652893972893 ], [ 76.527432754972295, 31.277168664356093 ], [ 76.523800804294822, 31.258137494367176 ], [ 76.539110082911336, 31.260808023371279 ], [ 76.543453436411724, 31.282402092688901 ], [ 76.549210251282446, 31.252754203931886 ], [ 76.587747757782239, 31.274196747835134 ], [ 76.611730821134188, 31.24980729038117 ], [ 76.59244129344502, 31.211839573214995 ], [ 76.641373793595562, 31.222103010707809 ], [ 76.645434525429494, 31.209127054343671 ], [ 76.596927347921564, 31.178185431642433 ], [ 76.612301530715669, 31.148031622156644 ], [ 76.602002483425466, 31.123543188931308 ], [ 76.638500263563031, 31.107717454156536 ], [ 76.610965201390584, 31.045828119142161 ], [ 76.629047310692869, 31.023620113371742 ], [ 76.625294165605482, 30.99848032014761 ], [ 76.736943156374593, 30.949706296164617 ], [ 76.813998240249617, 30.842986562964722 ], [ 76.846699878337077, 30.833905592372226 ], [ 76.856987143323977, 30.794747584947793 ], [ 76.837453587389561, 30.754149186297798 ], [ 76.815605522125637, 30.75270700472311 ], [ 76.813515172103891, 30.780167292096614 ], [ 76.783476863662401, 30.770567630264679 ], [ 76.771507979413059, 30.795208562106527 ], [ 76.710759228661402, 30.760976358740116 ], [ 76.705183371319862, 30.742919864345886 ], [ 76.731096912420725, 30.723557734626649 ], [ 76.739319079926844, 30.69285563336836 ], [ 76.77687329770319, 30.670349490257777 ], [ 76.808763563052963, 30.66731567116128 ], [ 76.827447041437352, 30.682133560710277 ], [ 76.849860375187077, 30.656840453319827 ], [ 76.875231963575402, 30.679192519093899 ], [ 76.871219190997863, 30.642122939654154 ], [ 76.926005338118543, 30.61002326976482 ], [ 76.910714937597731, 30.590889019746978 ], [ 76.916398990727089, 30.554092957365334 ], [ 76.88650577098376, 30.550456386025832 ], [ 76.932017925808537, 30.522188064701627 ], [ 76.931170764189972, 30.500355220710741 ], [ 76.898950386837882, 30.488767822971699 ], [ 76.913812951229872, 30.467665040313356 ], [ 76.897552254319564, 30.437102935644578 ], [ 76.911674965345256, 30.443151510177668 ], [ 76.912351978862489, 30.400629612295337 ], [ 76.941461497572206, 30.395352268122448 ], [ 76.898261589220724, 30.358818674943958 ], [ 76.88336462204829, 30.408645392978322 ], [ 76.856126947150628, 30.417646439662864 ], [ 76.846789620932256, 30.438078769688605 ], [ 76.821834149251572, 30.412681550076645 ], [ 76.787036778437226, 30.416210602258541 ], [ 76.773461654357575, 30.443405533353467 ], [ 76.741047255277167, 30.426217885235086 ], [ 76.712846925958132, 30.390204564181126 ], [ 76.731240102080363, 30.379662023153539 ], [ 76.719974504375386, 30.36414582930005 ], [ 76.737550453439297, 30.3704180476775 ], [ 76.749847173359981, 30.353056981009221 ], [ 76.687998954769171, 30.326856544959224 ], [ 76.679396883441157, 30.302388175325547 ], [ 76.635418095314193, 30.289593287792101 ], [ 76.623430870161712, 30.264552146869921 ], [ 76.556600160220569, 30.262248503108776 ], [ 76.545673444769989, 30.225547123078297 ], [ 76.596333007258238, 30.255207160277099 ], [ 76.627506308315134, 30.227186301767663 ], [ 76.614987055037304, 30.212505145929583 ], [ 76.654259873021346, 30.203465758026589 ], [ 76.657127931415488, 30.187121518364989 ], [ 76.635433246299755, 30.169974958629886 ], [ 76.644999869291055, 30.188485921706967 ], [ 76.614190862929647, 30.204433333307399 ], [ 76.607308600941735, 30.191776707940296 ], [ 76.643743887979952, 30.150211313718643 ], [ 76.544506960814019, 30.074656960697737 ], [ 76.508277912591993, 30.070306305171385 ], [ 76.502813064561664, 30.091345362062029 ], [ 76.462548580165787, 30.101020376852727 ], [ 76.459962425684225, 30.129444486212844 ], [ 76.428614065436335, 30.15104307070963 ], [ 76.440582127727183, 30.165840740762196 ], [ 76.421857016022628, 30.192405657121959 ], [ 76.387181221402187, 30.170593932272151 ], [ 76.410094499946879, 30.145035519065537 ], [ 76.391107796136637, 30.134802932638031 ], [ 76.398788237305624, 30.115930723926393 ], [ 76.362203027734679, 30.120118584146276 ], [ 76.350490270240854, 30.146830861975918 ], [ 76.3335078264071, 30.138166292623772 ], [ 76.360231596690284, 30.120166088837401 ], [ 76.321504305815353, 30.095088873911266 ], [ 76.20787317069373, 30.157050281340325 ], [ 76.224247935678804, 30.127193543741093 ], [ 76.202437020243437, 30.136048575323784 ], [ 76.196378113620781, 30.123453056178555 ], [ 76.265303368716047, 30.09878229179877 ], [ 76.214052720160751, 30.031909962078117 ], [ 76.231763800097866, 30.015421751245796 ], [ 76.202531152007126, 29.98949759898403 ], [ 76.210175833041305, 29.939613162264614 ], [ 76.183755633137025, 29.948300934037047 ], [ 76.171972426165354, 29.926272375303682 ], [ 76.187806264313878, 29.920626454074931 ], [ 76.193455432267498, 29.885622027029324 ], [ 76.246757309213891, 29.87595111608319 ], [ 76.243816222278738, 29.852408110328827 ], [ 76.220551523693217, 29.8378437411079 ], [ 76.197817378199304, 29.844761768813637 ], [ 76.173739783333403, 29.817906470038913 ], [ 76.145487696680945, 29.819079748280739 ], [ 76.123950449403623, 29.790911644298884 ], [ 76.098084814558533, 29.81060683288208 ], [ 76.043847290141429, 29.742677103229948 ], [ 76.026779137148083, 29.756256395764101 ], [ 75.984415749870692, 29.727107841358077 ], [ 75.938692361596722, 29.730664041038263 ], [ 75.906311690661965, 29.753331518196575 ], [ 75.870250201596647, 29.749302707769822 ], [ 75.835225280334285, 29.814347899167327 ], [ 75.815829170231609, 29.80416022471395 ], [ 75.779432484699498, 29.82228987629394 ], [ 75.756174729192779, 29.804995455875144 ], [ 75.736926320089125, 29.81400882884078 ] ] ] } },
{ "type": "Feature", "properties": { "stname": "HIMACHAL PRADESH", "num_caaqms": 1, "num_manual": 25 }, "geometry": { "type": "MultiPolygon", "coordinates": [ [ [ [ 76.922353441248518, 30.880473583804335 ], [ 76.918119145020228, 30.882707508077125 ], [ 76.91769199071274, 30.886455380982987 ], [ 76.921727313698867, 30.883085075686473 ], [ 76.92424421525854, 30.87645451080385 ], [ 76.922353441248518, 30.880473583804335 ] ] ], [ [ [ 77.017051231589463, 30.745545333321392 ], [ 77.017946135970433, 30.766129806268914 ], [ 77.001266524998741, 30.770436377346414 ], [ 77.01859008609533, 30.7803030898427 ], [ 77.012520678166979, 30.809185958980926 ], [ 76.959880378986313, 30.826691524230217 ], [ 76.94263868136153, 30.817429278909152 ], [ 76.951250438324919, 30.850522847332762 ], [ 76.916872149556895, 30.900765496924961 ], [ 76.869578863695793, 30.873122267907974 ], [ 76.822403899432331, 30.928542869369071 ], [ 76.771869931302263, 30.906838321894412 ], [ 76.72234249041378, 30.961501024318636 ], [ 76.673856428704966, 30.968709526133747 ], [ 76.625294165605482, 30.99848032014761 ], [ 76.629047310692869, 31.023620113371742 ], [ 76.610965201390584, 31.045828119142161 ], [ 76.638500263563031, 31.107717454156536 ], [ 76.602002483425466, 31.123543188931308 ], [ 76.612301530715669, 31.148031622156644 ], [ 76.596927347921564, 31.178185431642433 ], [ 76.645434525429494, 31.209127054343671 ], [ 76.641373793595562, 31.222103010707809 ], [ 76.59244129344502, 31.211839573214995 ], [ 76.611730821134188, 31.24980729038117 ], [ 76.587747757782239, 31.274196747835134 ], [ 76.549210251282446, 31.252754203931886 ], [ 76.543453436411724, 31.282402092688901 ], [ 76.539110082911336, 31.260808023371279 ], [ 76.523800804294822, 31.258137494367176 ], [ 76.527432754972295, 31.277168664356093 ], [ 76.498106469191285, 31.269652893972893 ], [ 76.479125810144566, 31.308668003750242 ], [ 76.439807160114754, 31.279062561744269 ], [ 76.463491318039061, 31.301952720360287 ], [ 76.432330114594066, 31.326561133208347 ], [ 76.376873135263594, 31.436942487630986 ], [ 76.367261069197042, 31.404371620876802 ], [ 76.331085868688092, 31.401626528840186 ], [ 76.353538218965582, 31.347864552268433 ], [ 76.307653716947101, 31.342352636102586 ], [ 76.322378101583766, 31.321611093107425 ], [ 76.276292364365247, 31.300618777308379 ], [ 76.26933837190191, 31.311922262316035 ], [ 76.17982460006381, 31.30653322497691 ], [ 76.178823299220582, 31.340473608625469 ], [ 76.146887900714304, 31.358982137016504 ], [ 76.168306699731502, 31.410444384871649 ], [ 76.055876315700743, 31.605424631114442 ], [ 76.017935145022506, 31.633134135696221 ], [ 75.937081709241738, 31.814442482257839 ], [ 75.986491999037426, 31.81792165337448 ], [ 75.910407495419548, 31.950112310870985 ], [ 75.799656693272112, 31.993752857143591 ], [ 75.750836883180696, 32.037682359320719 ], [ 75.723861190257551, 32.032589788027828 ], [ 75.662918212063374, 32.075731401348577 ], [ 75.594736131406052, 32.070249126192685 ], [ 75.600759102722421, 32.09309495076846 ], [ 75.672681453812459, 32.15922125030432 ], [ 75.661918395236981, 32.19290603590855 ], [ 75.623766177959183, 32.190041258264948 ], [ 75.637316497757183, 32.222724971166492 ], [ 75.618461024335218, 32.237573890354163 ], [ 75.772317412627615, 32.289358489659413 ], [ 75.814829035401615, 32.330183208101147 ], [ 75.811206251133314, 32.348486397332053 ], [ 75.843810886441432, 32.355308275331581 ], [ 75.873601179016163, 32.395682711356365 ], [ 75.937195319175714, 32.397334900910458 ], [ 75.902772058049649, 32.452326823312767 ], [ 75.830443612755644, 32.51282471623189 ], [ 75.872205126996036, 32.548152572051656 ], [ 75.878217758703485, 32.585984802713 ], [ 75.899472853234911, 32.592457086891635 ], [ 75.934152152183273, 32.644758668187301 ], [ 75.886036877294472, 32.651156471269907 ], [ 75.921747499681175, 32.747173398282968 ], [ 75.885441407448823, 32.782878801977674 ], [ 75.878563091759943, 32.811661718091415 ], [ 75.796252812268847, 32.884255883373292 ], [ 75.832638172740232, 32.924028948338517 ], [ 75.903849967220324, 32.912792826852389 ], [ 75.9501091574421, 32.872832769665308 ], [ 76.083309770329706, 32.955638466280014 ], [ 76.107123614438322, 33.005830397354266 ], [ 76.271448042888778, 33.036189604748273 ], [ 76.290405442756153, 33.059845610634632 ], [ 76.285945964038973, 33.10238771624703 ], [ 76.404234634838318, 33.185859371770896 ], [ 76.47937894910342, 33.178745106048929 ], [ 76.561647168574623, 33.209538906194844 ], [ 76.597323227382432, 33.204984835110643 ], [ 76.612573568431458, 33.173379815738727 ], [ 76.63940772729002, 33.161657964942442 ], [ 76.746820143703275, 33.17841447698477 ], [ 76.775838850822581, 33.220489683666536 ], [ 76.770692537307141, 33.249436563760895 ], [ 76.793001520058539, 33.25636491963207 ], [ 76.820063459333781, 33.235840260709956 ], [ 76.843170255651941, 33.246735542642782 ], [ 76.825605504088088, 33.215690806082065 ], [ 76.834459949908606, 33.20484708729699 ], [ 76.817391960408671, 33.194137876858882 ], [ 76.818000305807274, 33.157089257232592 ], [ 76.855067185745327, 33.11438434682762 ], [ 76.888919893596807, 33.117220702950185 ], [ 76.932989458279891, 33.02816803322392 ], [ 77.009488546977792, 32.988656146108191 ], [ 77.047387144698064, 32.99862180208239 ], [ 77.086524344921969, 32.972409856943599 ], [ 77.150516775620645, 32.978174569317176 ], [ 77.164539023556515, 32.93648146671854 ], [ 77.156413901948838, 32.911488973938056 ], [ 77.187972424854109, 32.928744357241804 ], [ 77.203236574805672, 32.906337416031519 ], [ 77.24299252202087, 32.892162980951831 ], [ 77.254271905272176, 32.863939733339777 ], [ 77.273989157699049, 32.873853253355676 ], [ 77.3008613152941, 32.849859746285645 ], [ 77.323363746648667, 32.850411867230292 ], [ 77.338567750798703, 32.816909919037585 ], [ 77.372867160298256, 32.823204362650273 ], [ 77.374453145813817, 32.85420494262587 ], [ 77.404503469222263, 32.882744489680213 ], [ 77.444810459202415, 32.879896976723927 ], [ 77.469200277020065, 32.858677428678547 ], [ 77.5014863221177, 32.885579676084873 ], [ 77.538472765108608, 32.886083868838405 ], [ 77.60310938129075, 32.942931649693179 ], [ 77.673355394313987, 32.960858355853119 ], [ 77.682491875201123, 32.988802042254001 ], [ 77.741011979394713, 32.969032251204233 ], [ 77.810630973739507, 32.907026068957421 ], [ 77.780964048599344, 32.865787456121289 ], [ 77.869193305937941, 32.827026594847844 ], [ 77.884052463918394, 32.787718101958539 ], [ 77.925868434929654, 32.771655037839714 ], [ 77.934387863048158, 32.725859291005357 ], [ 77.918619586643985, 32.6905409408173 ], [ 78.016778633385314, 32.619405640216044 ], [ 78.046948076993701, 32.644631210061625 ], [ 78.086663031387516, 32.624351389829073 ], [ 78.110488477238036, 32.662769985772314 ], [ 78.147194582978216, 32.653963306862458 ], [ 78.142382276560141, 32.681827421367622 ], [ 78.245900902255258, 32.671602890255308 ], [ 78.260537461301553, 32.702898356954591 ], [ 78.306014981580546, 32.707119712099214 ], [ 78.312850450325328, 32.739779036142053 ], [ 78.388002659883441, 32.756691330942097 ], [ 78.400747271719979, 32.694561077992617 ], [ 78.381532843188566, 32.653783047879472 ], [ 78.409660879686825, 32.62313303696002 ], [ 78.313932807054968, 32.566277957262329 ], [ 78.284729704553925, 32.468536645971284 ], [ 78.32982265605979, 32.443514381278106 ], [ 78.328439952106478, 32.465011735908519 ], [ 78.348974540287855, 32.464327855897992 ], [ 78.365138872222701, 32.499399155902005 ], [ 78.399519447203105, 32.524604784805469 ], [ 78.461248086554889, 32.50379702211189 ], [ 78.465549198575687, 32.454661813691722 ], [ 78.495764955726841, 32.422020408378266 ], [ 78.533505461635201, 32.415460183375991 ], [ 78.484787791788236, 32.34913626519991 ], [ 78.483411394008215, 32.281386157311204 ], [ 78.460839850767272, 32.24170848633802 ], [ 78.559478393054476, 32.248689177692548 ], [ 78.587952438142267, 32.236100879085647 ], [ 78.614691301020542, 32.208805274125304 ], [ 78.61375778615033, 32.175371606028449 ], [ 78.596232370016111, 32.157769581298432 ], [ 78.617665811572465, 32.115224996632705 ], [ 78.656603214799091, 32.111483869371035 ], [ 78.718905225440523, 32.035724002179066 ], [ 78.788552435868368, 31.993231552342401 ], [ 78.778155577315104, 31.935155301694124 ], [ 78.750137917714127, 31.904482218952754 ], [ 78.740207501287287, 31.837456024652756 ], [ 78.70985362995782, 31.786615139107635 ], [ 78.741190366904249, 31.757609191162615 ], [ 78.728391710623612, 31.74174343706304 ], [ 78.754019181425633, 31.685647660282605 ], [ 78.798219454575786, 31.68181488998281 ], [ 78.806992329775284, 31.64710918275313 ], [ 78.853341506934029, 31.607426411624022 ], [ 78.735953175323118, 31.52853744305548 ], [ 78.734284189966843, 31.484983984992972 ], [ 78.766633973228878, 31.486422091145446 ], [ 78.812778266230879, 31.449737425796968 ], [ 78.816585750409786, 31.419281380683859 ], [ 78.792005953282612, 31.395544158347803 ], [ 78.858767622304271, 31.366373921127469 ], [ 78.854647423795186, 31.323457717710156 ], [ 78.892412619000794, 31.28789338830256 ], [ 78.926047633617912, 31.220069909250963 ], [ 78.947725174386392, 31.216774785043484 ], [ 78.957531582879824, 31.186594265636515 ], [ 78.985908706935021, 31.173832014202965 ], [ 79.008914126576727, 31.110276528181913 ], [ 78.883768747266018, 31.099469066623776 ], [ 78.83120598257581, 31.14059580324496 ], [ 78.809913731927608, 31.198284613324834 ], [ 78.765176826786288, 31.185755956132141 ], [ 78.671902146620141, 31.196880280662064 ], [ 78.658416016839084, 31.185122501263731 ], [ 78.647039894913121, 31.21471765207113 ], [ 78.606799366789275, 31.229238515975489 ], [ 78.551977446957324, 31.200197337788222 ], [ 78.483752434914265, 31.198937200743138 ], [ 78.456078061109224, 31.240718240281268 ], [ 78.436014085932158, 31.254396447091022 ], [ 78.406951773690636, 31.242187899941648 ], [ 78.396397498858562, 31.274913467961245 ], [ 78.370315841645521, 31.286334400122055 ], [ 78.311249981272411, 31.282691314169444 ], [ 78.305501574632757, 31.25938510634775 ], [ 78.282866958879069, 31.26621085387227 ], [ 78.246952872572095, 31.230407144848769 ], [ 78.21995081499368, 31.233757044161898 ], [ 78.212442844969345, 31.219569225787911 ], [ 78.160226442804927, 31.225477469657388 ], [ 78.103621500084671, 31.185380238379462 ], [ 78.042640563578175, 31.178503980095535 ], [ 78.030341983246544, 31.150967708069576 ], [ 77.967323488012596, 31.173366563961348 ], [ 77.901311436146059, 31.151824583983473 ], [ 77.851235684269426, 31.073366527013064 ], [ 77.812816516435262, 31.059187100368757 ], [ 77.829822647944738, 31.028759361270627 ], [ 77.81145330322866, 31.031632617747018 ], [ 77.807510901975562, 31.016213176231052 ], [ 77.831817925666726, 30.993993432335998 ], [ 77.814204027273632, 30.962765516272533 ], [ 77.837593532394862, 30.953171373808328 ], [ 77.772384435153484, 30.974348208091758 ], [ 77.749006791387274, 30.953480023957187 ], [ 77.76340067684778, 30.918170261727322 ], [ 77.813572413712535, 30.921323260660614 ], [ 77.805682830372376, 30.853213657742408 ], [ 77.758224523095251, 30.876797795122748 ], [ 77.74402067623312, 30.846593798226177 ], [ 77.761278730382543, 30.826065717334494 ], [ 77.70381226198235, 30.764039026849133 ], [ 77.702673784801945, 30.745520511794201 ], [ 77.755820505630794, 30.706924792340313 ], [ 77.747407362583445, 30.679850688143809 ], [ 77.792528054963611, 30.658686738156216 ], [ 77.781259531445784, 30.646409368153023 ], [ 77.79589833178872, 30.613240867019119 ], [ 77.771110686962658, 30.61637609475385 ], [ 77.771673509335912, 30.596901993664329 ], [ 77.746099049017147, 30.603893821728125 ], [ 77.743588305408736, 30.592466384049303 ], [ 77.774028611736526, 30.557841773669704 ], [ 77.817853879578095, 30.56102426564631 ], [ 77.826817478790474, 30.527752158317988 ], [ 77.817387026023255, 30.506326092768674 ], [ 77.690246197412321, 30.448020598927982 ], [ 77.586189226638822, 30.421583771996691 ], [ 77.572315691204935, 30.410450703974355 ], [ 77.581243804268681, 30.377567284059591 ], [ 77.54668326080423, 30.396499827027704 ], [ 77.520116703780616, 30.445252596924369 ], [ 77.498709931408428, 30.405815195061809 ], [ 77.445317646215216, 30.395998100973038 ], [ 77.423819784673199, 30.410750926991827 ], [ 77.461562292926317, 30.434611133634252 ], [ 77.459011923732419, 30.458100984330933 ], [ 77.409540411953529, 30.409790297165635 ], [ 77.398641882941632, 30.417418977162612 ], [ 77.407758696113959, 30.429071206024368 ], [ 77.385828157422111, 30.442177684773686 ], [ 77.363976678560078, 30.434373094890557 ], [ 77.35358302070415, 30.460747853613107 ], [ 77.308723058047022, 30.449158243984794 ], [ 77.228086373167898, 30.485448988194321 ], [ 77.21350550517765, 30.468407190967092 ], [ 77.195036380989691, 30.522571673251822 ], [ 77.145753591777265, 30.536244218845258 ], [ 77.121731080706255, 30.562937675761429 ], [ 77.173773822356594, 30.600555039899358 ], [ 77.167194893592338, 30.683901293288812 ], [ 77.095089169403323, 30.741541777646276 ], [ 77.017051231589463, 30.745545333321392 ] ] ] ] } },
{ "type": "Feature", "properties": { "stname": "UTTAR PRADESH", "num_caaqms": 53, "num_manual": 84 }, "geometry": { "type": "MultiPolygon", "coordinates": [ [ [ [ 79.405721390832269, 25.067695177604566 ], [ 79.425911349338037, 25.058588882774433 ], [ 79.413558902428704, 25.035620934075251 ], [ 79.394764650091673, 25.032431193936791 ], [ 79.369038820054243, 25.054315886617957 ], [ 79.356107126873283, 25.040469408322451 ], [ 79.351133183891193, 25.068882856361725 ], [ 79.379833668210978, 25.066945383997425 ], [ 79.379691208881638, 25.101222281958552 ], [ 79.351056513579991, 25.115983169237399 ], [ 79.358198758790905, 25.143288833287095 ], [ 79.374196322086547, 25.142603653369264 ], [ 79.363696998098675, 25.126218754028166 ], [ 79.380895201992345, 25.122433002887437 ], [ 79.405721390832269, 25.067695177604566 ] ] ], [ [ [ 79.363446279201213, 25.186873011119218 ], [ 79.372189536047472, 25.179347545312613 ], [ 79.361464928061082, 25.171095995695737 ], [ 79.354465850051952, 25.175891803007424 ], [ 79.363446279201213, 25.186873011119218 ] ] ], [ [ [ 78.652514046794849, 25.035060732913831 ], [ 78.631503331749983, 24.959007589228865 ], [ 78.663393259333219, 24.938442399094217 ], [ 78.676559755959772, 24.898631170819041 ], [ 78.769511995736124, 24.859425701384605 ], [ 78.789928373710936, 24.810436309009745 ], [ 78.770397679809051, 24.788400794320967 ], [ 78.781216767207098, 24.706924508888129 ], [ 78.744135592377944, 24.654298937183352 ], [ 78.752437075733738, 24.599476073931672 ], [ 78.783787117627867, 24.588560324603076 ], [ 78.833337031669814, 24.60416693236208 ], [ 78.883109026317982, 24.641397318649961 ], [ 78.953210113238072, 24.546895855959463 ], [ 78.947255405798458, 24.502404030078868 ], [ 78.971521534584625, 24.494241777323651 ], [ 78.936218974610682, 24.479422633030538 ], [ 78.92091142525112, 24.499840692926107 ], [ 78.914209474903657, 24.459617738326934 ], [ 78.947483769221805, 24.436621894091861 ], [ 78.985761226023243, 24.441683678152152 ], [ 78.993647714667276, 24.422750152260139 ], [ 78.971453950732553, 24.347605838127436 ], [ 78.909637703182725, 24.297994954796696 ], [ 78.916070176012909, 24.267626321137278 ], [ 78.884374142597224, 24.250000013302714 ], [ 78.885127707848056, 24.220715129312179 ], [ 78.826748102859824, 24.195446342102766 ], [ 78.814173684938709, 24.206262478168011 ], [ 78.807971832099824, 24.178709438595838 ], [ 78.78554454392048, 24.183496633084438 ], [ 78.761891562028111, 24.259536900663715 ], [ 78.750424194625495, 24.23388695204466 ], [ 78.734166040845722, 24.252405125324348 ], [ 78.703057912562684, 24.226923241655456 ], [ 78.668633711798819, 24.240037326616211 ], [ 78.659282600034103, 24.268253920380495 ], [ 78.62580303258872, 24.280590647113947 ], [ 78.628442810204533, 24.30393796725572 ], [ 78.604104528734737, 24.314030260628194 ], [ 78.586004323769359, 24.353742298774829 ], [ 78.52988419102816, 24.368095181250649 ], [ 78.518380352025019, 24.387818753707119 ], [ 78.500477720726579, 24.389073609268703 ], [ 78.474294321222786, 24.356335537168484 ], [ 78.477990163676495, 24.339262684949862 ], [ 78.44401881622376, 24.319471754634634 ], [ 78.411634986812473, 24.271632868298713 ], [ 78.385841254021059, 24.269628118020446 ], [ 78.348676833212821, 24.298963965601146 ], [ 78.329043540027357, 24.328549709790522 ], [ 78.365786526999827, 24.385976221206331 ], [ 78.268781470445504, 24.447904605271233 ], [ 78.27497912366043, 24.473923435775234 ], [ 78.247482465364698, 24.484819815622714 ], [ 78.246016480398012, 24.509539050356576 ], [ 78.225979651410526, 24.519773620760862 ], [ 78.230065368087438, 24.53798494597503 ], [ 78.264469444792326, 24.552202345813853 ], [ 78.277983472652849, 24.614757583911917 ], [ 78.262977649430908, 24.648349265311623 ], [ 78.276835839843088, 24.661887211681012 ], [ 78.225620360331163, 24.748234934689084 ], [ 78.235744594568772, 24.771748212604461 ], [ 78.21667858838353, 24.808594448758221 ], [ 78.168873446066797, 24.867810797177732 ], [ 78.33274333596664, 24.99436635937629 ], [ 78.347372741728336, 25.021531465070609 ], [ 78.339512111988086, 25.087245073683683 ], [ 78.383452176438112, 25.101719902621948 ], [ 78.408512680040133, 25.129430308625505 ], [ 78.447554797184452, 25.123620657876899 ], [ 78.427359349073981, 25.154101015974661 ], [ 78.458247189788125, 25.164608079980876 ], [ 78.394828051327352, 25.189071782719139 ], [ 78.410951939311474, 25.212665947388402 ], [ 78.359799994046355, 25.242193213606271 ], [ 78.372514180842515, 25.259906874319793 ], [ 78.350110601898464, 25.277327303249219 ], [ 78.35438723392943, 25.292218252859946 ], [ 78.311734186685285, 25.303300590162163 ], [ 78.343793214035912, 25.328455827970135 ], [ 78.328057893226259, 25.352542934200283 ], [ 78.300532673894367, 25.360373729961381 ], [ 78.340530293073797, 25.399520660002825 ], [ 78.354365596209178, 25.451793988860629 ], [ 78.378023552971612, 25.437054313618734 ], [ 78.416485436595821, 25.476478098764375 ], [ 78.431306564398739, 25.47362961260589 ], [ 78.416809981738311, 25.501700325308402 ], [ 78.429915528571144, 25.552372765722716 ], [ 78.448764491902267, 25.563591291359433 ], [ 78.464693691608133, 25.545508603778817 ], [ 78.493791227690224, 25.578557466623813 ], [ 78.589438334267228, 25.55681726618484 ], [ 78.615961420017584, 25.583527055616784 ], [ 78.630796786117756, 25.578932544022528 ], [ 78.624192972223526, 25.567378361221486 ], [ 78.658674896930918, 25.559886657387366 ], [ 78.717329125884618, 25.605329196055344 ], [ 78.742622320993007, 25.597110160846306 ], [ 78.811762712717339, 25.620782511914012 ], [ 78.816704236399147, 25.676321457324896 ], [ 78.799911691026551, 25.705068235367719 ], [ 78.763331701565733, 25.719929727090936 ], [ 78.752892712025627, 25.750075932044698 ], [ 78.782882904005604, 25.758482970394322 ], [ 78.808287564769373, 25.800971160168135 ], [ 78.828616603142379, 25.795707561194657 ], [ 78.828310175222555, 25.814338164262914 ], [ 78.806266395804286, 25.813092864724318 ], [ 78.818435325884252, 25.829007305310007 ], [ 78.8455511559917, 25.821554858177183 ], [ 78.857147564588274, 25.79181523995593 ], [ 78.872444441962259, 25.801378959852691 ], [ 78.872578466111065, 25.835092957093764 ], [ 78.851407191582197, 25.838462462379074 ], [ 78.852406238552376, 25.856646494897721 ], [ 78.874204106856567, 25.875508937597615 ], [ 78.887379067409739, 25.868494814608734 ], [ 78.884164984256358, 25.913026839812648 ], [ 78.938956480844553, 25.942687139859451 ], [ 78.933179214928089, 25.979331877390116 ], [ 78.956814288006953, 25.99653801884509 ], [ 78.948262993052083, 26.027749233766102 ], [ 79.01206315104227, 26.083184847400108 ], [ 78.948870439237098, 26.128679769644968 ], [ 78.96695580583058, 26.150142604322848 ], [ 79.004895402660424, 26.148049811693213 ], [ 79.005115080273256, 26.168038247219606 ], [ 78.983113856744964, 26.184358309619547 ], [ 78.993280187833392, 26.196490374672102 ], [ 79.025880070155353, 26.192099326009529 ], [ 79.025230490288592, 26.220711390397856 ], [ 78.989355609155538, 26.234975981613228 ], [ 79.018216077139229, 26.247653431646881 ], [ 79.034598537991343, 26.225370481006934 ], [ 79.063444745219911, 26.225904650394231 ], [ 79.069695134931891, 26.245696587283568 ], [ 79.045644095164093, 26.260307334121542 ], [ 79.064644359043569, 26.277037972892501 ], [ 79.090648241017647, 26.270027930819975 ], [ 79.101928831604681, 26.306815260892229 ], [ 79.117416568637211, 26.29890569725195 ], [ 79.115527338831171, 26.320477478815008 ], [ 79.138830780856594, 26.337513364647812 ], [ 79.084170028668098, 26.359269656924816 ], [ 79.09438989485588, 26.411069843345373 ], [ 79.125983699093922, 26.41125358330531 ], [ 79.135175115553963, 26.440127744135197 ], [ 79.052616364750222, 26.453738261135872 ], [ 79.067941222848674, 26.496918839740665 ], [ 79.03899810716392, 26.515957688904439 ], [ 79.028337964977283, 26.546687629307407 ], [ 79.006869519667546, 26.54495671811587 ], [ 78.989783485708486, 26.578450571007401 ], [ 78.98913806863473, 26.595559002371697 ], [ 79.017062902622484, 26.601035953015611 ], [ 78.993460170690483, 26.641907193729399 ], [ 79.008515238657978, 26.669288820220782 ], [ 78.983336915616533, 26.676878539976332 ], [ 78.945487941730889, 26.654821624049816 ], [ 78.956055948210391, 26.691680367232511 ], [ 78.91256389874539, 26.706834264789425 ], [ 78.872362298216061, 26.697786783378788 ], [ 78.818990309558345, 26.760941768327264 ], [ 78.772194905062008, 26.758666644331431 ], [ 78.753596914851585, 26.787012181740309 ], [ 78.727192778621244, 26.776470202377599 ], [ 78.723649324575689, 26.797125666915377 ], [ 78.684525041227232, 26.788753751932788 ], [ 78.670152531178928, 26.762308333759499 ], [ 78.628446130377796, 26.77322916396615 ], [ 78.612998371070375, 26.752430360766837 ], [ 78.576858607302782, 26.748966516767819 ], [ 78.521833156176925, 26.780584501260208 ], [ 78.460738596261692, 26.788757666822992 ], [ 78.435226883265514, 26.825128527345132 ], [ 78.399641717794765, 26.818170696224019 ], [ 78.362647763989784, 26.869237340307272 ], [ 78.282513434085558, 26.854435371171483 ], [ 78.272457275976805, 26.815925074194762 ], [ 78.25996132230253, 26.814167744004102 ], [ 78.219587503953434, 26.832668683989581 ], [ 78.196496786580568, 26.880916357271609 ], [ 78.232644657643618, 26.874275866150981 ], [ 78.271215670405184, 26.916229626015415 ], [ 78.224203017340514, 26.94646150089228 ], [ 78.208807345946511, 26.931338015677873 ], [ 78.171991596334337, 26.948172736110656 ], [ 78.118556686979204, 26.946972632316967 ], [ 78.121817051336009, 26.922578762069165 ], [ 78.101759880897205, 26.917828521613796 ], [ 78.111197521983343, 26.895877079932351 ], [ 78.048806620349637, 26.910132686015345 ], [ 78.055908586001536, 26.86831944517359 ], [ 78.025699293127161, 26.849628402375117 ], [ 78.035588184929964, 26.869903437160986 ], [ 78.014586366799648, 26.902911197243245 ], [ 77.948405295115791, 26.893577663386434 ], [ 77.906360128841257, 26.917778842672707 ], [ 77.908901879598346, 26.890617833398519 ], [ 77.89648912968228, 26.883997608079561 ], [ 77.850497119087208, 26.912724985091547 ], [ 77.760599026411015, 26.932621403262871 ], [ 77.724918252346271, 26.910381778215534 ], [ 77.722610005172569, 26.874318263608057 ], [ 77.686651265409409, 26.875249472373856 ], [ 77.612794641188344, 26.829541483725702 ], [ 77.608370484228132, 26.839120755616403 ], [ 77.525686210931454, 26.818871625608516 ], [ 77.517683570121193, 26.844229275320622 ], [ 77.501172353739392, 26.844454231064791 ], [ 77.487466058560273, 26.788154072874132 ], [ 77.502769548433108, 26.769311445891592 ], [ 77.461406216933923, 26.741984090249929 ], [ 77.466908207606309, 26.773734004137413 ], [ 77.43268565526752, 26.767837956751762 ], [ 77.429087654619622, 26.801570008397693 ], [ 77.397871970149268, 26.830367749713734 ], [ 77.490256384834552, 26.900491434336764 ], [ 77.583196830629589, 26.924160951323348 ], [ 77.660883024110802, 26.971218364118343 ], [ 77.670981056288213, 26.960634327362282 ], [ 77.722400320418956, 26.987846487811311 ], [ 77.743474327165487, 26.983166146961143 ], [ 77.762957286389849, 27.006845459152462 ], [ 77.737686675826012, 27.029751049095328 ], [ 77.730059122071069, 26.993888298381069 ], [ 77.711363529905029, 26.997414706031694 ], [ 77.679766508799986, 27.047083461122202 ], [ 77.665583475004638, 27.017252050294516 ], [ 77.641938307556956, 27.025599616387478 ], [ 77.629585173436411, 27.010319097994813 ], [ 77.579191581442544, 27.038206935679739 ], [ 77.563207826151171, 27.029370679154095 ], [ 77.571689834048186, 27.071868278681908 ], [ 77.519345919622438, 27.066619534158445 ], [ 77.526358903552193, 27.084619201161001 ], [ 77.505443167382268, 27.092297869889535 ], [ 77.517741126978081, 27.102459551947984 ], [ 77.597845054299825, 27.117999837305721 ], [ 77.619956812828917, 27.17355035693166 ], [ 77.658402533066251, 27.170105943177521 ], [ 77.681130447845305, 27.194403790258075 ], [ 77.646714306766157, 27.210218337329536 ], [ 77.652821169950286, 27.234842652156409 ], [ 77.616429459288184, 27.257802410679563 ], [ 77.616828816127551, 27.286449976088235 ], [ 77.598667353246299, 27.297204238850693 ], [ 77.621898356025525, 27.313048311246611 ], [ 77.622709549100108, 27.336185602303416 ], [ 77.578783394163978, 27.322663907715739 ], [ 77.507188352332534, 27.377090044892075 ], [ 77.439529401987642, 27.390715735755581 ], [ 77.421102033290722, 27.422017974165882 ], [ 77.437813994392442, 27.456318362990309 ], [ 77.400514821800016, 27.478306113972597 ], [ 77.387390952928627, 27.512892754636599 ], [ 77.339992996268919, 27.526619628899354 ], [ 77.349163773036992, 27.543152373302032 ], [ 77.337272838299796, 27.569761068126589 ], [ 77.358218056279, 27.588960774148596 ], [ 77.317059336747064, 27.606751580242854 ], [ 77.352583009841666, 27.651237428328674 ], [ 77.341230165061347, 27.703204202761331 ], [ 77.30442257484691, 27.709857952980808 ], [ 77.319376097254676, 27.733486382936874 ], [ 77.311404915445664, 27.779943261230247 ], [ 77.282903653201387, 27.79936951839316 ], [ 77.296949486405055, 27.825369991899596 ], [ 77.331178917143973, 27.831051911788585 ], [ 77.348333000282437, 27.855547107653656 ], [ 77.421855843781586, 27.854377339784918 ], [ 77.4093233502348, 27.874170463769829 ], [ 77.420134865733345, 27.890441775357154 ], [ 77.450534396632065, 27.871027051847062 ], [ 77.4721747300798, 27.8835926916408 ], [ 77.48473866555986, 27.934946738177729 ], [ 77.536609164237618, 27.933980244948057 ], [ 77.544230406429392, 27.962212623689364 ], [ 77.516972725152044, 27.9711510839828 ], [ 77.542431365681239, 27.989093419078628 ], [ 77.512758351760141, 28.031887258784629 ], [ 77.483641103047404, 28.040451361706573 ], [ 77.501241772849596, 28.058519559272902 ], [ 77.474261688961363, 28.087435453840197 ], [ 77.482105615427201, 28.107028722690277 ], [ 77.499081012875891, 28.094417390634995 ], [ 77.512359510553765, 28.124842586022613 ], [ 77.491357768780247, 28.136537047245334 ], [ 77.502101362660142, 28.161182658049302 ], [ 77.549640924351323, 28.179752610779957 ], [ 77.517479097392865, 28.193137065072218 ], [ 77.503254709653433, 28.180762443759907 ], [ 77.496963557088776, 28.205349653830755 ], [ 77.530260803362424, 28.198607739228478 ], [ 77.521284805602434, 28.224441518620537 ], [ 77.550420943190645, 28.242355543118666 ], [ 77.492690654862812, 28.251981234211765 ], [ 77.507072564882293, 28.305687818883648 ], [ 77.471213556980317, 28.334820919628296 ], [ 77.505196963417418, 28.36264046839344 ], [ 77.473439113333782, 28.396974874083721 ], [ 77.47763091655419, 28.419055324350477 ], [ 77.436437682850695, 28.431024514652695 ], [ 77.433433327570071, 28.454916119931347 ], [ 77.38047109195449, 28.470268263757891 ], [ 77.371735519297175, 28.498439821869685 ], [ 77.351634488614621, 28.500080021335471 ], [ 77.347372456901951, 28.520545730782917 ], [ 77.299972770985335, 28.55975676460988 ], [ 77.298378980008238, 28.580150537240211 ], [ 77.34241620444277, 28.608884893375841 ], [ 77.316280400377678, 28.64120142675706 ], [ 77.330716078160151, 28.712751671182552 ], [ 77.291516621093791, 28.706153177050716 ], [ 77.290767294094465, 28.722384377974681 ], [ 77.221868073972786, 28.777390784329683 ], [ 77.234147668410913, 28.783718369383461 ], [ 77.199282003177089, 28.797695231048287 ], [ 77.224283307801855, 28.826118843667949 ], [ 77.188682357134937, 28.88007743067206 ], [ 77.225094644606898, 28.879142591658411 ], [ 77.23449637913285, 28.910804561991384 ], [ 77.196447168075423, 28.938209556142795 ], [ 77.202741082061252, 28.985262512688287 ], [ 77.189119406385259, 29.027668425856632 ], [ 77.166973901744242, 29.033816989380679 ], [ 77.163762582707008, 29.079425750339759 ], [ 77.134081704933877, 29.095147970259916 ], [ 77.149033071384977, 29.116835472216138 ], [ 77.131414166680869, 29.217488690740669 ], [ 77.150002011318435, 29.23276079804759 ], [ 77.138828224130435, 29.266252875158003 ], [ 77.161154815658037, 29.332360104806021 ], [ 77.129525960055915, 29.34257665263771 ], [ 77.123295391670652, 29.370342699717167 ], [ 77.157406861036364, 29.387306942299436 ], [ 77.133253459140263, 29.400841093674124 ], [ 77.148423716280007, 29.434078319966961 ], [ 77.123208823721697, 29.455373624988905 ], [ 77.133381979311324, 29.48262001086751 ], [ 77.096371374334225, 29.519494062364856 ], [ 77.126836442722819, 29.55945236017455 ], [ 77.083950176661233, 29.587238949329098 ], [ 77.109040424380638, 29.596840002777707 ], [ 77.106204883203162, 29.632331138662256 ], [ 77.131517758602783, 29.641840096790943 ], [ 77.156058270605953, 29.692198399766806 ], [ 77.119808863864677, 29.760078871910004 ], [ 77.17954912904743, 29.81342549761354 ], [ 77.178249329713381, 29.84579897395453 ], [ 77.20203107342364, 29.868903944213329 ], [ 77.187973207286717, 29.911358505868655 ], [ 77.217975921781715, 29.923958495204893 ], [ 77.277725591427185, 30.000562623388145 ], [ 77.277784108583106, 30.041811103709033 ], [ 77.334303438263504, 30.053739049314768 ], [ 77.377453256554716, 30.090022786975926 ], [ 77.423860824206969, 30.103206461636624 ], [ 77.403160142021122, 30.111746361764499 ], [ 77.425052822113642, 30.131454775240833 ], [ 77.429756651571253, 30.16398195635405 ], [ 77.456777827993889, 30.162339464969303 ], [ 77.475403145853534, 30.179118645936374 ], [ 77.538246852289348, 30.277962938324169 ], [ 77.586426734013401, 30.313046909690627 ], [ 77.577980836594179, 30.3307773281884 ], [ 77.604591169419919, 30.367394200054811 ], [ 77.576036632587702, 30.397385602699966 ], [ 77.590425103901993, 30.406275764279105 ], [ 77.656647500783876, 30.400939452135965 ], [ 77.720842577037587, 30.330823261927449 ], [ 77.84074800604094, 30.273764882735446 ], [ 77.961697281895979, 30.242369323346225 ], [ 77.918935217803877, 30.211278737228561 ], [ 77.860415545699965, 30.113192546984795 ], [ 77.82805373758957, 30.085917404976705 ], [ 77.801194976570315, 30.095477361357908 ], [ 77.771138656009029, 30.048021868907245 ], [ 77.78198444313395, 30.018627533965393 ], [ 77.733297389668508, 29.955933830136697 ], [ 77.748364506738923, 29.951639188245391 ], [ 77.730471646415822, 29.931694977131855 ], [ 77.747776304263922, 29.911165939712536 ], [ 77.714713923419609, 29.884076786164172 ], [ 77.716518277702662, 29.863186030806805 ], [ 77.743068587796074, 29.850203527160414 ], [ 77.751579318425968, 29.810679554230269 ], [ 77.773523259083561, 29.791267027991235 ], [ 77.769529305312929, 29.745338122089656 ], [ 77.782678024280003, 29.736237864162064 ], [ 77.769731037281304, 29.717602346200582 ], [ 77.810483437132177, 29.702371125848909 ], [ 77.799053611223599, 29.686191420308646 ], [ 77.830048799715854, 29.668299458194031 ], [ 77.88264662744821, 29.702427577223794 ], [ 77.911266910179449, 29.695770678125097 ], [ 77.926443527391399, 29.714219592266186 ], [ 77.947022388143225, 29.712484114999224 ], [ 77.939894513281914, 29.696083131924297 ], [ 77.983767443037493, 29.644723698673641 ], [ 77.977689757133803, 29.613445465700554 ], [ 77.948420951852867, 29.616914468979072 ], [ 77.933302341553755, 29.600514853903743 ], [ 77.967497045220426, 29.580065106051876 ], [ 77.99547393568055, 29.594792778296434 ], [ 78.021599210592214, 29.58085230263001 ], [ 78.018283702253399, 29.598199083611778 ], [ 78.05747174802066, 29.630686886838976 ], [ 78.086688247995866, 29.62503265386459 ], [ 78.081462885430383, 29.635142169705102 ], [ 78.130537968877775, 29.652537575341217 ], [ 78.171622246818742, 29.691570454024724 ], [ 78.196030359725469, 29.692676231291138 ], [ 78.203921799883332, 29.737265234623685 ], [ 78.259075482821061, 29.738117734705934 ], [ 78.335658553218238, 29.79660563716898 ], [ 78.500964283318751, 29.732904815979943 ], [ 78.516542395360446, 29.719401685026753 ], [ 78.532673978313269, 29.638749853197535 ], [ 78.617732244682671, 29.558026725722325 ], [ 78.799672872111628, 29.464574880818201 ], [ 78.942919519094715, 29.435331986716275 ], [ 78.849023584739342, 29.344350474908879 ], [ 78.824732790910403, 29.367130794085746 ], [ 78.795910689972473, 29.311765211260511 ], [ 78.793856825924323, 29.327688710168907 ], [ 78.766551421647506, 29.337401128287148 ], [ 78.718368395819979, 29.303422751177582 ], [ 78.80779690585949, 29.23666721330801 ], [ 78.874480108837716, 29.230248486191357 ], [ 78.875216113821367, 29.205168222779946 ], [ 78.908209493272039, 29.179301093832457 ], [ 78.918737625332753, 29.135442128337772 ], [ 78.906334393965452, 29.125014020670207 ], [ 78.956445260986541, 29.119887972391293 ], [ 78.982343361844315, 29.14304600667344 ], [ 79.008521077707314, 29.111913233777475 ], [ 79.026698756077735, 29.112417071198763 ], [ 79.040513922577702, 29.127800893950663 ], [ 79.014937961174084, 29.133945221654567 ], [ 79.019083364613422, 29.155717397639808 ], [ 79.037802968746973, 29.145459540849025 ], [ 79.034359755009049, 29.169253144727364 ], [ 79.126473650131345, 29.132877173880132 ], [ 79.152646852858354, 29.115569042259882 ], [ 79.142503074873446, 29.0669472643009 ], [ 79.174840246687197, 29.046338071243685 ], [ 79.165473551847228, 29.017628043220441 ], [ 79.211733194819928, 29.027564912919114 ], [ 79.306820880943633, 28.966666816034408 ], [ 79.312043528800331, 28.977052928740147 ], [ 79.364701611928695, 28.968074909349003 ], [ 79.372368357382868, 28.986974713174821 ], [ 79.385298367120967, 28.951769512664896 ], [ 79.408030274911496, 28.951929010850854 ], [ 79.427166082889229, 28.921059751374283 ], [ 79.425569994021657, 28.866419218609483 ], [ 79.52152993889635, 28.864751515928695 ], [ 79.556478980364986, 28.899259944269758 ], [ 79.584269573709918, 28.879180227370412 ], [ 79.573489800181932, 28.854646517146893 ], [ 79.584361626772008, 28.846272737083563 ], [ 79.656049107042804, 28.869769699719424 ], [ 79.706669300863723, 28.841009202719835 ], [ 79.749070833303037, 28.871768330357831 ], [ 79.818024240700979, 28.887806181877906 ], [ 79.849600640978707, 28.859297249387311 ], [ 79.829783229990923, 28.853483971335145 ], [ 79.836900671818512, 28.831770043764639 ], [ 79.824287104419028, 28.807273081696881 ], [ 79.814299512919305, 28.814834624231633 ], [ 79.810191650075694, 28.798298380081949 ], [ 79.849579298804159, 28.799865373110109 ], [ 79.85058577304514, 28.827981825977233 ], [ 79.88808855508492, 28.836618746965645 ], [ 79.915521883949765, 28.804273923392213 ], [ 79.878489043872776, 28.814834288932332 ], [ 79.873057704799166, 28.79728307563995 ], [ 79.900934487902347, 28.782075065302386 ], [ 79.939819679248004, 28.787716828021118 ], [ 79.924078522083974, 28.773163145608748 ], [ 79.954396638668484, 28.722864108130203 ], [ 80.030131837778029, 28.748634161303507 ], [ 80.061735978930031, 28.783195029993653 ], [ 80.06809913865122, 28.802844623041718 ], [ 80.052567953701683, 28.820529581021674 ], [ 80.065361118580967, 28.836899509673039 ], [ 80.074819093033611, 28.824486821014204 ], [ 80.118051621907952, 28.828979808847912 ], [ 80.21598577721457, 28.755568213155151 ], [ 80.256580723955679, 28.754251766779706 ], [ 80.25651912288339, 28.729248448148738 ], [ 80.317121688093891, 28.700142962065907 ], [ 80.325726982577109, 28.666477584689392 ], [ 80.360995358959585, 28.635262687154086 ], [ 80.450844853677211, 28.629539629383004 ], [ 80.468677202584431, 28.583530216243982 ], [ 80.517623785623684, 28.551960231812178 ], [ 80.530595342443689, 28.57262083736844 ], [ 80.506127722437625, 28.671179971755841 ], [ 80.539529679934034, 28.690756412028172 ], [ 80.590519990431773, 28.680036686085273 ], [ 80.589448366773169, 28.648037166622156 ], [ 80.66762539882734, 28.64218933366103 ], [ 80.677466810175815, 28.604445990876119 ], [ 80.695750680192589, 28.603485742648566 ], [ 80.69044598920101, 28.587595895362334 ], [ 80.714532675017608, 28.568404828710765 ], [ 80.768600671170901, 28.565907170317651 ], [ 80.789194533787992, 28.524518718974917 ], [ 80.865948965910448, 28.489583858383099 ], [ 80.861521618134361, 28.504393574320861 ], [ 80.896093967258253, 28.507019422002639 ], [ 80.91541461079224, 28.457637150927908 ], [ 80.914148181176046, 28.468427711621043 ], [ 80.930517531116607, 28.457774754315359 ], [ 80.94256800844488, 28.468889700332269 ], [ 80.932021265088125, 28.458890654687004 ], [ 80.951726752279725, 28.447640152000545 ], [ 80.980167386327167, 28.455241628204508 ], [ 80.964643461561721, 28.444837682798134 ], [ 80.978834145410048, 28.434151882608187 ], [ 81.016757137780161, 28.451288842939192 ], [ 81.012609330449123, 28.437819748868357 ], [ 81.034203438388985, 28.428179165367688 ], [ 81.017531770321014, 28.415472593038018 ], [ 81.033833593003351, 28.398898356647944 ], [ 81.035673368756377, 28.413577411758638 ], [ 81.07973896558083, 28.38505965182236 ], [ 81.210596878208634, 28.360833495940852 ], [ 81.234482280316172, 28.324738624106047 ], [ 81.232638616654597, 28.289148134122868 ], [ 81.320943817567297, 28.197554310862031 ], [ 81.321347199757426, 28.168885655937647 ], [ 81.302004189969509, 28.164762662091302 ], [ 81.328059463662669, 28.148081655261219 ], [ 81.318030713153235, 28.133671645665544 ], [ 81.371076324105303, 28.143491578009559 ], [ 81.373514876402524, 28.17730070202666 ], [ 81.446683629169513, 28.161015665867311 ], [ 81.449933677273577, 28.140850619926677 ], [ 81.484005232694585, 28.118565967120556 ], [ 81.478276329378048, 28.08271317020246 ], [ 81.623985137282347, 28.001601000620688 ], [ 81.698440705134246, 27.9881910849669 ], [ 81.884958492379255, 27.856950583384297 ], [ 81.925849845434882, 27.859831337290462 ], [ 81.968324251006663, 27.929120763010257 ], [ 82.069960837909591, 27.923645819031535 ], [ 82.121382363998222, 27.865846271395583 ], [ 82.208306751013012, 27.843578802684927 ], [ 82.448670311871268, 27.679315057053422 ], [ 82.707343547751165, 27.720606730033605 ], [ 82.712215319047772, 27.664069172089985 ], [ 82.736601627147593, 27.643452776104457 ], [ 82.735469082441369, 27.609194807941005 ], [ 82.755837242444983, 27.587026163346707 ], [ 82.735546940325335, 27.502352073774322 ], [ 82.929287993633352, 27.50118985037852 ], [ 82.954092377666399, 27.467732553367952 ], [ 83.034574118430371, 27.448722991283077 ], [ 83.187947996430822, 27.454315518698596 ], [ 83.272151582282689, 27.383348649282244 ], [ 83.272427147682606, 27.352628146892876 ], [ 83.304864554414081, 27.331302503039684 ], [ 83.359338208190124, 27.343926606716639 ], [ 83.405391783026559, 27.405425028867441 ], [ 83.383910454079057, 27.436276616842505 ], [ 83.401739278895391, 27.457539065711135 ], [ 83.388933611263965, 27.479675487323679 ], [ 83.614253450775067, 27.469443319395939 ], [ 83.830842570328045, 27.369788698701889 ], [ 83.863943715273479, 27.347233480946446 ], [ 83.836571944361808, 27.322215097857143 ], [ 83.859338060896647, 27.308065525206164 ], [ 83.922137296234368, 27.323746814937504 ], [ 83.9340738366419, 27.299746338948552 ], [ 83.905072032222947, 27.25761579704281 ], [ 83.970183866173585, 27.223992024983634 ], [ 83.994208232265649, 27.174531556390477 ], [ 83.958720835837156, 27.136260324634929 ], [ 83.946773263219612, 27.090239897803514 ], [ 84.030337400404491, 27.097630435215994 ], [ 83.999996050691777, 27.069543694704038 ], [ 84.049675037368701, 27.04222895601599 ], [ 84.037308853422033, 27.00907735389023 ], [ 84.056376516998952, 26.99015377937156 ], [ 84.045760041918257, 26.982238693001346 ], [ 84.054833851839632, 26.960062575317309 ], [ 84.032186390177387, 26.940693075035096 ], [ 84.060152024747012, 26.919611981273704 ], [ 84.060267539109375, 26.888103184679707 ], [ 84.097507181246229, 26.875829087024634 ], [ 84.110414977444009, 26.898598781281958 ], [ 84.146408243955108, 26.885424403342235 ], [ 84.14060834498504, 26.852652504707883 ], [ 84.166095607635825, 26.833768854615855 ], [ 84.218766035412841, 26.871288567058969 ], [ 84.254094592631105, 26.85659437409403 ], [ 84.259833536417574, 26.803760859395791 ], [ 84.232576366281634, 26.753666903737596 ], [ 84.240272720207571, 26.739320084886739 ], [ 84.256308734990597, 26.726859773640768 ], [ 84.305865194157676, 26.749487853301687 ], [ 84.330055619219905, 26.684099854208753 ], [ 84.410410767597398, 26.670248856339981 ], [ 84.419564907566425, 26.626191896609242 ], [ 84.307267159787315, 26.616322772695998 ], [ 84.281321264963182, 26.599599837686075 ], [ 84.159534042407728, 26.624774181245506 ], [ 84.15928518571782, 26.636047189803357 ], [ 84.086499055973064, 26.639142020822685 ], [ 84.089086998102019, 26.603023056131235 ], [ 84.048119664641376, 26.536403599648363 ], [ 84.009006708150338, 26.522122575051178 ], [ 83.976710080000331, 26.533495946840244 ], [ 83.970825094403182, 26.507509525610377 ], [ 83.940356757045279, 26.525242449122608 ], [ 83.908085466776171, 26.519077139705324 ], [ 83.908019860116013, 26.447088964694228 ], [ 83.99126062356153, 26.432238726336866 ], [ 84.016830073975996, 26.447554213643283 ], [ 84.033860762730399, 26.411654250052067 ], [ 84.079166305938145, 26.382507270210105 ], [ 84.176837830686608, 26.369587057262549 ], [ 84.185973548005762, 26.312899357223088 ], [ 84.166208432442247, 26.240945886637725 ], [ 84.122244654265359, 26.258851915366289 ], [ 84.086411666065601, 26.218750579660814 ], [ 84.018668105200732, 26.23854899176699 ], [ 84.015301788149415, 26.223276881146326 ], [ 84.038350193974082, 26.200973577064413 ], [ 84.013228434252852, 26.194020325331017 ], [ 84.009952561380999, 26.174478071876347 ], [ 84.033969278318395, 26.159682736002072 ], [ 84.027439268211282, 26.142401294700445 ], [ 84.049635172831316, 26.130695862166636 ], [ 84.055951762091581, 26.10005508729159 ], [ 84.103811545333798, 26.092736864378896 ], [ 84.172457687582067, 26.024604700124723 ], [ 84.17002718868136, 25.987676182866306 ], [ 84.206533186607132, 25.998888799644948 ], [ 84.296914475888144, 25.945174302245135 ], [ 84.353953422569901, 25.958782857377894 ], [ 84.411901164281915, 25.930779901784899 ], [ 84.42755594843139, 25.891235121248421 ], [ 84.533979972792096, 25.876369336366874 ], [ 84.543220871152911, 25.859955641899884 ], [ 84.52321937380384, 25.860290287333012 ], [ 84.530521695205138, 25.831611595926287 ], [ 84.548613404802865, 25.828537325095969 ], [ 84.550864950315841, 25.840683683209175 ], [ 84.623522745840773, 25.793042546917842 ], [ 84.623468253137347, 25.770796529327022 ], [ 84.603965825624158, 25.760734687313722 ], [ 84.634077484203544, 25.733466191905986 ], [ 84.560282897635986, 25.736895716126263 ], [ 84.557430115093297, 25.679511871168383 ], [ 84.535182672328759, 25.690950165646999 ], [ 84.539560475322006, 25.726693882816658 ], [ 84.528868313585377, 25.682492635230926 ], [ 84.499338456086249, 25.674682293078298 ], [ 84.453509338798284, 25.714325961134431 ], [ 84.429648717616217, 25.711615307964831 ], [ 84.42767788305315, 25.693617041646508 ], [ 84.406737888777315, 25.698420771779855 ], [ 84.389477928402812, 25.7460433386996 ], [ 84.375220274251774, 25.735329520604683 ], [ 84.336344928441619, 25.744233695998691 ], [ 84.324345928172363, 25.67103327868195 ], [ 84.28761123175164, 25.677546743205223 ], [ 84.30025953520655, 25.665394826374591 ], [ 84.27686213658896, 25.660411853868595 ], [ 84.206011424428866, 25.669464090979091 ], [ 84.198894751559152, 25.702076814265389 ], [ 84.154669266292217, 25.729244665385362 ], [ 84.143112281160228, 25.716369939967159 ], [ 84.130113609591689, 25.717675373824516 ], [ 84.13990059111876, 25.731656991314924 ], [ 84.105061922055839, 25.72121696589166 ], [ 84.07531246958888, 25.695574098696248 ], [ 84.081275967941878, 25.636307958731336 ], [ 84.017038600801186, 25.614473439084428 ], [ 83.924590102998494, 25.55431467396339 ], [ 83.902088958031428, 25.524026332628306 ], [ 83.876212669167089, 25.518062015315756 ], [ 83.85674665486394, 25.468569834988319 ], [ 83.816555833219695, 25.462759456615519 ], [ 83.812809624024609, 25.448197362952893 ], [ 83.846353426402715, 25.434351365361117 ], [ 83.801561118564564, 25.429831215960579 ], [ 83.807835354954122, 25.409099182366756 ], [ 83.768973457822042, 25.386355107598177 ], [ 83.740594093368571, 25.410631685330106 ], [ 83.710123003572619, 25.386044702959204 ], [ 83.70168271074246, 25.396159644854446 ], [ 83.682056789132233, 25.378624427636012 ], [ 83.693707382310095, 25.369628489327987 ], [ 83.655846226370869, 25.367619169079674 ], [ 83.64807608303083, 25.339094881139449 ], [ 83.595680284609244, 25.327340413331711 ], [ 83.574483238313164, 25.306518015981524 ], [ 83.573427689108257, 25.314073142907539 ], [ 83.539803446189723, 25.315727609744304 ], [ 83.554094306565233, 25.308491010203031 ], [ 83.505459915934964, 25.281039452596765 ], [ 83.490376689376589, 25.289479801334345 ], [ 83.46792305091499, 25.252344188646408 ], [ 83.450090709194313, 25.261038434704982 ], [ 83.436229197710531, 25.244239068153728 ], [ 83.409912234893653, 25.246606307325493 ], [ 83.402040216312201, 25.209064018224296 ], [ 83.357249362846503, 25.199661418852962 ], [ 83.351301528417153, 25.157011310052493 ], [ 83.367369574428238, 25.125226853598388 ], [ 83.350087553227027, 25.113278127121909 ], [ 83.343352386773617, 25.05087952282582 ], [ 83.320215886762284, 25.017261371663988 ], [ 83.349810523573169, 25.009248593212188 ], [ 83.343106569982652, 24.963072120888288 ], [ 83.361452774096975, 24.953722340907063 ], [ 83.354637995349847, 24.905090177104164 ], [ 83.369461777674417, 24.879534302331983 ], [ 83.357498373148317, 24.871128630841582 ], [ 83.396594048748213, 24.832345274872178 ], [ 83.39286723418013, 24.783086097366446 ], [ 83.458556822300679, 24.731219231068163 ], [ 83.489339623906957, 24.736328542261774 ], [ 83.484981906345141, 24.701961131793936 ], [ 83.520379756909506, 24.67750199134305 ], [ 83.501936971325691, 24.648544438630296 ], [ 83.547979218406397, 24.623278787942109 ], [ 83.523305897674973, 24.602522281396006 ], [ 83.530096479401621, 24.567321966295911 ], [ 83.497121694178972, 24.539095671125775 ], [ 83.503290356963063, 24.52542943636081 ], [ 83.396942709164492, 24.496901075754973 ], [ 83.385512148433989, 24.451266836067802 ], [ 83.404894107375981, 24.43599857380174 ], [ 83.40507018974813, 24.40478448429112 ], [ 83.433999121034532, 24.400607404157846 ], [ 83.457266153443172, 24.364549511166022 ], [ 83.380032782730368, 24.313131716620827 ], [ 83.407166739043632, 24.28878214986749 ], [ 83.409031524792482, 24.266230891171659 ], [ 83.378731932367415, 24.230360726690481 ], [ 83.382047510774854, 24.195144504024224 ], [ 83.354062105184141, 24.124906739992035 ], [ 83.299455291438591, 24.078928863616941 ], [ 83.279109770776756, 24.018274687040115 ], [ 83.242585730188466, 24.011585716349806 ], [ 83.223959778118186, 23.98697160612145 ], [ 83.207918577361028, 23.921394823005357 ], [ 83.088762304677118, 23.871120053031124 ], [ 82.936624793273566, 23.877068333840992 ], [ 82.836986821333866, 23.956804337124005 ], [ 82.81261164695367, 23.959869432233667 ], [ 82.804338864771196, 24.003262132917904 ], [ 82.750704541101058, 24.01197814320491 ], [ 82.773561452158319, 24.07653781623922 ], [ 82.714627112329339, 24.076353351599096 ], [ 82.665238003909749, 24.12448735233567 ], [ 82.682885022289028, 24.154591873359269 ], [ 82.72807757899362, 24.13514294161039 ], [ 82.744436920803565, 24.165480434977813 ], [ 82.73481365094878, 24.217780431708601 ], [ 82.759013279251121, 24.236354161153468 ], [ 82.77363800209524, 24.343422126790479 ], [ 82.763355439788839, 24.376629956660647 ], [ 82.726131680764468, 24.367931608733088 ], [ 82.713207016900625, 24.380235764380082 ], [ 82.73879479743843, 24.426235656330263 ], [ 82.729894856440339, 24.472651466952502 ], [ 82.743574400688601, 24.496543082652831 ], [ 82.720634095430256, 24.514032362345279 ], [ 82.731003029852928, 24.535250242643762 ], [ 82.719315491662371, 24.551747870860666 ], [ 82.751639089932183, 24.54990684270166 ], [ 82.755520127268213, 24.537446750887248 ], [ 82.807544970884805, 24.54899438462288 ], [ 82.802561719559762, 24.598185884080891 ], [ 82.765461920858115, 24.59577096138381 ], [ 82.779361139125967, 24.613014896406774 ], [ 82.774301654070939, 24.641774715669431 ], [ 82.706938716578478, 24.636238766286805 ], [ 82.700888477799978, 24.676018682665578 ], [ 82.670252014448451, 24.697048480360202 ], [ 82.539634482905797, 24.64785143631201 ], [ 82.523316887603727, 24.676083430281757 ], [ 82.450238375098593, 24.674409681361727 ], [ 82.452193904165895, 24.689507914942748 ], [ 82.430485577234279, 24.702585373328464 ], [ 82.406204469939041, 24.681119460864487 ], [ 82.416110211441676, 24.5911984381402 ], [ 82.364767348127501, 24.597198211385273 ], [ 82.33863893899381, 24.620364477289552 ], [ 82.29680412222622, 24.605840434380283 ], [ 82.302653699828113, 24.667653431609093 ], [ 82.26898574398956, 24.683405116622346 ], [ 82.260874018059411, 24.661312353271349 ], [ 82.239212822137475, 24.661571417335956 ], [ 82.229780843132588, 24.682306321710332 ], [ 82.250110601954447, 24.697452957638735 ], [ 82.250934267238435, 24.769930313965631 ], [ 82.244735369856841, 24.744320623355268 ], [ 82.226458262357511, 24.761237112595634 ], [ 82.228840500167891, 24.745582810137325 ], [ 82.206569224200564, 24.747194594128338 ], [ 82.221304464079125, 24.722327777295941 ], [ 82.1775584186625, 24.732898552283739 ], [ 82.202885535952632, 24.757567815889775 ], [ 82.196545100014845, 24.778059546718605 ], [ 82.209444873358848, 24.77152577809839 ], [ 82.217872907778613, 24.77654480982601 ], [ 82.216268894871916, 24.794009995720728 ], [ 82.184257285991876, 24.79563299307739 ], [ 82.202904164316678, 24.819268183720506 ], [ 82.178112341426257, 24.810693569621467 ], [ 82.167090381199387, 24.785527626097043 ], [ 82.13866151687877, 24.799462794171827 ], [ 82.115895968977483, 24.784503985184234 ], [ 82.097654075437276, 24.816148661764519 ], [ 82.016939934221128, 24.845980123674725 ], [ 81.96526618455691, 24.827039505091552 ], [ 81.903602918303307, 24.88969359091972 ], [ 81.919620162788476, 24.927786337198921 ], [ 81.906086118666806, 25.006485694389564 ], [ 81.895561444221613, 25.009518084817312 ], [ 81.892333824355248, 24.988886080623519 ], [ 81.834815287804531, 25.016972071166599 ], [ 81.792212727675988, 25.004407375209951 ], [ 81.731507661098291, 25.04864190733387 ], [ 81.689752295826011, 25.038947807826034 ], [ 81.666795219919621, 25.075011660163788 ], [ 81.611434053100723, 25.056501523623165 ], [ 81.60035062475221, 25.073846299328611 ], [ 81.640015800801237, 25.0979418929691 ], [ 81.624081634310159, 25.120036955192099 ], [ 81.608316679875912, 25.0960549399923 ], [ 81.598245404019252, 25.132442009650326 ], [ 81.623320269886037, 25.141039386115597 ], [ 81.626210543617177, 25.160466716666242 ], [ 81.588463424311684, 25.165769733198207 ], [ 81.594480348169526, 25.182137621890281 ], [ 81.578574222590049, 25.190853849607489 ], [ 81.514603389187457, 25.184337373165267 ], [ 81.536500065884681, 25.160547875400439 ], [ 81.527243805434168, 25.138091066615264 ], [ 81.499509805952144, 25.148681735340947 ], [ 81.495383813309473, 25.130389087280527 ], [ 81.479960371396771, 25.132179160375465 ], [ 81.490321725835088, 25.109445047082804 ], [ 81.517746581790192, 25.100345485206294 ], [ 81.491134519707543, 25.072323733185794 ], [ 81.407591881902349, 25.104958856287048 ], [ 81.447464271439614, 25.107761389641134 ], [ 81.438524733602094, 25.130334664738562 ], [ 81.399920976350089, 25.119219166701299 ], [ 81.334328089174946, 25.16866286876752 ], [ 81.319563359402196, 25.156782582105357 ], [ 81.32166545220133, 25.112752339855696 ], [ 81.313430144139247, 25.163735687202131 ], [ 81.277516155748586, 25.166000224052429 ], [ 81.252137287413262, 25.102076605130865 ], [ 81.266672148186231, 25.084389693805658 ], [ 81.263821115561697, 25.052764528008989 ], [ 81.208924056147836, 24.992617517860154 ], [ 81.219637430701582, 24.928619160341643 ], [ 81.193206965748544, 24.925266267112953 ], [ 81.207030838720243, 24.930621736214874 ], [ 81.168011981653535, 24.955229178036319 ], [ 81.139604257386523, 24.887527421688837 ], [ 81.096302173756342, 24.921189356262527 ], [ 81.084507190769585, 24.949907915667012 ], [ 81.033846924900473, 24.95261173811544 ], [ 81.025553573094598, 24.940703541233674 ], [ 81.016266640567054, 24.951503049087879 ], [ 81.0230692372606, 24.927620834008579 ], [ 80.973851333361139, 24.93419240436576 ], [ 80.957177667439993, 24.917853487687804 ], [ 80.946004099440927, 24.96626518815803 ], [ 80.899148488057591, 24.948622075231132 ], [ 80.9061902333478, 24.934934902645839 ], [ 80.891716721220519, 24.945106813871018 ], [ 80.811991131957043, 24.922547772074594 ], [ 80.820049822251178, 24.932905700159115 ], [ 80.792499569567255, 24.965279407046481 ], [ 80.851735925689681, 24.988248612601627 ], [ 80.83171257502471, 25.032156001351439 ], [ 80.878040560925925, 25.065469248953491 ], [ 80.868795725249228, 25.116528232640885 ], [ 80.91291198795399, 25.159083141227303 ], [ 80.88367460843665, 25.187261959136539 ], [ 80.869661704776348, 25.174939775967712 ], [ 80.838142968255028, 25.180347044357895 ], [ 80.849103928382561, 25.162601690684387 ], [ 80.829666879357433, 25.101012221379364 ], [ 80.80376483669221, 25.137567424094893 ], [ 80.78637635255339, 25.129442395747574 ], [ 80.778780262291249, 25.142260977394905 ], [ 80.741952690849928, 25.123633304330856 ], [ 80.729988581146358, 25.146156462386639 ], [ 80.704389374038101, 25.128374875903994 ], [ 80.727351563155096, 25.118552525745322 ], [ 80.725451212205812, 25.091431089015163 ], [ 80.783633553445839, 25.075948872681916 ], [ 80.775760606006386, 25.054824049325934 ], [ 80.720721184281246, 25.064008883212125 ], [ 80.679736899611157, 25.048457147183473 ], [ 80.685012652274196, 25.076607265265331 ], [ 80.661736397760862, 25.067605427163123 ], [ 80.657820601013199, 25.083232819376367 ], [ 80.60804217083431, 25.098717343911158 ], [ 80.63822688759916, 25.116867372685736 ], [ 80.62794006009176, 25.133573130156993 ], [ 80.611612887850441, 25.127700139681643 ], [ 80.605262769870535, 25.15048456122566 ], [ 80.592286299265922, 25.090197273641039 ], [ 80.613136231146328, 25.065695561824903 ], [ 80.567896792265373, 25.086104928201035 ], [ 80.545449088972873, 25.064546174405478 ], [ 80.518131729916234, 25.094703034147884 ], [ 80.482722233592554, 25.100211025989786 ], [ 80.506627520807186, 25.083974237391949 ], [ 80.501911467075175, 25.042024344840019 ], [ 80.546435364594686, 25.032119916265735 ], [ 80.54947573423334, 25.002466208188768 ], [ 80.499302252840266, 25.006214615131451 ], [ 80.47893344335472, 24.974083823833773 ], [ 80.456837574226356, 24.981003671302432 ], [ 80.462854599593868, 25.002533369323718 ], [ 80.437243339789461, 24.994328739024663 ], [ 80.454793340118044, 25.006117272085245 ], [ 80.433537310440428, 25.023374152376448 ], [ 80.454449924066395, 25.042222952104567 ], [ 80.474353336166232, 25.03052945968226 ], [ 80.501405248446275, 25.037920937304772 ], [ 80.47507783822266, 25.038139121375082 ], [ 80.448981917559536, 25.078651510220269 ], [ 80.415744155927371, 25.072760368215196 ], [ 80.408662450878396, 25.055546715646727 ], [ 80.401028925123427, 25.067103416992257 ], [ 80.388003746965794, 25.050914355631463 ], [ 80.373767909299744, 25.05592059894051 ], [ 80.396440435755025, 25.011946234213241 ], [ 80.387315496422659, 25.004314421289219 ], [ 80.362949056361984, 25.023597207206059 ], [ 80.330992992112584, 24.992199920973082 ], [ 80.273659156370812, 25.026069786693341 ], [ 80.290581484945761, 25.059514799895258 ], [ 80.311397711138369, 25.044234336727122 ], [ 80.35533461621354, 25.055634927109889 ], [ 80.349163756150276, 25.086336268267274 ], [ 80.376022837868078, 25.117329693635874 ], [ 80.354344301766204, 25.137879028996608 ], [ 80.431665917582691, 25.177617141000606 ], [ 80.40388961733224, 25.243533269216432 ], [ 80.383576477343141, 25.237288953292129 ], [ 80.351426580011591, 25.277157288919472 ], [ 80.310799884113408, 25.28640704019292 ], [ 80.322670200718221, 25.332089111954041 ], [ 80.30955180258691, 25.354362753361599 ], [ 80.314938433407136, 25.390107788191919 ], [ 80.263838177203453, 25.424019526152097 ], [ 80.253419224585755, 25.400834371806919 ], [ 80.22082092868861, 25.396743494220242 ], [ 80.202371869270848, 25.414036539733285 ], [ 80.194931515437943, 25.378157730992125 ], [ 80.168961824241933, 25.376858862327691 ], [ 80.131096889090287, 25.334230131808251 ], [ 80.088780835841845, 25.355854664974871 ], [ 80.072779199584744, 25.336996740336829 ], [ 80.033415024732918, 25.342023561638946 ], [ 80.022212735797609, 25.29761615525905 ], [ 79.998943427956362, 25.285972927622989 ], [ 80.004236589071283, 25.265556026972849 ], [ 79.948330353284064, 25.268662393112137 ], [ 79.917554848692845, 25.22682516682579 ], [ 79.907488262042008, 25.250889863965668 ], [ 79.851378477892865, 25.235558961343262 ], [ 79.86768625191398, 25.21706834893137 ], [ 79.856019765742104, 25.194052323707279 ], [ 79.866455548296642, 25.149820807670146 ], [ 79.881093767429576, 25.142394583650628 ], [ 79.851616948261452, 25.128549402098116 ], [ 79.861531751070359, 25.09621007917373 ], [ 79.748499272118679, 25.139351349714243 ], [ 79.684284812017765, 25.135325850318115 ], [ 79.673221736798638, 25.120358060833546 ], [ 79.623137697065175, 25.140497002649791 ], [ 79.601138849580778, 25.127486767283866 ], [ 79.606985769067762, 25.152768631634359 ], [ 79.59568617282423, 25.143367727306885 ], [ 79.572328704320995, 25.171027190401453 ], [ 79.517947487187683, 25.127034917044245 ], [ 79.524348509101472, 25.096445613303793 ], [ 79.491504176326075, 25.079654213398463 ], [ 79.465024604968079, 25.088045616082191 ], [ 79.477240545683472, 25.127451228360492 ], [ 79.440026218969606, 25.101500528593984 ], [ 79.438949653678634, 25.128276186281823 ], [ 79.42129653214532, 25.135432488647371 ], [ 79.426134031815536, 25.119055257788467 ], [ 79.405739544885833, 25.106359438345557 ], [ 79.384203162686163, 25.142539484339132 ], [ 79.389904130193997, 25.170108491692361 ], [ 79.411631887685189, 25.182697725125312 ], [ 79.412078788759231, 25.200318920359852 ], [ 79.440370725576045, 25.198819536129662 ], [ 79.448834088939321, 25.215073573351205 ], [ 79.432656857196989, 25.220637103970507 ], [ 79.462463232310256, 25.264666441257354 ], [ 79.494459006586794, 25.266905686242183 ], [ 79.46115863327762, 25.282521466185283 ], [ 79.437884677553114, 25.255215313100283 ], [ 79.408812860237589, 25.256091102057468 ], [ 79.40451696383532, 25.276687921608335 ], [ 79.368592085168487, 25.29245635895937 ], [ 79.362899081225649, 25.261696360751866 ], [ 79.358309704321769, 25.284236764777337 ], [ 79.336147293387086, 25.288096315192224 ], [ 79.352231104831432, 25.329882227765378 ], [ 79.299886125902106, 25.337634482867319 ], [ 79.270516694037994, 25.309716204950021 ], [ 79.26446587225287, 25.268945186215884 ], [ 79.282678716073406, 25.26216188162271 ], [ 79.293787413132549, 25.283583629794137 ], [ 79.316517668921236, 25.255957651370473 ], [ 79.350862155881785, 25.26392012594453 ], [ 79.343575798441393, 25.227056657091154 ], [ 79.332757102708797, 25.228279564948323 ], [ 79.351894311160052, 25.212156622116062 ], [ 79.338363488396993, 25.19795855900292 ], [ 79.328527049223595, 25.221322821295942 ], [ 79.279333200410832, 25.244762375808101 ], [ 79.284616613906593, 25.191187744904642 ], [ 79.308508331170557, 25.198286713302451 ], [ 79.323133736734292, 25.149829514116522 ], [ 79.313653938610173, 25.136235231734169 ], [ 79.278181112855577, 25.117430440979778 ], [ 79.259904805755141, 25.125257745868584 ], [ 79.264888731714976, 25.151725112334368 ], [ 79.244503336634295, 25.159031926933526 ], [ 79.224358026194793, 25.146029237205244 ], [ 79.249304328771387, 25.140094535323907 ], [ 79.245435963070719, 25.113975736705488 ], [ 79.215029468431894, 25.111406577628898 ], [ 79.192209585930684, 25.146213911846658 ], [ 79.17618005608567, 25.140059979185683 ], [ 79.185995516003928, 25.114933112346534 ], [ 79.131886546792188, 25.109014105146361 ], [ 79.116002577260858, 25.139648885382719 ], [ 79.12609355586666, 25.161219920917762 ], [ 79.090382262438411, 25.190550165822884 ], [ 79.051117834719122, 25.134268628138031 ], [ 79.030763218615036, 25.138479593648373 ], [ 79.030913790629697, 25.184480697360421 ], [ 79.052329190421887, 25.207444581802854 ], [ 79.059666087978457, 25.190408994781649 ], [ 79.063683440167296, 25.221757846822147 ], [ 79.021773402969373, 25.241571924272332 ], [ 79.013221584296687, 25.274049904654134 ], [ 78.994374624208646, 25.273163360006112 ], [ 78.975063975330542, 25.24207297497351 ], [ 79.001186178003948, 25.233698146323249 ], [ 79.005873393120368, 25.195047224114749 ], [ 78.953858089612083, 25.218962619383266 ], [ 78.880395915632278, 25.157616306297211 ], [ 78.870635108317586, 25.187013761107938 ], [ 78.890584753111824, 25.214424298283507 ], [ 78.869531980741939, 25.231107415117531 ], [ 78.880921632194401, 25.254010953331303 ], [ 78.898782052555944, 25.243012442618809 ], [ 78.917025798422273, 25.273584992315509 ], [ 78.945143765704486, 25.259419587308592 ], [ 78.955512918417767, 25.28275859223514 ], [ 78.979924567991773, 25.279046550726299 ], [ 78.957427552580072, 25.302238087618452 ], [ 78.960615639387399, 25.345083413174955 ], [ 78.927209031312742, 25.324354899693482 ], [ 78.920909404940048, 25.343589273271661 ], [ 78.911841577798469, 25.332560749252018 ], [ 78.882004070670732, 25.343636918012152 ], [ 78.862616302323801, 25.314452039921964 ], [ 78.879895563900462, 25.285976303313706 ], [ 78.849653561569994, 25.228785356862765 ], [ 78.809472227931792, 25.270602274614518 ], [ 78.828566141179593, 25.30273714264677 ], [ 78.787781832271548, 25.296007057917116 ], [ 78.798236626770745, 25.313936220300072 ], [ 78.819299106335578, 25.306940563707201 ], [ 78.846296058788241, 25.327259236002785 ], [ 78.845743060390916, 25.35555460763986 ], [ 78.880242741198231, 25.385892763276779 ], [ 78.953300075022199, 25.399949460718766 ], [ 78.938294940808092, 25.374825448401335 ], [ 78.896348572146806, 25.372824570646465 ], [ 78.938712452599304, 25.346976728912274 ], [ 78.959158854067553, 25.371511096240678 ], [ 78.989331908005056, 25.37404080273145 ], [ 78.969929132402967, 25.390113671903283 ], [ 78.966996665701288, 25.434623173944388 ], [ 78.950935516056617, 25.440549610299925 ], [ 78.938265139198549, 25.422248944835424 ], [ 78.908872790413227, 25.442420519782512 ], [ 78.937815274582348, 25.465036961962983 ], [ 78.943906092957164, 25.482925593620845 ], [ 78.926639592847437, 25.490429525993171 ], [ 78.942156125376385, 25.492449782116722 ], [ 78.919900661554664, 25.515401063286166 ], [ 78.951789904621663, 25.548787095187208 ], [ 78.936495019710961, 25.556832720936221 ], [ 78.922221758230194, 25.536053756855228 ], [ 78.917108405699153, 25.552285583714887 ], [ 78.893395955335009, 25.555314489156927 ], [ 78.874294918446935, 25.540949486068243 ], [ 78.884382036093626, 25.515579241709563 ], [ 78.833413733422034, 25.502638239201556 ], [ 78.866171082328449, 25.465668643609376 ], [ 78.846560653063619, 25.42868725578646 ], [ 78.820725377681853, 25.43869098282336 ], [ 78.854887945017566, 25.447694885151954 ], [ 78.840890368412602, 25.461499106633404 ], [ 78.820608038841129, 25.467744201859134 ], [ 78.809170316741188, 25.453413774623613 ], [ 78.818249468045238, 25.47165195169082 ], [ 78.796693236671004, 25.482763254351479 ], [ 78.767828864609086, 25.469428073263629 ], [ 78.74283442041812, 25.498779715749098 ], [ 78.733456468789328, 25.489426034390931 ], [ 78.731827344377194, 25.458058689702149 ], [ 78.762847120657071, 25.426589242365768 ], [ 78.802970735741667, 25.437162341895998 ], [ 78.8213736379235, 25.422578067788979 ], [ 78.749739945178632, 25.4110595369682 ], [ 78.748145211868817, 25.390988985606974 ], [ 78.767567044331315, 25.400482198754815 ], [ 78.756922739443141, 25.385444050880551 ], [ 78.77365965125189, 25.376167642373201 ], [ 78.774587785213541, 25.353104129390992 ], [ 78.724122346861577, 25.343967256311931 ], [ 78.699604311605128, 25.381888647596462 ], [ 78.65894873756551, 25.385286640401159 ], [ 78.662912374991933, 25.412741343290673 ], [ 78.674898773694366, 25.399567325142307 ], [ 78.711199155336487, 25.428454880285582 ], [ 78.689865855273055, 25.445748033784668 ], [ 78.68171241337771, 25.433221996361407 ], [ 78.659834597708198, 25.441660059138883 ], [ 78.641356730217595, 25.433493915389416 ], [ 78.635816523416395, 25.40069484115666 ], [ 78.609666728090744, 25.416022366622631 ], [ 78.590193538045114, 25.386026828858132 ], [ 78.566504654084085, 25.393534378239643 ], [ 78.5625922062558, 25.377848307643593 ], [ 78.585700760576955, 25.374173201347087 ], [ 78.583792078651769, 25.34736680905322 ], [ 78.531998957259333, 25.356578072604091 ], [ 78.553067559741123, 25.319641917262437 ], [ 78.531738776406968, 25.300537604660963 ], [ 78.509896967908986, 25.295552822196473 ], [ 78.501669562326427, 25.320718336106342 ], [ 78.472683756902711, 25.285528898387014 ], [ 78.454706197126455, 25.301243069721963 ], [ 78.43548808460406, 25.28518843599219 ], [ 78.450853639079824, 25.262107924951831 ], [ 78.5039250882744, 25.28963076562917 ], [ 78.577901852283262, 25.254818846928202 ], [ 78.555537237764639, 25.211419316247358 ], [ 78.570312078974212, 25.223707054956446 ], [ 78.603124253859036, 25.146866175349995 ], [ 78.602166761157264, 25.094936033810686 ], [ 78.632332902558645, 25.082276603127447 ], [ 78.652514046794849, 25.035060732913831 ] ], [ [ 78.510161389707804, 25.16813358815061 ], [ 78.527234273229439, 25.177175971014869 ], [ 78.529634569871973, 25.180232944176154 ], [ 78.508420089971167, 25.177930093954533 ], [ 78.493054053998407, 25.153415887811082 ], [ 78.510161389707804, 25.16813358815061 ] ] ] ] } },
{ "type": "Feature", "properties": { "stname": "GUJARAT", "num_caaqms": 17, "num_manual": 24 }, "geometry": { "type": "MultiPolygon", "coordinates": [ [ [ [ 71.254561590927523, 20.81397848262478 ], [ 71.256979753264417, 20.813452053799683 ], [ 71.25675261244821, 20.812007713989093 ], [ 71.254665022051014, 20.811718482790138 ], [ 71.254561590927523, 20.81397848262478 ] ] ], [ [ [ 71.261923011593026, 20.816973734951578 ], [ 71.263153246289775, 20.81633537926125 ], [ 71.261995502043192, 20.815042046613488 ], [ 71.260787216782091, 20.815960321854217 ], [ 71.261923011593026, 20.816973734951578 ] ] ], [ [ [ 69.324296896319495, 22.379675754703534 ], [ 69.324761349575894, 22.382409879305946 ], [ 69.339408963290083, 22.38597409265946 ], [ 69.332695861256695, 22.372817133925018 ], [ 69.324296896319495, 22.379675754703534 ] ] ], [ [ [ 69.648648880349413, 22.434448121891357 ], [ 69.656827511903629, 22.425379139076423 ], [ 69.636497882439173, 22.405715812308024 ], [ 69.589908713165727, 22.437320983398592 ], [ 69.628928291579584, 22.458851759019961 ], [ 69.648648880349413, 22.434448121891357 ] ] ], [ [ [ 69.142744120107693, 22.457230048374548 ], [ 69.115421920928327, 22.466788146767634 ], [ 69.107807564323224, 22.437581077144205 ], [ 69.084447115209855, 22.422156999010372 ], [ 69.093972920551252, 22.460910696646419 ], [ 69.140182361174325, 22.476829634403188 ], [ 69.142744120107693, 22.457230048374548 ] ] ], [ [ [ 70.055882290033111, 22.542105397775639 ], [ 70.048215467323857, 22.523750909586216 ], [ 70.03491069661888, 22.535586760641291 ], [ 70.040161522829393, 22.552843960595478 ], [ 70.055882290033111, 22.542105397775639 ] ] ], [ [ [ 70.256463973805523, 23.173774696072591 ], [ 70.257648030605125, 23.17380426014422 ], [ 70.257808875753341, 23.170642319301827 ], [ 70.256619942000114, 23.170621013078833 ], [ 70.256463973805523, 23.173774696072591 ] ] ], [ [ [ 70.252540928551824, 23.175842341074866 ], [ 70.255851941720991, 23.175929313364652 ], [ 70.252608896882876, 23.170874971408296 ], [ 70.249569596239397, 23.176977400326876 ], [ 70.252540928551824, 23.175842341074866 ] ] ], [ [ [ 68.529468962150148, 23.678465810630581 ], [ 68.546840789726971, 23.674430860999195 ], [ 68.529001506724057, 23.674235392054005 ], [ 68.521581339832224, 23.6539377485968 ], [ 68.525318555992996, 23.689686439634137 ], [ 68.529468962150148, 23.678465810630581 ] ] ], [ [ [ 72.989512017162042, 20.238799610011327 ], [ 73.00831689477225, 20.228959596260832 ], [ 73.000084027432777, 20.214291623223048 ], [ 72.974775305843011, 20.21926881080412 ], [ 72.989512017162042, 20.238799610011327 ] ] ], [ [ [ 71.270894229417351, 20.819382732691533 ], [ 71.268894850886099, 20.820014442184714 ], [ 71.269462654417651, 20.821307136004975 ], [ 71.270934172108156, 20.820458188347391 ], [ 71.270894229417351, 20.819382732691533 ] ] ], [ [ [ 71.459106147660023, 20.878110994808225 ], [ 71.456991323038366, 20.87710047785551 ], [ 71.457386246691797, 20.878644811863431 ], [ 71.459106147660023, 20.878110994808225 ] ] ], [ [ [ 71.531832278028645, 20.903130355339883 ], [ 71.508844907337647, 20.901816517129848 ], [ 71.507686675305848, 20.903065297754935 ], [ 71.517004227808201, 20.913474613951902 ], [ 71.531832278028645, 20.903130355339883 ] ] ], [ [ [ 71.54769884809123, 20.911820511601626 ], [ 71.546119417582247, 20.911748637220303 ], [ 71.545764213837458, 20.912462624913921 ], [ 71.547057040448266, 20.91337234017135 ], [ 71.54769884809123, 20.911820511601626 ] ] ], [ [ [ 72.813405952893334, 21.652647962901845 ], [ 72.82591745281195, 21.635618790620988 ], [ 72.810788797551339, 21.616981921622497 ], [ 72.728010836258704, 21.585941252597742 ], [ 72.695494564631815, 21.588621417342484 ], [ 72.642206572046433, 21.532245340643289 ], [ 72.575628234801215, 21.531768216731038 ], [ 72.58016544114669, 21.585712739867446 ], [ 72.600986191255075, 21.576594737205884 ], [ 72.598802279001546, 21.548668209621869 ], [ 72.616213177903319, 21.547324860118991 ], [ 72.606955045363776, 21.587579026733707 ], [ 72.626603873115442, 21.628827040783868 ], [ 72.674187481899978, 21.645626810696299 ], [ 72.813405952893334, 21.652647962901845 ] ] ], [ [ [ 72.354563801927569, 21.602129251970119 ], [ 72.36115810984947, 21.595694588002655 ], [ 72.360840590430826, 21.592158970104787 ], [ 72.350311786430296, 21.608432136860667 ], [ 72.354563801927569, 21.602129251970119 ] ] ], [ [ [ 71.201767375304343, 20.788800292754249 ], [ 71.158553326572019, 20.779113883027254 ], [ 71.141000368091198, 20.757008116004581 ], [ 71.086306033284146, 20.755449474393497 ], [ 71.079147720806034, 20.736894111960947 ], [ 71.050609156917901, 20.730423527260907 ], [ 70.999999635980856, 20.742280244354003 ], [ 70.980551191826379, 20.722718238267202 ], [ 70.919492786406394, 20.743095341992557 ], [ 70.878065081633991, 20.728536699727293 ], [ 70.872755880201353, 20.704356939787964 ], [ 70.844139577905139, 20.706468070077634 ], [ 70.828131028213605, 20.690112866163823 ], [ 70.537136499140928, 20.803829223660095 ], [ 70.322800949903581, 20.926036336212576 ], [ 70.059293510272227, 21.145188162217728 ], [ 69.615963686821559, 21.624551772274767 ], [ 69.566185229693232, 21.651500898067887 ], [ 69.216552175116306, 21.957508264414752 ], [ 68.95804495239247, 22.238730213646043 ], [ 68.935757802295754, 22.311825993357978 ], [ 68.976650900777969, 22.402702912846955 ], [ 68.977802596667772, 22.403903258193022 ], [ 68.98177477886918, 22.401597432939493 ], [ 68.996374154849249, 22.401599866375609 ], [ 69.000000000576023, 22.404098472873446 ], [ 68.980646995233954, 22.402311990945876 ], [ 68.984477400825639, 22.413435115656213 ], [ 69.068004378300486, 22.481249328051053 ], [ 69.083413281878606, 22.474088224610067 ], [ 69.04995313241642, 22.438031139661163 ], [ 69.039466763033261, 22.445710930254943 ], [ 69.035110542064757, 22.390653868031201 ], [ 69.082428010573324, 22.388360978130102 ], [ 69.109922112263774, 22.409926135237278 ], [ 69.12797693793425, 22.395107484927845 ], [ 69.121169614305671, 22.375637592067399 ], [ 69.137072043317758, 22.400493755627753 ], [ 69.194605255645243, 22.421948942616435 ], [ 69.187680524903982, 22.402522579933898 ], [ 69.199804152944154, 22.390718836739353 ], [ 69.16786892691438, 22.373251985234177 ], [ 69.180932427202052, 22.370868346996218 ], [ 69.163414726697809, 22.348400819623119 ], [ 69.153872953802249, 22.249383708843816 ], [ 69.13378965766006, 22.222644624936464 ], [ 69.136338269749274, 22.195903910216114 ], [ 69.148159275133153, 22.195015718693657 ], [ 69.178532197034841, 22.212839493756928 ], [ 69.190297356852469, 22.243641730604629 ], [ 69.212815126940527, 22.210349085407319 ], [ 69.236801543703379, 22.222224033786325 ], [ 69.240518969978453, 22.258372815636204 ], [ 69.321984048873233, 22.292003050948193 ], [ 69.340072422127975, 22.31303119502557 ], [ 69.332546292660197, 22.327758567803844 ], [ 69.423187558875995, 22.316011811885794 ], [ 69.487204363563265, 22.336533379684518 ], [ 69.499481645737859, 22.366325327260647 ], [ 69.540442024441589, 22.377206499705295 ], [ 69.561323252728172, 22.355840456076425 ], [ 69.579581456080675, 22.367355982155711 ], [ 69.597659435827609, 22.346160499895316 ], [ 69.617351984584161, 22.345417425114977 ], [ 69.621234593073623, 22.371141299028402 ], [ 69.655744950358098, 22.359800158940299 ], [ 69.660992680974147, 22.396314252104084 ], [ 69.700551962719146, 22.396246088368603 ], [ 69.695384044721152, 22.450079610634333 ], [ 69.730690966914125, 22.484552116801325 ], [ 69.739616627577121, 22.432173444135248 ], [ 69.758435013154283, 22.443270836392063 ], [ 69.789719389099417, 22.413773765892568 ], [ 69.795144615137531, 22.377839333369099 ], [ 69.8328227069983, 22.447073229875894 ], [ 69.870996559301389, 22.42296701085403 ], [ 69.887799764083155, 22.454635386779184 ], [ 69.937406352836376, 22.463268987901948 ], [ 69.939848911619734, 22.48278802598071 ], [ 69.979255483359708, 22.468166275640115 ], [ 69.991101784403682, 22.510564032405988 ], [ 70.010296111333972, 22.49992348433058 ], [ 70.073123512449129, 22.51782590623224 ], [ 70.091216629706906, 22.508161474017662 ], [ 70.086491791349729, 22.49369035436894 ], [ 70.116291004195205, 22.501035662399513 ], [ 70.118233511284132, 22.486596366288097 ], [ 70.120211436249761, 22.486350942106526 ], [ 70.124145900887342, 22.512616332228056 ], [ 70.184724985034634, 22.522164999342003 ], [ 70.179182179407292, 22.567521988688924 ], [ 70.263508926979597, 22.653458811198181 ], [ 70.27868816817049, 22.725271909836724 ], [ 70.41330861238211, 22.818390490835846 ], [ 70.462322737950942, 22.831307174695294 ], [ 70.491092904587333, 22.889886678183945 ], [ 70.535149139169889, 22.912056694243205 ], [ 70.539653691754765, 22.925498276656995 ], [ 70.478811553942805, 22.937771738670975 ], [ 70.432660076215143, 22.967061652043814 ], [ 70.479205912555926, 22.974861962242755 ], [ 70.540834291837129, 22.960403344799072 ], [ 70.561704633440797, 23.029000394629861 ], [ 70.602508828354289, 23.034541917255581 ], [ 70.597117979045464, 23.060939883293837 ], [ 70.629325697338544, 23.062468016613327 ], [ 70.693669191446901, 23.120144013008744 ], [ 70.766058671874575, 23.146113416348559 ], [ 70.771461348402411, 23.168068287640157 ], [ 70.791825574683415, 23.165100363861484 ], [ 70.786136291562499, 23.15101998013952 ], [ 70.816074662428633, 23.164569280844439 ], [ 70.81557405377869, 23.136513772771522 ], [ 70.834459860612881, 23.127914202385828 ], [ 70.828559420399557, 23.079914764873241 ], [ 70.835592216672893, 23.111493813588993 ], [ 70.858218543671441, 23.129710706002705 ], [ 70.827561852056348, 23.157421558094057 ], [ 70.959247301707066, 23.194395158033576 ], [ 70.918901551218994, 23.198375960596984 ], [ 70.888285874883138, 23.182769476029588 ], [ 70.862919590148294, 23.192359333194116 ], [ 70.873117237405864, 23.204337552943418 ], [ 70.860197541225503, 23.208468127696513 ], [ 70.893175459771825, 23.224255807934004 ], [ 70.833100293668011, 23.249891452156678 ], [ 70.814273212398902, 23.230273109125292 ], [ 70.767678912846876, 23.246104588106842 ], [ 70.723453848889847, 23.217116110670812 ], [ 70.726273428801335, 23.20563756671396 ], [ 70.650802664067044, 23.223895099109559 ], [ 70.649023319779815, 23.19203869562774 ], [ 70.578962880728028, 23.177708815643875 ], [ 70.502312361226018, 23.177898609986258 ], [ 70.428031212964626, 23.217546273611589 ], [ 70.436308643928726, 23.233376746068711 ], [ 70.424760945580132, 23.237254585270506 ], [ 70.36635947020801, 23.219858095408249 ], [ 70.301929602186803, 23.223688578019743 ], [ 70.267574176441073, 23.178462065412592 ], [ 70.249681168794297, 23.177893687334148 ], [ 70.208766409235622, 23.16035382621066 ], [ 70.207299502597493, 23.125617233762863 ], [ 70.149294812188046, 23.036996129637242 ], [ 70.188616683576484, 23.072814229330991 ], [ 70.211224871792822, 23.073829226903801 ], [ 70.230254084780611, 22.972659562135814 ], [ 70.216047124357701, 22.946571944247882 ], [ 70.164392934610461, 22.938281572347808 ], [ 70.120538647591985, 22.963290742368322 ], [ 70.158001388126294, 23.03195584169984 ], [ 70.148206535560675, 23.034815636293065 ], [ 70.11809968835793, 22.991269875145854 ], [ 70.03654577775967, 22.952690050052741 ], [ 70.016751661883845, 22.920242543639581 ], [ 69.96182233857823, 22.894378183248012 ], [ 69.928485151410442, 22.896104395258817 ], [ 69.898743814323751, 22.871261185930063 ], [ 69.800887312085266, 22.851109539972487 ], [ 69.706043667681527, 22.80464673199095 ], [ 69.647421545414375, 22.796186937879675 ], [ 69.645938517610162, 22.810003189930644 ], [ 69.605258509394801, 22.8031498243482 ], [ 69.57576559870499, 22.817718357075304 ], [ 69.476994131806919, 22.795538387151897 ], [ 69.457336802399396, 22.814278435971836 ], [ 69.416833511665033, 22.810655421276401 ], [ 69.469978058570888, 22.776448534757595 ], [ 69.493054863734969, 22.779218760841104 ], [ 69.472644305046543, 22.773719865396263 ], [ 69.321582706757113, 22.832135403653837 ], [ 69.196699274386589, 22.837696027148137 ], [ 69.194183218141617, 22.851856280624641 ], [ 69.131241820816953, 22.872293251214568 ], [ 68.814385762200004, 23.057336653667601 ], [ 68.870281313425224, 23.027219636132628 ], [ 68.836915588577483, 23.046214240618728 ], [ 68.840859263641661, 23.059028469995631 ], [ 68.821006647677905, 23.05752865988735 ], [ 68.815153091437608, 23.077031041915568 ], [ 68.811550376431072, 23.058830033759854 ], [ 68.758588530684321, 23.080345475046023 ], [ 68.749857522366952, 23.088010188063343 ], [ 68.772186073120196, 23.077627855126522 ], [ 68.760109397324953, 23.099769725236609 ], [ 68.783488641888994, 23.120115294658145 ], [ 68.754212748002189, 23.122818327018255 ], [ 68.745863508409229, 23.110018528681614 ], [ 68.7122460738222, 23.151428885316449 ], [ 68.682624690572041, 23.152910095378157 ], [ 68.659566721282857, 23.197848883763374 ], [ 68.673385412772006, 23.201569828316654 ], [ 68.669171012430638, 23.218199274872095 ], [ 68.620986551095285, 23.205726776924042 ], [ 68.653517764400277, 23.231146995703309 ], [ 68.701682966754262, 23.240060825223217 ], [ 68.714998251341342, 23.264174869754655 ], [ 68.724520272978722, 23.255134940708764 ], [ 68.723625234748781, 23.267095236867476 ], [ 68.705873810573934, 23.27016656133533 ], [ 68.711866126881219, 23.286718994373782 ], [ 68.699441537169704, 23.285226642009192 ], [ 68.710971342874487, 23.316074580780757 ], [ 68.680646594028204, 23.312323222888818 ], [ 68.684530643415414, 23.32920705159588 ], [ 68.660506456986411, 23.34745415903414 ], [ 68.652038081023861, 23.30345047764003 ], [ 68.640040451583744, 23.32330820218959 ], [ 68.652230632210035, 23.335071887605398 ], [ 68.619564850377174, 23.374212848273267 ], [ 68.543013247964367, 23.421059413986512 ], [ 68.530696543223556, 23.445860853742992 ], [ 68.546265422380742, 23.465061337350829 ], [ 68.528780443010731, 23.44991393421672 ], [ 68.483966121956541, 23.54949773469983 ], [ 68.510640217201114, 23.63947900217698 ], [ 68.529019310434691, 23.635798343140291 ], [ 68.532969324909828, 23.649497958256113 ], [ 68.520732042019887, 23.649589598970525 ], [ 68.542910749292162, 23.653236962814717 ], [ 68.567955625801503, 23.684944843622191 ], [ 68.548289350970379, 23.691812115081568 ], [ 68.55802730155095, 23.717581077660217 ], [ 68.573304564210716, 23.721442253240383 ], [ 68.587235654704813, 23.702625050779641 ], [ 68.596963210879267, 23.724120781977796 ], [ 68.613199417019985, 23.718001003976248 ], [ 68.631999503914813, 23.728560679199276 ], [ 68.615680056286593, 23.725869955989996 ], [ 68.618479469019988, 23.73801868929182 ], [ 68.646874197359793, 23.738509140243245 ], [ 68.635601982664411, 23.763012787333931 ], [ 68.651790356211222, 23.794381922117395 ], [ 68.681487838444028, 23.794956041108222 ], [ 68.708308721100977, 23.834273021759529 ], [ 68.68823481504846, 23.846445512621862 ], [ 68.602649075012209, 23.829523848994775 ], [ 68.576717313382446, 23.817283855669803 ], [ 68.52745867896968, 23.74607888770711 ], [ 68.420976797714829, 23.733208776152438 ], [ 68.393838455826355, 23.600031669863608 ], [ 68.278081224921195, 23.55972858516914 ], [ 68.188230010828107, 23.581805099066884 ], [ 68.185542396126792, 23.595404194050921 ], [ 68.192210003880916, 23.586697246663672 ], [ 68.20766913675817, 23.586156892361178 ], [ 68.177863854894596, 23.614092999961649 ], [ 68.18632053119893, 23.645281144632705 ], [ 68.207847213390181, 23.650331820809097 ], [ 68.183041355221775, 23.654880439398426 ], [ 68.206659388158002, 23.668888782223984 ], [ 68.181654493865324, 23.72163315782128 ], [ 68.20263908230848, 23.766671861651055 ], [ 68.210349726633979, 23.877182094993021 ], [ 68.279853031444858, 23.93081634930034 ], [ 68.332916881790453, 23.925097221862114 ], [ 68.340016948403814, 23.968473358819672 ], [ 68.368932874779887, 23.984773902219665 ], [ 68.389660232438104, 23.96659376875434 ], [ 68.753025990866846, 23.971310422961217 ], [ 68.764704347376878, 24.295843708367237 ], [ 68.826311682724267, 24.317362932867326 ], [ 68.864821479790805, 24.212780055047102 ], [ 68.880291831727632, 24.216567569829152 ], [ 68.906750317829307, 24.279786040746171 ], [ 68.945283783706969, 24.302492759907828 ], [ 68.984741270160583, 24.227609708332281 ], [ 69.005328411582681, 24.223119659359785 ], [ 69.094753490057826, 24.274494284319985 ], [ 69.193280938592139, 24.236195884006001 ], [ 69.312739640794589, 24.281601873734946 ], [ 69.494006106857313, 24.267780141018509 ], [ 69.594446021020801, 24.292398464659744 ], [ 69.731214048717533, 24.171056605356437 ], [ 70.0250573152192, 24.171284910064514 ], [ 70.066810130174431, 24.199159176187084 ], [ 70.109868381392118, 24.294974709864338 ], [ 70.325585359873401, 24.351876357272189 ], [ 70.368459178878382, 24.350768958592013 ], [ 70.573121694289185, 24.422362307981743 ], [ 70.602468540710419, 24.408122716762932 ], [ 70.562233851635895, 24.355088473345685 ], [ 70.584531311697162, 24.290362478611097 ], [ 70.571229756960875, 24.251734939740761 ], [ 70.667789824954369, 24.219478715014688 ], [ 70.805459668669883, 24.220854108090311 ], [ 70.907257755592923, 24.258779152361608 ], [ 70.874505089604042, 24.294490342038145 ], [ 70.947679833235682, 24.348051733051587 ], [ 70.986542479562644, 24.364708941682679 ], [ 71.042133710315724, 24.351252424785113 ], [ 71.081889236221045, 24.392911603372426 ], [ 71.121843871912461, 24.405660752751746 ], [ 71.125526485775296, 24.420078917949528 ], [ 71.103067307403364, 24.435696362345862 ], [ 70.998565183677329, 24.444426756836091 ], [ 71.005209766712412, 24.523020741958913 ], [ 70.987354744327405, 24.5434205408155 ], [ 70.998822367749895, 24.621842560927053 ], [ 71.096379368977694, 24.68854094805009 ], [ 71.287823359137334, 24.616229047713443 ], [ 71.348168523781254, 24.660935404720696 ], [ 71.358638933695076, 24.630751728895032 ], [ 71.378293306746983, 24.626188784286093 ], [ 71.479832345593181, 24.679655667919473 ], [ 71.607599512857831, 24.676553632306611 ], [ 71.655366045583705, 24.639188869856198 ], [ 71.791528781255451, 24.677338600095112 ], [ 71.810385612930133, 24.656064280050295 ], [ 71.80589955036875, 24.626750871798833 ], [ 71.85216726111102, 24.609362613270232 ], [ 71.87175127182168, 24.681766648645237 ], [ 71.918611923652051, 24.672113623377982 ], [ 71.915442805670224, 24.649513040710108 ], [ 71.939873039590822, 24.633804579150407 ], [ 71.988296429435565, 24.657532524930811 ], [ 71.994082008361673, 24.695165478292772 ], [ 72.061329215896066, 24.712108770300489 ], [ 72.085198620805031, 24.706411088164845 ], [ 72.089816766255865, 24.658695079930837 ], [ 72.124570510388494, 24.638602584944742 ], [ 72.150257285270584, 24.643669450983506 ], [ 72.164809662293294, 24.621276723374113 ], [ 72.196571805425677, 24.614719426779985 ], [ 72.230367629258438, 24.64060954213576 ], [ 72.304985128321789, 24.617545762196158 ], [ 72.34801600158454, 24.62783770597779 ], [ 72.335585537789413, 24.59858430095904 ], [ 72.276343690265634, 24.607526910663793 ], [ 72.246395736172019, 24.585607133087262 ], [ 72.295435005585659, 24.546625794399077 ], [ 72.328991093323566, 24.55240837221724 ], [ 72.330934972139929, 24.569305007075371 ], [ 72.353729788051481, 24.563761949232063 ], [ 72.38857906801455, 24.507679928346189 ], [ 72.441080634077707, 24.515326068948909 ], [ 72.430217619960573, 24.480174401392404 ], [ 72.457243013075086, 24.41479872960447 ], [ 72.500423892413892, 24.417054611125909 ], [ 72.493192750820782, 24.45908386202191 ], [ 72.539886634011935, 24.519240760629891 ], [ 72.575942814033951, 24.478854709628123 ], [ 72.683357996359945, 24.463877205249634 ], [ 72.689145727649517, 24.411732281886607 ], [ 72.730860804379631, 24.364301029300968 ], [ 72.849760140925994, 24.37204138104558 ], [ 72.910726884051016, 24.337211931864854 ], [ 72.97755127614073, 24.374639387883587 ], [ 72.94930053336796, 24.398184337118217 ], [ 72.981214270797793, 24.434381351327126 ], [ 72.967963098074236, 24.450907309896788 ], [ 72.993302625590005, 24.479653210099713 ], [ 73.035228406661616, 24.463847150266794 ], [ 73.08423486780444, 24.497980856077287 ], [ 73.107762385594327, 24.487196472079283 ], [ 73.100985635228128, 24.427410769822135 ], [ 73.076502937898312, 24.396600704032888 ], [ 73.15257023788017, 24.353842772113886 ], [ 73.1991882475658, 24.376510358854659 ], [ 73.219262044023864, 24.36389544861947 ], [ 73.198565691717704, 24.331933314256101 ], [ 73.176348808740826, 24.337878745927622 ], [ 73.169220862912596, 24.300304946850844 ], [ 73.1354379658368, 24.308432401617146 ], [ 73.125447994699883, 24.273429706372543 ], [ 73.087870635423542, 24.234919079639873 ], [ 73.098712645132721, 24.226159145241603 ], [ 73.067443314171911, 24.194691029406311 ], [ 73.126655863142702, 24.123786475155732 ], [ 73.213225676131685, 24.078040510137882 ], [ 73.193141222061072, 24.040996061277344 ], [ 73.243051977674554, 24.002245649337368 ], [ 73.316289727343559, 24.052186495131014 ], [ 73.327300561037347, 24.109291918659871 ], [ 73.362101609554472, 24.104346269323006 ], [ 73.360540023180334, 24.081977680645544 ], [ 73.404631483400138, 24.041165519325222 ], [ 73.399219122135193, 23.990510182320236 ], [ 73.414957209755954, 23.985780506614184 ], [ 73.42082620803599, 23.930824830363822 ], [ 73.387460245134676, 23.91590622431972 ], [ 73.361123284022952, 23.872699809760764 ], [ 73.367912084390383, 23.814234418305553 ], [ 73.351843953937632, 23.791396263392809 ], [ 73.371641368427206, 23.765328315951223 ], [ 73.400247924002571, 23.78505658403957 ], [ 73.418015710990332, 23.776807139875444 ], [ 73.473518399297376, 23.705232622158928 ], [ 73.507164246698494, 23.703132658036605 ], [ 73.496635215424192, 23.649117010096312 ], [ 73.508723676217627, 23.644197309202074 ], [ 73.493765477180503, 23.632398296645992 ], [ 73.522681834747914, 23.607140183628101 ], [ 73.57265586319842, 23.653766271967474 ], [ 73.615160541096969, 23.652206157155661 ], [ 73.655655427193537, 23.621288518730669 ], [ 73.633067744820181, 23.528685902644817 ], [ 73.656364756704789, 23.50745751406815 ], [ 73.627209457153299, 23.448571338052368 ], [ 73.647455954724734, 23.436452169107291 ], [ 73.698137842144419, 23.456323393322233 ], [ 73.720106199011411, 23.41036521613626 ], [ 73.755730688233726, 23.454322668833012 ], [ 73.786277361379348, 23.430225283962955 ], [ 73.828930840713156, 23.446911586123356 ], [ 73.8919259330373, 23.334111788161646 ], [ 73.933700711801222, 23.338589072852557 ], [ 73.938007718566922, 23.367937742019038 ], [ 73.957498308081298, 23.379544867656129 ], [ 73.975534322131409, 23.371515996070588 ], [ 73.981395449372926, 23.338139099258655 ], [ 74.028654727712336, 23.331672177084858 ], [ 74.031966449652231, 23.307583416352596 ], [ 74.044855779182697, 23.308809388176826 ], [ 74.038163860322044, 23.293446572007049 ], [ 74.100579077553888, 23.293811314678834 ], [ 74.132640188097668, 23.266191221874521 ], [ 74.121475619421119, 23.176193231751633 ], [ 74.17887766064915, 23.147279368829665 ], [ 74.201214091424063, 23.189303280253124 ], [ 74.240798616726835, 23.184691648643856 ], [ 74.287121554994457, 23.117121780407082 ], [ 74.278890328877011, 23.092185379051575 ], [ 74.311334949978502, 23.074192158892512 ], [ 74.321926703422548, 23.041222575611954 ], [ 74.346384713251723, 23.025310027749381 ], [ 74.365464751121664, 22.975896182107267 ], [ 74.339495168621809, 22.952888926158685 ], [ 74.393408150591398, 22.896602877998632 ], [ 74.446832783219705, 22.921081157643275 ], [ 74.476432525156312, 22.854815947223798 ], [ 74.46477297308013, 22.816391001932704 ], [ 74.433953696280057, 22.807488389992717 ], [ 74.37866161888968, 22.63460401305753 ], [ 74.264033262174522, 22.644045040146533 ], [ 74.209702453105066, 22.564150689381506 ], [ 74.183173819359496, 22.566009473718765 ], [ 74.189512243969332, 22.553599175276197 ], [ 74.150668141564751, 22.521267707402963 ], [ 74.074638531298945, 22.551401854342828 ], [ 74.037894152836088, 22.534513198167733 ], [ 74.033393148596588, 22.489896935042044 ], [ 74.05436918777319, 22.509556433361972 ], [ 74.08251702044538, 22.506784618025428 ], [ 74.075325023839085, 22.464295363230782 ], [ 74.104152658399116, 22.464527114120109 ], [ 74.098273545987283, 22.442699545358376 ], [ 74.11911208812819, 22.418761461987518 ], [ 74.149209600038503, 22.455658307652151 ], [ 74.160448839376429, 22.431210508729649 ], [ 74.184125876355466, 22.441538832763236 ], [ 74.193162769111922, 22.47540860673228 ], [ 74.202219850606042, 22.434040141354423 ], [ 74.252785669402783, 22.432947680600741 ], [ 74.291178356699021, 22.394012422256512 ], [ 74.256735046972423, 22.39965228992007 ], [ 74.243294407877343, 22.37605224413506 ], [ 74.22370730516549, 22.379944167385471 ], [ 74.223661358135303, 22.356365253204313 ], [ 74.204041380677339, 22.366707285344329 ], [ 74.190333807195572, 22.320259912891956 ], [ 74.12786086781685, 22.332735858376328 ], [ 74.105073358801818, 22.371814992607675 ], [ 74.064765970867981, 22.354606558587196 ], [ 74.071568878378628, 22.335987708398601 ], [ 74.052360026588531, 22.29436247327185 ], [ 74.087182772114701, 22.242794826144429 ], [ 74.072237653446408, 22.219057915326772 ], [ 74.122212514635208, 22.212419357227322 ], [ 74.121442130227322, 22.167400711924312 ], [ 74.133856806131348, 22.160541413255714 ], [ 74.124558717426282, 22.097926128286762 ], [ 74.152557275251056, 22.106006156354407 ], [ 74.178541558680564, 22.085409029759575 ], [ 74.131509115730182, 22.047889929130083 ], [ 74.140226938575793, 22.040411614820851 ], [ 74.092374155904579, 22.015384651098099 ], [ 74.098326045329131, 21.99850839083588 ], [ 74.15045942609332, 21.986739862937384 ], [ 74.146263034278448, 21.946440604631018 ], [ 74.047895007062664, 21.924999898339163 ], [ 73.92096378235702, 21.861026139817692 ], [ 73.795941933974277, 21.824551280987613 ], [ 73.826549700644065, 21.810564403324506 ], [ 73.838131718229761, 21.788485848085106 ], [ 73.824864715394284, 21.759555344865895 ], [ 73.891816470624988, 21.692148437273083 ], [ 73.888014861428033, 21.653246095882235 ], [ 73.780514933834738, 21.628592072243116 ], [ 73.814130599638929, 21.601093196099722 ], [ 73.853556590260382, 21.497465890024348 ], [ 73.904227631421321, 21.524509231093862 ], [ 73.951754158557762, 21.512694013012819 ], [ 73.954452816248846, 21.540654383179564 ], [ 73.982270094049284, 21.522598037962936 ], [ 73.974186154807512, 21.543276273637098 ], [ 74.000000335949764, 21.539785658836582 ], [ 74.005664392580854, 21.552482389907532 ], [ 74.137468349780505, 21.549154985958335 ], [ 74.166741445415212, 21.569042725979401 ], [ 74.195844927446203, 21.532062559717378 ], [ 74.229596556861907, 21.554461249915686 ], [ 74.236217397424056, 21.53970309938024 ], [ 74.263330808368451, 21.539898867281501 ], [ 74.2994656206222, 21.567706623647698 ], [ 74.303625907349158, 21.552169897646074 ], [ 74.3311603020734, 21.552424658910553 ], [ 74.320788129224127, 21.498496917359148 ], [ 74.253561135580242, 21.467741787366499 ], [ 74.214157403414902, 21.48168204006744 ], [ 74.19782423312239, 21.458748543295759 ], [ 74.12377389709178, 21.466416866157456 ], [ 74.100713753879603, 21.447631232150147 ], [ 74.062931581413409, 21.474549422243872 ], [ 74.044624360589111, 21.419193911116228 ], [ 74.000872183272321, 21.420842028827732 ], [ 73.959474192972877, 21.395427938197489 ], [ 73.938932304183211, 21.405019789362417 ], [ 73.942171735997263, 21.299270527790416 ], [ 73.879613118899982, 21.265957020744537 ], [ 73.822873465718047, 21.270858321350314 ], [ 73.815761546732801, 21.173960261975868 ], [ 73.784700722834316, 21.183985728277086 ], [ 73.772305524202267, 21.164636921364242 ], [ 73.729750584665254, 21.165379123608457 ], [ 73.733209693193828, 21.142354498153122 ], [ 73.667492072246503, 21.154631648747291 ], [ 73.643357087610383, 21.139566402371116 ], [ 73.607792256404352, 21.158981028353001 ], [ 73.606451642115388, 21.178756293281641 ], [ 73.577420593940687, 21.170753093602293 ], [ 73.578519579384562, 21.150481250821354 ], [ 73.617633222188473, 21.142697032286648 ], [ 73.618461907258279, 21.118455302886215 ], [ 73.688948834067645, 21.100794231869276 ], [ 73.703145220421376, 21.118648869946622 ], [ 73.729675016586924, 21.099870383619567 ], [ 73.743493832941866, 21.115120687827861 ], [ 73.729932130590896, 21.082433999611887 ], [ 73.760211854976816, 21.069400649156485 ], [ 73.807741038431544, 21.084893089036711 ], [ 73.800127218120664, 21.038763322336351 ], [ 73.86790697120999, 20.986082193679465 ], [ 73.901297592865859, 20.982304574039809 ], [ 73.90797625079631, 20.959736546942832 ], [ 73.892311901385668, 20.955710672621404 ], [ 73.888199192131083, 20.933591288405939 ], [ 73.917538203446412, 20.907781241627912 ], [ 73.923724188444112, 20.851377786662212 ], [ 73.940318469345314, 20.839438754273612 ], [ 73.931861492105355, 20.76062297622958 ], [ 73.942661220809043, 20.74208369361418 ], [ 73.917744398245148, 20.725061320637732 ], [ 73.874857953418839, 20.729732245353386 ], [ 73.855170762214627, 20.69225128230314 ], [ 73.811852039090454, 20.692033435592201 ], [ 73.839090901560908, 20.658774523244396 ], [ 73.838394393703666, 20.620463122940563 ], [ 73.775392844289286, 20.600224107154425 ], [ 73.744561379147427, 20.564918381367079 ], [ 73.695377031815397, 20.578372712607365 ], [ 73.652682558761938, 20.564872467351424 ], [ 73.599514979052188, 20.636903127072326 ], [ 73.550799448992237, 20.648559477794873 ], [ 73.520206622203929, 20.678463924064975 ], [ 73.489234894113608, 20.655733595344735 ], [ 73.474648104428994, 20.720387874043485 ], [ 73.449858362935075, 20.717564446785971 ], [ 73.444297228082689, 20.68110295758385 ], [ 73.392559723186139, 20.645104041151662 ], [ 73.421120188000913, 20.625868281379958 ], [ 73.429576127686687, 20.595204861415358 ], [ 73.473153096692144, 20.584635286624614 ], [ 73.475298314014793, 20.54332818736416 ], [ 73.493495763406315, 20.539328644027115 ], [ 73.469865913132537, 20.520307169588971 ], [ 73.419717863045165, 20.41336465618555 ], [ 73.379940471247522, 20.394040617590068 ], [ 73.383632179654285, 20.372248917148195 ], [ 73.40604896383303, 20.384702392084542 ], [ 73.418481712043956, 20.330177715934049 ], [ 73.416514836356342, 20.198286005845308 ], [ 73.389302548746912, 20.192621693061742 ], [ 73.380987589763507, 20.211789012619832 ], [ 73.365795606868602, 20.195675711950564 ], [ 73.35558723013331, 20.213131201679115 ], [ 73.344059500435151, 20.199436642992282 ], [ 73.299827804216349, 20.209536379642088 ], [ 73.28331753555716, 20.198558960252296 ], [ 73.279225466892882, 20.150144172681095 ], [ 73.249252189291425, 20.122331147382223 ], [ 73.224952333257903, 20.123802626598753 ], [ 73.225684117058037, 20.140148569758516 ], [ 73.208426359352629, 20.120061538415168 ], [ 73.186991060978556, 20.129449523290496 ], [ 73.189671596057153, 20.164261827213682 ], [ 73.217721816892237, 20.185927400047692 ], [ 73.177947509909259, 20.192641831408306 ], [ 73.168290828115801, 20.208231136043334 ], [ 73.132991005308526, 20.205767554766997 ], [ 73.141870756670613, 20.177363524698496 ], [ 73.115659116829235, 20.152173151028816 ], [ 73.079282168182218, 20.173239099329727 ], [ 73.06431367265526, 20.158650998134924 ], [ 73.048847779955523, 20.200209033400469 ], [ 73.059959610338382, 20.223338770786135 ], [ 73.097717810362894, 20.229290222313374 ], [ 73.145847641552535, 20.288581070398649 ], [ 73.166304165237406, 20.287874187937106 ], [ 73.150781074108579, 20.318339355252036 ], [ 73.102806637090026, 20.301776492876154 ], [ 73.111254896180114, 20.337772788745259 ], [ 73.095804321552606, 20.361327910972676 ], [ 73.077172790944417, 20.323480550838816 ], [ 73.041740947231418, 20.325988145843439 ], [ 73.034879601616581, 20.291944688046762 ], [ 73.0060597653315, 20.312433632061857 ], [ 73.010046044794663, 20.291208894735963 ], [ 72.981172424576911, 20.289265215189019 ], [ 72.971192547808855, 20.269060524880562 ], [ 72.937949930782565, 20.294387561963063 ], [ 72.912391359864557, 20.275350503063649 ], [ 72.930644317954105, 20.244409909242563 ], [ 72.964906047619053, 20.226743351168295 ], [ 72.962496536058325, 20.209653689634752 ], [ 72.858736601318313, 20.224742458910288 ], [ 72.861184751216058, 20.207610563924614 ], [ 72.839031634251313, 20.209126543410179 ], [ 72.83579839811776, 20.188464733903423 ], [ 72.81710317066775, 20.18364383634523 ], [ 72.824469877020377, 20.142021715037046 ], [ 72.788623888401816, 20.14932377104326 ], [ 72.794113633240258, 20.12334056473739 ], [ 72.740002355358257, 20.134813221008542 ], [ 72.742417797596488, 20.241200407586085 ], [ 72.779416507980883, 20.335888018947742 ], [ 72.83594402490678, 20.373315367051323 ], [ 72.896603092352038, 20.379994739352892 ], [ 72.882758348821326, 20.397849832589188 ], [ 72.904117205954606, 20.414837002995046 ], [ 72.857254565254166, 20.418923976894501 ], [ 72.874742612370881, 20.445479972784163 ], [ 72.895322398387464, 20.444307912110219 ], [ 72.886546741105519, 20.462333964265849 ], [ 72.858124329383628, 20.46563655613344 ], [ 72.8859374201365, 20.497677181925678 ], [ 72.897909436811247, 20.586399711652241 ], [ 72.852879305391497, 20.756905091592095 ], [ 72.82021273483781, 20.793798369855619 ], [ 72.839236221065676, 20.80524842278502 ], [ 72.780174277347228, 20.92115092298538 ], [ 72.819976412341063, 20.92750369499997 ], [ 72.819191307240644, 20.952253607172263 ], [ 72.754652065740302, 20.938658860274757 ], [ 72.722156954828264, 21.037733279593891 ], [ 72.726697890080445, 21.06133523123831 ], [ 72.748933599050744, 21.057224080741882 ], [ 72.741188412705981, 21.074457118410248 ], [ 72.708446168971037, 21.080715849327653 ], [ 72.702471491982678, 21.096159101281646 ], [ 72.684787880730312, 21.082973677794485 ], [ 72.669823477029468, 21.115038353364252 ], [ 72.644824838604464, 21.086126362990431 ], [ 72.620610627051818, 21.097889753407411 ], [ 72.638058319151, 21.21110790914857 ], [ 72.657354418914792, 21.224651915260303 ], [ 72.622256929048845, 21.242593405646112 ], [ 72.600341011336553, 21.289869978155384 ], [ 72.601167602433421, 21.388624228777143 ], [ 72.679333899619976, 21.439955435154666 ], [ 72.68730213675147, 21.452444538815094 ], [ 72.613121300662883, 21.40010972211007 ], [ 72.579577062601899, 21.413856435826876 ], [ 72.655824464018437, 21.469170923038 ], [ 72.702960363245126, 21.525728195646288 ], [ 72.749999981039679, 21.527518969742896 ], [ 72.770223240991356, 21.562515465410442 ], [ 72.760425302712761, 21.560323469824755 ], [ 72.754535853386969, 21.566365950913838 ], [ 72.802240342171046, 21.587213312596315 ], [ 72.830145701581728, 21.628448991741042 ], [ 72.8284574931767, 21.650914840246674 ], [ 72.867906488754244, 21.642217223687446 ], [ 72.877237768412442, 21.672558608981099 ], [ 72.962978284578909, 21.674034656785683 ], [ 72.861906568208099, 21.687591181373499 ], [ 72.801294647043889, 21.657685176385122 ], [ 72.736967633427781, 21.691132753813669 ], [ 72.712369146851103, 21.679593959727701 ], [ 72.608811880124023, 21.688023397625408 ], [ 72.543949599955951, 21.660329222395074 ], [ 72.532173890323648, 21.717182992775019 ], [ 72.60401283463618, 21.753488222714726 ], [ 72.609909650147316, 21.790405878773893 ], [ 72.593024520808271, 21.804915109258477 ], [ 72.620025309067202, 21.829374447222829 ], [ 72.610332341624485, 21.839683135800076 ], [ 72.623352637438529, 21.883751333667423 ], [ 72.648169872770055, 21.89730976337108 ], [ 72.691265201951069, 21.882581341376049 ], [ 72.69190307766803, 21.941874948643818 ], [ 72.719412536058258, 21.93922411524915 ], [ 72.748288544896369, 21.967462913169676 ], [ 72.725223397169728, 21.996465984657274 ], [ 72.707806150772171, 21.953397868305885 ], [ 72.641161204346929, 21.957042412114742 ], [ 72.545361250322657, 21.910988737897782 ], [ 72.528353302419688, 21.938077564152326 ], [ 72.547859295346228, 21.964388748265034 ], [ 72.53054446317924, 21.955075323374562 ], [ 72.525894245177781, 21.95987257899387 ], [ 72.539761752916064, 21.96175418825451 ], [ 72.528135031568581, 21.982261910635021 ], [ 72.54854345316491, 21.991051215281978 ], [ 72.543163916340461, 22.126342594625942 ], [ 72.580958376861432, 22.199154521615274 ], [ 72.649961082005547, 22.215462978974948 ], [ 72.659282526908015, 22.199797323337688 ], [ 72.782684566408108, 22.157569291947109 ], [ 72.782756138780044, 22.192860369219556 ], [ 72.853799738096214, 22.238852218717756 ], [ 72.84205830997179, 22.27510924317928 ], [ 72.69974687657313, 22.200076935662395 ], [ 72.624176676421712, 22.233910530881985 ], [ 72.547065402925668, 22.224703755113602 ], [ 72.298313967730707, 22.031778864676447 ], [ 72.268868938143868, 21.970603033663142 ], [ 72.21166860103645, 21.962067029091912 ], [ 72.204195362575945, 21.891069329911829 ], [ 72.242459505446575, 21.829811416970813 ], [ 72.235480036761771, 21.812038888002583 ], [ 72.202823723172003, 21.819055415073347 ], [ 72.282045671073078, 21.697996309207127 ], [ 72.306126652587608, 21.626009207712801 ], [ 72.270548115785346, 21.573906068770317 ], [ 72.235354525048606, 21.456008321054444 ], [ 72.107841899012982, 21.302474603024756 ], [ 72.082666499089456, 21.245135051291648 ], [ 72.112053423847115, 21.198630700660708 ], [ 72.017792188683131, 21.153911488271174 ], [ 72.010229546292294, 21.134670085310567 ], [ 71.996597916384658, 21.141907053595034 ], [ 71.974405129816944, 21.122582801416769 ], [ 71.898334223099212, 21.109941461027589 ], [ 71.880018287718372, 21.089286150805911 ], [ 71.813078224061059, 21.067467656583986 ], [ 71.797630595009338, 21.055218565397062 ], [ 71.805586023063213, 21.037979779977462 ], [ 71.717237916815904, 21.020682219800833 ], [ 71.681912297986955, 20.996548286091002 ], [ 71.647082604890329, 20.994203341718688 ], [ 71.63677115725595, 20.98071043927834 ], [ 71.647711593574158, 20.974650855066919 ], [ 71.616912748056933, 20.967067785036463 ], [ 71.607492564829997, 20.977959877694243 ], [ 71.610513335025814, 20.966078379029685 ], [ 71.565583296589978, 20.948951877352645 ], [ 71.516654365446072, 20.94811654974534 ], [ 71.506115537145277, 20.918371285631512 ], [ 71.439982490294824, 20.869520802785015 ], [ 71.384490705738685, 20.875797244414731 ], [ 71.383172870030364, 20.856436689264804 ], [ 71.322278785340472, 20.846791877822785 ], [ 71.201767375304343, 20.788800292754249 ] ], [ [ 72.959858580225927, 20.307921822217487 ], [ 72.970838092360665, 20.296859373057824 ], [ 72.979097692664709, 20.332235669026105 ], [ 72.96111834703764, 20.332422596105289 ], [ 72.959858580225927, 20.307921822217487 ] ], [ [ 74.164967422747722, 22.403580391874044 ], [ 74.166218051896379, 22.396491079824237 ], [ 74.178892923025828, 22.387953274214745 ], [ 74.175233436289957, 22.418062484322427 ], [ 74.157219662729645, 22.413421027841668 ], [ 74.164967422747722, 22.403580391874044 ] ] ] ] } },
{ "type": "Feature", "properties": { "stname": "NAGALAND", "num_caaqms": 1, "num_manual": 10 }, "geometry": { "type": "Polygon", "coordinates": [ [ [ 93.961351224865851, 25.552294938772341 ], [ 93.888188875290211, 25.564299374309776 ], [ 93.766989053912539, 25.536387992704757 ], [ 93.762102120850543, 25.496001519731163 ], [ 93.800305206129664, 25.495054375316752 ], [ 93.8052089296026, 25.461589358762641 ], [ 93.714240143024114, 25.357737277822299 ], [ 93.688994853273186, 25.357783509391098 ], [ 93.604154478665848, 25.198355942133762 ], [ 93.550977514256346, 25.246957055396582 ], [ 93.501467024577252, 25.240654908392926 ], [ 93.507143892082624, 25.272133777401866 ], [ 93.473140877219521, 25.275630257146844 ], [ 93.448513423568173, 25.34025213167941 ], [ 93.473612538557731, 25.379279885769247 ], [ 93.45819314355542, 25.430984137125755 ], [ 93.402467134967026, 25.450782744850901 ], [ 93.385563296415569, 25.49008413996885 ], [ 93.326731810093349, 25.545314022328572 ], [ 93.358895142628256, 25.555137757219011 ], [ 93.427378527215041, 25.63253443904236 ], [ 93.460104102709849, 25.632293246157353 ], [ 93.4965526461867, 25.654533566849018 ], [ 93.522124846344255, 25.696900697675225 ], [ 93.541476096378275, 25.699426983024757 ], [ 93.54270480214241, 25.731170110303989 ], [ 93.568458612904308, 25.758678080695724 ], [ 93.617784804219696, 25.776493836233687 ], [ 93.646695175414038, 25.822383677647927 ], [ 93.714321857375623, 25.844513277001152 ], [ 93.681504997776557, 25.903802668343541 ], [ 93.752410275403633, 25.933897335310604 ], [ 93.76544974935068, 25.969751731663724 ], [ 93.795673991089714, 25.906509400639159 ], [ 93.777606562055794, 25.848507560115557 ], [ 93.795474291110466, 25.808927800991555 ], [ 93.839702509052501, 25.856609989924713 ], [ 93.881801753907141, 25.843349384046601 ], [ 93.915995809888472, 25.883701268713065 ], [ 93.978695375348792, 25.916729295038984 ], [ 93.953000757275902, 26.002965940195697 ], [ 93.987387841448864, 26.066786362356062 ], [ 94.00107849426395, 26.172267428362748 ], [ 94.031862874210148, 26.197428239145786 ], [ 94.047472056282572, 26.248976517399779 ], [ 94.074623368945453, 26.264379828375702 ], [ 94.105054156724478, 26.319948598176858 ], [ 94.174555881398803, 26.340460462147103 ], [ 94.160155096876892, 26.354293701914404 ], [ 94.177581267138507, 26.382012115603523 ], [ 94.171733813153949, 26.429784954129822 ], [ 94.256336790879487, 26.541223415647305 ], [ 94.284946389048713, 26.560152995315804 ], [ 94.289747633612365, 26.479714931163521 ], [ 94.315575394586759, 26.45822598576131 ], [ 94.325410709967727, 26.481560496204409 ], [ 94.352825900050348, 26.490933800220287 ], [ 94.347791799588649, 26.504457892144949 ], [ 94.39734792458249, 26.529387681955626 ], [ 94.413197517384475, 26.577725764025693 ], [ 94.404268310172711, 26.611818183379778 ], [ 94.463320384999477, 26.633558293332488 ], [ 94.460283900574396, 26.661630131145813 ], [ 94.492674426926115, 26.66588940526854 ], [ 94.539264240291601, 26.706184924184885 ], [ 94.562363141316723, 26.704856559621987 ], [ 94.567558900800336, 26.683887985642556 ], [ 94.603070581385921, 26.712937347380173 ], [ 94.597357940270982, 26.734651991240408 ], [ 94.609238691706111, 26.737194422170088 ], [ 94.620301748958923, 26.712122406874109 ], [ 94.692345225288619, 26.73193063072501 ], [ 94.740661942888309, 26.775581262230851 ], [ 94.758328685576288, 26.76600574614671 ], [ 94.770217273913957, 26.789038763927977 ], [ 94.8022198205894, 26.800696877855625 ], [ 94.79507470795609, 26.814028094140689 ], [ 94.814459987969698, 26.819543106364719 ], [ 94.817619660166315, 26.847716916347533 ], [ 94.873587311972855, 26.917516235655622 ], [ 94.922222102353416, 26.945729876049587 ], [ 94.930850928205516, 26.932559006387134 ], [ 94.9605638713427, 26.93738148072395 ], [ 94.982618216745323, 26.912998245650893 ], [ 95.017394354979629, 26.921320959157022 ], [ 95.101812562725968, 26.96178784561581 ], [ 95.192520931296855, 27.035206752624717 ], [ 95.192043279093951, 26.984534191100298 ], [ 95.211842880981223, 26.964837909732712 ], [ 95.230480547082777, 26.885154034166209 ], [ 95.181143034299893, 26.859202886195682 ], [ 95.205188049965386, 26.845018321266902 ], [ 95.195619264729231, 26.834236800318603 ], [ 95.211620363793799, 26.79259038060016 ], [ 95.241350397379222, 26.781451253854367 ], [ 95.212524211801735, 26.729432931136284 ], [ 95.233209306420747, 26.68109382714308 ], [ 95.208118393049745, 26.647819855253328 ], [ 95.148927561749247, 26.61586720402213 ], [ 95.154194270174031, 26.583142396039598 ], [ 95.107545361137539, 26.541538110393748 ], [ 95.114538274008893, 26.518510712708125 ], [ 95.062061240037821, 26.449380919177631 ], [ 95.084289106715673, 26.447153607314458 ], [ 95.103862903581572, 26.420658683033331 ], [ 95.100105667566368, 26.393608667306633 ], [ 95.132188113098167, 26.377513844839569 ], [ 95.127257457234677, 26.253814367837677 ], [ 95.114598522218358, 26.232889378131969 ], [ 95.142238353105796, 26.210429729254436 ], [ 95.122513977937032, 26.187178001609574 ], [ 95.117716821606265, 26.101573806246467 ], [ 95.185842735998776, 26.073519652069994 ], [ 95.125830382794533, 25.985670971089768 ], [ 95.089496182276918, 25.950485070696374 ], [ 95.032251948993178, 25.929179067653592 ], [ 95.011774074150651, 25.897777458965265 ], [ 95.009661340806971, 25.865736565333648 ], [ 95.049965996964005, 25.7999911620342 ], [ 95.048965719301862, 25.759355045640838 ], [ 94.935979883574703, 25.667611345768851 ], [ 94.915089001992087, 25.607680898824267 ], [ 94.881540311880514, 25.590529772082743 ], [ 94.898503932415821, 25.565327647226066 ], [ 94.84592230759624, 25.561938346238801 ], [ 94.807993177037787, 25.49329397303125 ], [ 94.783450430924489, 25.480400542850834 ], [ 94.751420558396404, 25.49388967895274 ], [ 94.664872640944168, 25.449358797349234 ], [ 94.628133056789977, 25.459760323810489 ], [ 94.552740403264607, 25.50709393715373 ], [ 94.551139225440934, 25.580197491990504 ], [ 94.590639654958395, 25.638194828133305 ], [ 94.571564951284586, 25.639093276216297 ], [ 94.591131920056014, 25.685660540299835 ], [ 94.568569076998585, 25.692090243182651 ], [ 94.500910917171154, 25.611522539188808 ], [ 94.469623838195332, 25.616248729807705 ], [ 94.425603276610985, 25.587413204887895 ], [ 94.415817083804711, 25.537332818691223 ], [ 94.309139788432859, 25.489351782313982 ], [ 94.282410485425828, 25.506673606901984 ], [ 94.210591553781185, 25.495364302112524 ], [ 94.186532213580136, 25.525978562107841 ], [ 94.190707906414261, 25.547633223070839 ], [ 94.156007492565124, 25.550537834151072 ], [ 94.134600485732648, 25.519015997128943 ], [ 94.088049092413513, 25.528153624315951 ], [ 94.081923793104835, 25.555186341083331 ], [ 94.010856321059975, 25.59176569328276 ], [ 94.006503677182906, 25.566934784903619 ], [ 93.961351224865851, 25.552294938772341 ] ] ] } },
{ "type": "Feature", "properties": { "stname": "BIHAR", "num_caaqms": 33, "num_manual": 8 }, "geometry": { "type": "Polygon", "coordinates": [ [ [ 85.37336784758503, 24.552661828695239 ], [ 85.397512305854164, 24.54473803967824 ], [ 85.391933661938594, 24.530345209145278 ], [ 85.287992863992557, 24.523220000964965 ], [ 85.282333674433616, 24.491666900900995 ], [ 85.249109213257569, 24.490728005401351 ], [ 85.225842361410301, 24.463131282397462 ], [ 85.161141807637776, 24.460519749404988 ], [ 85.154431870369166, 24.448166111648213 ], [ 85.17390450795088, 24.420620270264685 ], [ 85.089046250581191, 24.372498862341441 ], [ 85.073239039395943, 24.378227231849216 ], [ 85.081021736692065, 24.43303571792887 ], [ 85.062973783133486, 24.406924229887586 ], [ 85.031665213761087, 24.41466792634542 ], [ 84.974694502209999, 24.37465069930515 ], [ 84.90382953378635, 24.372247501085198 ], [ 84.88228130729965, 24.424767441033246 ], [ 84.887277259904522, 24.463283283379187 ], [ 84.853713139431306, 24.466566677299081 ], [ 84.840095274408768, 24.452191300006639 ], [ 84.839274534039319, 24.511875619158108 ], [ 84.801891105761442, 24.530744416222539 ], [ 84.786090345378298, 24.5038275879783 ], [ 84.684743016895183, 24.454385497929593 ], [ 84.665236671829049, 24.391095731365343 ], [ 84.568191534243354, 24.409439897639604 ], [ 84.572359034442044, 24.38262000868939 ], [ 84.528854302561882, 24.377058658135862 ], [ 84.531440857692061, 24.338207696242549 ], [ 84.495904256942168, 24.286068673013297 ], [ 84.484339328906444, 24.301707117913452 ], [ 84.505285532337524, 24.331331435263724 ], [ 84.485491426343174, 24.312755413007103 ], [ 84.459922272372751, 24.336985795918363 ], [ 84.424672628558923, 24.329841931606968 ], [ 84.431034749827646, 24.356545526644961 ], [ 84.400356970261228, 24.364625019108573 ], [ 84.406553786246334, 24.374378939340737 ], [ 84.387276348084271, 24.388763873796755 ], [ 84.341623105657604, 24.393545497183396 ], [ 84.334526458032173, 24.42064203666223 ], [ 84.320534610882149, 24.421071020664971 ], [ 84.335760666875771, 24.431056388323395 ], [ 84.297375234373803, 24.449391371950387 ], [ 84.296097766259393, 24.473477910805684 ], [ 84.327528313372625, 24.492355406406229 ], [ 84.297450111647663, 24.56009823521822 ], [ 84.270531741121118, 24.560014217238006 ], [ 84.27945530691288, 24.546915903350126 ], [ 84.256792685281908, 24.526884557396031 ], [ 84.236399752437691, 24.549320996627351 ], [ 84.213045233103514, 24.53290529906052 ], [ 84.187232888117748, 24.552928884268411 ], [ 84.173183991658945, 24.544700398890011 ], [ 84.184367347701368, 24.514741189396418 ], [ 84.169749446663502, 24.503330160363799 ], [ 84.152317761644369, 24.515869793274984 ], [ 84.163488366101291, 24.533404493255659 ], [ 84.144279052577104, 24.53825171735858 ], [ 84.140533940225012, 24.500533329921748 ], [ 84.108263942631581, 24.477475271753391 ], [ 84.085556442067357, 24.506103150636399 ], [ 84.093216070169518, 24.533645211813273 ], [ 84.05128633381571, 24.586020310848582 ], [ 84.052022814906465, 24.609922410399534 ], [ 84.007791512149765, 24.642891602749692 ], [ 83.93613238630256, 24.549115872147532 ], [ 83.872860090949715, 24.531700819313322 ], [ 83.799373973274314, 24.529314650704961 ], [ 83.720566320297451, 24.503452628826931 ], [ 83.498925594812818, 24.531405235719454 ], [ 83.522279399087992, 24.547662732148336 ], [ 83.523305897674973, 24.602522281396006 ], [ 83.547979218406397, 24.623278787942109 ], [ 83.501936971325691, 24.648544438630296 ], [ 83.520379756909506, 24.67750199134305 ], [ 83.484981906345141, 24.701961131793936 ], [ 83.489339623906957, 24.736328542261774 ], [ 83.458556822300679, 24.731219231068163 ], [ 83.39286723418013, 24.783086097366446 ], [ 83.396594048748213, 24.832345274872178 ], [ 83.357498373148317, 24.871128630841582 ], [ 83.369461777674417, 24.879534302331983 ], [ 83.354637995349847, 24.905090177104164 ], [ 83.361452774096975, 24.953722340907063 ], [ 83.343106569982652, 24.963072120888288 ], [ 83.349810523573169, 25.009248593212188 ], [ 83.320215886762284, 25.017261371663988 ], [ 83.343352386773617, 25.05087952282582 ], [ 83.350087553227027, 25.113278127121909 ], [ 83.367369574428238, 25.125226853598388 ], [ 83.351301528417153, 25.157011310052493 ], [ 83.357249362846503, 25.199661418852962 ], [ 83.402040216312201, 25.209064018224296 ], [ 83.409912234893653, 25.246606307325493 ], [ 83.436229197710531, 25.244239068153728 ], [ 83.450090709194313, 25.261038434704982 ], [ 83.46792305091499, 25.252344188646408 ], [ 83.490376689376589, 25.289479801334345 ], [ 83.505459915934964, 25.281039452596765 ], [ 83.554094306565233, 25.308491010203031 ], [ 83.539803446189723, 25.315727609744304 ], [ 83.574483238313164, 25.306518015981524 ], [ 83.595680284609244, 25.327340413331711 ], [ 83.64807608303083, 25.339094881139449 ], [ 83.655846226370869, 25.367619169079674 ], [ 83.693707382310095, 25.369628489327987 ], [ 83.682056789132233, 25.378624427636012 ], [ 83.70168271074246, 25.396159644854446 ], [ 83.710123003572619, 25.386044702959204 ], [ 83.740594093368571, 25.410631685330106 ], [ 83.768973457822042, 25.386355107598177 ], [ 83.807835354954122, 25.409099182366756 ], [ 83.801561118564564, 25.429831215960579 ], [ 83.846353426402715, 25.434351365361117 ], [ 83.812809624024609, 25.448197362952893 ], [ 83.816555833219695, 25.462759456615519 ], [ 83.85674665486394, 25.468569834988319 ], [ 83.876212669167089, 25.518062015315756 ], [ 83.902088958031428, 25.524026332628306 ], [ 83.924590102998494, 25.55431467396339 ], [ 84.017038600801186, 25.614473439084428 ], [ 84.081275967941878, 25.636307958731336 ], [ 84.07531246958888, 25.695574098696248 ], [ 84.105061922055839, 25.72121696589166 ], [ 84.13990059111876, 25.731656991314924 ], [ 84.130113609591689, 25.717675373824516 ], [ 84.143112281160228, 25.716369939967159 ], [ 84.154669266292217, 25.729244665385362 ], [ 84.198894751559152, 25.702076814265389 ], [ 84.206011424428866, 25.669464090979091 ], [ 84.27686213658896, 25.660411853868595 ], [ 84.30025953520655, 25.665394826374591 ], [ 84.28761123175164, 25.677546743205223 ], [ 84.324345928172363, 25.67103327868195 ], [ 84.336344928441619, 25.744233695998691 ], [ 84.375220274251774, 25.735329520604683 ], [ 84.389477928402812, 25.7460433386996 ], [ 84.406737888777315, 25.698420771779855 ], [ 84.42767788305315, 25.693617041646508 ], [ 84.429648717616217, 25.711615307964831 ], [ 84.453509338798284, 25.714325961134431 ], [ 84.499338456086249, 25.674682293078298 ], [ 84.528868313585377, 25.682492635230926 ], [ 84.539560475322006, 25.726693882816658 ], [ 84.535182672328759, 25.690950165646999 ], [ 84.557430115093297, 25.679511871168383 ], [ 84.560282897635986, 25.736895716126263 ], [ 84.634605209398686, 25.727869651159562 ], [ 84.603965825624158, 25.760734687313722 ], [ 84.623468253137347, 25.770796529327022 ], [ 84.623522745840773, 25.793042546917842 ], [ 84.550864950315841, 25.840683683209175 ], [ 84.548613404802865, 25.828537325095969 ], [ 84.530521695205138, 25.831611595926287 ], [ 84.52321937380384, 25.860290287333012 ], [ 84.543220871152911, 25.859955641899884 ], [ 84.533979972792096, 25.876369336366874 ], [ 84.42755594843139, 25.891235121248421 ], [ 84.411901164281915, 25.930779901784899 ], [ 84.353953422569901, 25.958782857377894 ], [ 84.296914475888144, 25.945174302245135 ], [ 84.206533186607132, 25.998888799644948 ], [ 84.17002718868136, 25.987676182866306 ], [ 84.172457687582067, 26.024604700124723 ], [ 84.103811545333798, 26.092736864378896 ], [ 84.055951762091581, 26.10005508729159 ], [ 84.049635172831316, 26.130695862166636 ], [ 84.027439268211282, 26.142401294700445 ], [ 84.033969278318395, 26.159682736002072 ], [ 84.009952561380999, 26.174478071876347 ], [ 84.013228434252852, 26.194020325331017 ], [ 84.038350193974082, 26.200973577064413 ], [ 84.015301788149415, 26.223276881146326 ], [ 84.018668105200732, 26.23854899176699 ], [ 84.086411666065601, 26.218750579660814 ], [ 84.122244654265359, 26.258851915366289 ], [ 84.166208432442247, 26.240945886637725 ], [ 84.185973548005762, 26.312899357223088 ], [ 84.176837830686608, 26.369587057262549 ], [ 84.079166305938145, 26.382507270210105 ], [ 84.033860762730399, 26.411654250052067 ], [ 84.016830073975996, 26.447554213643283 ], [ 83.99126062356153, 26.432238726336866 ], [ 83.908019860116013, 26.447088964694228 ], [ 83.908085466776171, 26.519077139705324 ], [ 83.940356757045279, 26.525242449122608 ], [ 83.970825094403182, 26.507509525610377 ], [ 83.976710080000331, 26.533495946840244 ], [ 84.009006708150338, 26.522122575051178 ], [ 84.048119664641376, 26.536403599648363 ], [ 84.089086998102019, 26.603023056131235 ], [ 84.086499055973064, 26.639142020822685 ], [ 84.15928518571782, 26.636047189803357 ], [ 84.159534042407728, 26.624774181245506 ], [ 84.281321264963182, 26.599599837686075 ], [ 84.307267159787315, 26.616322772695998 ], [ 84.419426133126393, 26.627979830671389 ], [ 84.410410767597398, 26.670248856339981 ], [ 84.330055619219905, 26.684099854208753 ], [ 84.305865194157676, 26.749487853301687 ], [ 84.256308734990597, 26.726859773640768 ], [ 84.240272720207571, 26.739320084886739 ], [ 84.232576366281634, 26.753666903737596 ], [ 84.259833536417574, 26.803760859395791 ], [ 84.254094592631105, 26.85659437409403 ], [ 84.218766035412841, 26.871288567058969 ], [ 84.166095607635825, 26.833768854615855 ], [ 84.14060834498504, 26.852652504707883 ], [ 84.146408243955108, 26.885424403342235 ], [ 84.110414977444009, 26.898598781281958 ], [ 84.097507181246229, 26.875829087024634 ], [ 84.060267539109375, 26.888103184679707 ], [ 84.060152024747012, 26.919611981273704 ], [ 84.032186390177387, 26.940693075035096 ], [ 84.054833851839632, 26.960062575317309 ], [ 84.045760041918257, 26.982238693001346 ], [ 84.056376516998952, 26.99015377937156 ], [ 84.037308853422033, 27.00907735389023 ], [ 84.049675037368701, 27.04222895601599 ], [ 83.999996050691777, 27.069543694704038 ], [ 84.030337400404491, 27.097630435215994 ], [ 83.946773263219612, 27.090239897803514 ], [ 83.958720835837156, 27.136260324634929 ], [ 83.994208232265649, 27.174531556390477 ], [ 83.970183866173585, 27.223992024983634 ], [ 83.905072032222947, 27.25761579704281 ], [ 83.93187505367716, 27.31249927800711 ], [ 83.916632253984929, 27.326536625973894 ], [ 83.871440034148591, 27.307242325273041 ], [ 83.836571944361808, 27.322215097857143 ], [ 83.862340988754283, 27.335684677830944 ], [ 83.883250218426568, 27.374238146008569 ], [ 83.833112481897004, 27.425082514292452 ], [ 83.848293493667313, 27.446356047243786 ], [ 83.875493053945803, 27.43538951112965 ], [ 83.994830745892941, 27.446119025663826 ], [ 84.026713810347374, 27.433586704037651 ], [ 84.094837856244098, 27.489019142933234 ], [ 84.097696727567836, 27.517092747607261 ], [ 84.1458567520325, 27.518657656291328 ], [ 84.148783791113246, 27.48674908799487 ], [ 84.205424970075427, 27.470427082003482 ], [ 84.208294870015891, 27.443029556699742 ], [ 84.254054251986659, 27.454102336975261 ], [ 84.292382474381441, 27.384811551202191 ], [ 84.621893218983374, 27.336927335040624 ], [ 84.69114438106709, 27.214821972348251 ], [ 84.674490352318031, 27.095905735781795 ], [ 84.646245307559084, 27.075275422211192 ], [ 84.643394211154131, 27.046144470176021 ], [ 84.756740218309645, 27.002845995235369 ], [ 84.773140665230386, 27.017826851330575 ], [ 84.793822612152667, 26.99597697112285 ], [ 84.825401563645784, 27.02091324692643 ], [ 84.891214565015019, 26.969870139983318 ], [ 84.962579760304607, 26.960526503093213 ], [ 84.978004481418267, 26.939852007878862 ], [ 84.968240600068683, 26.916015319812086 ], [ 85.060383936576102, 26.88455253860829 ], [ 85.03064019469943, 26.873913449818147 ], [ 85.02397020461315, 26.854377254055979 ], [ 85.189836779895003, 26.870041490791866 ], [ 85.176735928556141, 26.809622471011096 ], [ 85.212620610308946, 26.757997843301652 ], [ 85.334510943289345, 26.741667878366041 ], [ 85.407737965277221, 26.791345863248736 ], [ 85.454562311695412, 26.78178415031952 ], [ 85.565983336994876, 26.841102225160579 ], [ 85.575557458223813, 26.860992544624391 ], [ 85.585664849948145, 26.847358772612971 ], [ 85.634554178862771, 26.87221166264915 ], [ 85.642422950034444, 26.853269073661146 ], [ 85.721130584587584, 26.820357630918259 ], [ 85.734479049347982, 26.79587249680549 ], [ 85.732247066446973, 26.653862494610461 ], [ 85.801768177663462, 26.62427041596575 ], [ 85.817739422117867, 26.602799666012768 ], [ 85.851259898841292, 26.608677336845481 ], [ 85.85141928332888, 26.568490011680623 ], [ 85.92910352027944, 26.616814993698938 ], [ 85.947923574926392, 26.613891521351906 ], [ 85.960122088325306, 26.651010831802406 ], [ 86.027221357705486, 26.666638629830874 ], [ 86.138764083166365, 26.628848760390571 ], [ 86.136330112277065, 26.606335771609675 ], [ 86.19312391231108, 26.614472722881526 ], [ 86.196299741606381, 26.593943284889793 ], [ 86.217676850709566, 26.588479756351351 ], [ 86.25301614010057, 26.61712970405955 ], [ 86.332890285559159, 26.619137374391546 ], [ 86.499036486626011, 26.541989010764198 ], [ 86.541549443398225, 26.538722630369207 ], [ 86.57025070116751, 26.49656318005189 ], [ 86.73139798968063, 26.422616314332664 ], [ 86.766496488354647, 26.459440822700373 ], [ 86.833769353570219, 26.439098170257093 ], [ 86.89423019337498, 26.461926957965236 ], [ 86.893087389009864, 26.487775170846128 ], [ 86.929994531422437, 26.489684065889964 ], [ 86.932159130795668, 26.516954038271471 ], [ 87.015359727869892, 26.532043805108007 ], [ 87.04467404000647, 26.587234077383357 ], [ 87.071822494230119, 26.585813894057249 ], [ 87.09165094371609, 26.450292248367969 ], [ 87.162561522301644, 26.403895256018092 ], [ 87.261051847058539, 26.40926991564865 ], [ 87.266015234836033, 26.373875005029923 ], [ 87.312533704001652, 26.371568726662108 ], [ 87.341092513221355, 26.347519155929657 ], [ 87.358405488570654, 26.361053986642556 ], [ 87.368892865863529, 26.407937655344689 ], [ 87.466546240151672, 26.440209597340747 ], [ 87.547704191338994, 26.418374857986677 ], [ 87.612341298899651, 26.381001628615806 ], [ 87.651877375364208, 26.393424878331054 ], [ 87.650202613840662, 26.405957280185127 ], [ 87.678127853866897, 26.415834722268144 ], [ 87.677557945582663, 26.435456095838248 ], [ 87.733939973161782, 26.407610621198259 ], [ 87.764759880579192, 26.409882141989378 ], [ 87.788708205180754, 26.469234418261724 ], [ 87.848828407423056, 26.436463485362012 ], [ 87.88829370562641, 26.486759760670417 ], [ 87.909808316256857, 26.457563216202367 ], [ 87.898739384920404, 26.448709595736052 ], [ 87.925142725243418, 26.444838657277661 ], [ 87.926652480622295, 26.418561949934009 ], [ 87.991919614420951, 26.392562878937117 ], [ 87.995352494838173, 26.366007743022241 ], [ 88.030504310320921, 26.364922206292302 ], [ 88.03507386499976, 26.391457661109737 ], [ 88.096058329190384, 26.440236157009558 ], [ 88.092017382750583, 26.462578067311107 ], [ 88.106978086290752, 26.475742492090294 ], [ 88.090241293059648, 26.50725254798412 ], [ 88.098022853986905, 26.537868541681814 ], [ 88.129646784126308, 26.516010953323139 ], [ 88.179392906395975, 26.548254211385917 ], [ 88.21076236357834, 26.539926481004166 ], [ 88.211495546953643, 26.56124002131294 ], [ 88.226029050372262, 26.556207846020563 ], [ 88.229683319692938, 26.535044709688474 ], [ 88.179886615984543, 26.487643108283699 ], [ 88.210733584251557, 26.473092330777707 ], [ 88.223828951375594, 26.482389507849536 ], [ 88.209778325659883, 26.469681145110766 ], [ 88.269517976394994, 26.420106640783626 ], [ 88.227781378725609, 26.391686935886142 ], [ 88.232215035369961, 26.379598202678903 ], [ 88.27541268984838, 26.379462233661343 ], [ 88.293532843701271, 26.350818012700454 ], [ 88.273092861594051, 26.327896747033801 ], [ 88.268381108995627, 26.337985069169608 ], [ 88.246911784235238, 26.327746532359928 ], [ 88.210631767400628, 26.27779141081847 ], [ 88.144397879269661, 26.252241173898458 ], [ 88.13936506609376, 26.227041567135331 ], [ 88.115607281350449, 26.22463187237086 ], [ 88.071983198403288, 26.174328783353495 ], [ 88.037234049153383, 26.178707170159853 ], [ 87.999879417270265, 26.13839577080897 ], [ 87.991454974314962, 26.150582474383381 ], [ 87.974902192884954, 26.143373813666958 ], [ 87.98139699891442, 26.126057111610862 ], [ 87.969271490700351, 26.117621506618022 ], [ 87.986803250737069, 26.101407168313806 ], [ 87.964209599058663, 26.09392186185017 ], [ 87.985621621185402, 26.077660177154225 ], [ 87.954231842314698, 26.076452938936736 ], [ 87.945502103316841, 26.060760796954 ], [ 87.928048425742901, 26.083067347388166 ], [ 87.855525496088191, 26.03558818802184 ], [ 87.838433839573753, 25.93149313824733 ], [ 87.807399620180718, 25.928850569207405 ], [ 87.830152079628292, 25.870499117752868 ], [ 87.914690225041454, 25.853946861192593 ], [ 87.888116787821076, 25.831019617090561 ], [ 87.915914692554082, 25.816211217136381 ], [ 87.899457755975035, 25.80748603600335 ], [ 87.904171133625795, 25.771130677665205 ], [ 87.938102073958717, 25.773616192253268 ], [ 87.965701064738397, 25.725620452961074 ], [ 88.021066785117441, 25.709689006605867 ], [ 88.020645582148731, 25.695864355689253 ], [ 88.04865012814318, 25.697087056678043 ], [ 88.048165285824751, 25.646221258711154 ], [ 88.03662334298221, 25.646083781744426 ], [ 88.055260826725757, 25.637820995948093 ], [ 88.020264884216132, 25.59114943122151 ], [ 88.038318058783148, 25.568905746059347 ], [ 88.025821440355514, 25.558855296301189 ], [ 88.037275721101096, 25.538322164658393 ], [ 88.076534944879938, 25.508096163964876 ], [ 88.073306274882995, 25.484308200927373 ], [ 88.030560069648928, 25.491416247034845 ], [ 88.013521260124364, 25.511211527805909 ], [ 87.995397253397186, 25.499811139391046 ], [ 87.993798565703514, 25.522412614284733 ], [ 87.96364219078589, 25.539304942757855 ], [ 87.927722445092613, 25.537196091933687 ], [ 87.902030578559447, 25.50524759288702 ], [ 87.884370674745753, 25.520572803679819 ], [ 87.869401474041311, 25.469488441767101 ], [ 87.839221800418471, 25.467579296287497 ], [ 87.824780988764147, 25.437948304200447 ], [ 87.787257609253246, 25.450401146777665 ], [ 87.775063184087188, 25.408765192231517 ], [ 87.764513153794837, 25.41377659101888 ], [ 87.765876012166871, 25.385270258681505 ], [ 87.792311996369008, 25.37354800819551 ], [ 87.795960124806399, 25.326202871016996 ], [ 87.861429633767187, 25.281422198279166 ], [ 87.855268439576363, 25.255269605126049 ], [ 87.827303429335885, 25.235288631117683 ], [ 87.767180064125469, 25.26097656463784 ], [ 87.711340978304079, 25.257643854342557 ], [ 87.692082872785221, 25.311532719025941 ], [ 87.611968177358179, 25.312657699241981 ], [ 87.584099774638304, 25.331438121811466 ], [ 87.584143402218359, 25.349153923946769 ], [ 87.551693375953803, 25.332499748719922 ], [ 87.542957294850027, 25.28108540478873 ], [ 87.494049520827687, 25.307112902751321 ], [ 87.486100825646872, 25.297265897113846 ], [ 87.500360527956758, 25.260133383195669 ], [ 87.476091106845075, 25.236906450391032 ], [ 87.477798118785614, 25.194307502037812 ], [ 87.400980896221427, 25.226904868984793 ], [ 87.371516344446832, 25.2062481862182 ], [ 87.32728952967328, 25.223618008337038 ], [ 87.295402111982938, 25.088536982793919 ], [ 87.250339634924771, 25.105734797989051 ], [ 87.237400610592772, 25.085841347136267 ], [ 87.214412191567803, 25.091236480360234 ], [ 87.146539612865212, 25.020548469854933 ], [ 87.142358601106352, 24.913723212792917 ], [ 87.155546987879745, 24.885017580275136 ], [ 87.142588641684284, 24.860599694232516 ], [ 87.105780814314585, 24.854749503151378 ], [ 87.074335942665826, 24.819854416028477 ], [ 87.095740415350903, 24.802716439404453 ], [ 87.070208271970216, 24.747636591737901 ], [ 87.080334066581457, 24.726221388169733 ], [ 87.054281661209004, 24.669696624606921 ], [ 87.050805354434303, 24.608981696313492 ], [ 87.023046430296418, 24.615704916200983 ], [ 87.021914445240569, 24.62924608536483 ], [ 86.996099301104366, 24.620105718922076 ], [ 86.977583171670858, 24.639565710964327 ], [ 86.952786038838781, 24.631473407850876 ], [ 86.958199283147607, 24.647594477207939 ], [ 86.937590598328342, 24.650167547036542 ], [ 86.944659631741914, 24.635345887734246 ], [ 86.907322349021882, 24.588160045241874 ], [ 86.914332896720552, 24.542205493171533 ], [ 86.880505773786695, 24.572192818324979 ], [ 86.856840034918974, 24.554884984168332 ], [ 86.842645914116417, 24.574225272797459 ], [ 86.803149462339036, 24.570324980718929 ], [ 86.810559291418599, 24.597272557223064 ], [ 86.789009395862067, 24.618694222264331 ], [ 86.753992548657465, 24.62129729376198 ], [ 86.734688007424978, 24.5794904088356 ], [ 86.670239502954857, 24.564878278768109 ], [ 86.603293424178418, 24.608380535160514 ], [ 86.552000899757857, 24.535918706194579 ], [ 86.529826350787062, 24.540334601249597 ], [ 86.509344250269422, 24.521853345099291 ], [ 86.486731373745613, 24.464139779050495 ], [ 86.491279299687363, 24.42808116176235 ], [ 86.466419797723418, 24.423651551986922 ], [ 86.467126551764792, 24.381073597815064 ], [ 86.444535014720557, 24.36781635027268 ], [ 86.412134357169066, 24.380966647923849 ], [ 86.349900462182362, 24.447387182009358 ], [ 86.317377207052473, 24.44151899874403 ], [ 86.276010885061723, 24.465798962720548 ], [ 86.30897872181562, 24.509763371654689 ], [ 86.300840375210342, 24.560116590858208 ], [ 86.322509043318789, 24.586782810259976 ], [ 86.259214537120542, 24.578671769603929 ], [ 86.214298984916994, 24.613790843144876 ], [ 86.214757504800929, 24.595238009174153 ], [ 86.180578166817185, 24.583700279192495 ], [ 86.125070406622044, 24.611921906104225 ], [ 86.115221850073794, 24.643945361634241 ], [ 86.128355196171427, 24.698647400730103 ], [ 86.090730872971989, 24.745997933673607 ], [ 86.037463822810835, 24.740849110406938 ], [ 86.055104844935585, 24.779692606859363 ], [ 85.969045104348112, 24.733125257058717 ], [ 85.943224502946535, 24.733737083335019 ], [ 85.867233572340211, 24.804246739958494 ], [ 85.778532806377001, 24.796889652883486 ], [ 85.736166574135098, 24.82102471332292 ], [ 85.707359534351241, 24.779759381146832 ], [ 85.708258131706344, 24.725909212406826 ], [ 85.683034707847767, 24.692683746697604 ], [ 85.64939247975893, 24.684887576706078 ], [ 85.6758769190875, 24.617525992340685 ], [ 85.667382856697671, 24.578892353287916 ], [ 85.614726769625889, 24.580744108175537 ], [ 85.580767452411436, 24.60068098560442 ], [ 85.5659984322849, 24.587254183255233 ], [ 85.571771056606323, 24.561819945134129 ], [ 85.540783366351747, 24.561806287664901 ], [ 85.540776480765089, 24.530510283909219 ], [ 85.523962810610257, 24.521270690371018 ], [ 85.491661232743027, 24.548099684077137 ], [ 85.434666620615474, 24.528564572037133 ], [ 85.384452055671204, 24.5554436113081 ], [ 85.37336784758503, 24.552661828695239 ] ] ] } },
{ "type": "Feature", "properties": { "stname": "MADHYA PRADESH", "num_caaqms": 26, "num_manual": 42 }, "geometry": { "type": "MultiPolygon", "coordinates": [ [ [ [ 74.17555725110212, 22.400940426876844 ], [ 74.178892923025828, 22.387953274214745 ], [ 74.157219662729645, 22.413421027841668 ], [ 74.175233436289957, 22.418062484322427 ], [ 74.17555725110212, 22.400940426876844 ] ] ], [ [ [ 76.783785302910132, 21.5312349119435 ], [ 76.763545849927141, 21.520507215721405 ], [ 76.795609162241675, 21.48958282441345 ], [ 76.784019948252237, 21.462373530606079 ], [ 76.744428064848961, 21.439865272760478 ], [ 76.74031474384168, 21.411274654751001 ], [ 76.621747301555132, 21.332291360603957 ], [ 76.662899071720048, 21.275964912400894 ], [ 76.661642567589411, 21.240707267745695 ], [ 76.641830326406122, 21.237133801736654 ], [ 76.623488683936756, 21.185038857633696 ], [ 76.565851426936405, 21.199470399306829 ], [ 76.530256745611823, 21.181932409139783 ], [ 76.493167803050397, 21.193863246618033 ], [ 76.456089351014853, 21.108395308029927 ], [ 76.410695742366542, 21.102436299355983 ], [ 76.413194417109096, 21.088422422014219 ], [ 76.374766488904271, 21.072553106697537 ], [ 76.2801316300406, 21.070688524604822 ], [ 76.26144375889443, 21.090479652077395 ], [ 76.166852419812997, 21.079931563920177 ], [ 76.17088709960538, 21.103933061101397 ], [ 76.137928087900789, 21.119853127721267 ], [ 76.142492502419586, 21.134990251334408 ], [ 76.111409750645024, 21.16114709512226 ], [ 76.129260693780296, 21.175821785386347 ], [ 76.171686186084884, 21.166560396002559 ], [ 76.176395988440845, 21.183995213389228 ], [ 76.165659075331689, 21.22161589184125 ], [ 76.142036153763698, 21.228163477048053 ], [ 76.159260094390248, 21.256106052088985 ], [ 76.1297403806673, 21.286704632846064 ], [ 76.096395276646888, 21.371749860193216 ], [ 76.048976169153804, 21.349720439802923 ], [ 75.963059717040693, 21.38970987740009 ], [ 75.910658147841701, 21.382574497696371 ], [ 75.885613576759567, 21.39470910161932 ], [ 75.833363732113739, 21.376636529276983 ], [ 75.728205598380086, 21.38867025341483 ], [ 75.670090309189504, 21.374579339772289 ], [ 75.620465269040338, 21.3759400642573 ], [ 75.606939555894584, 21.391844085830098 ], [ 75.543724326918493, 21.368527981583902 ], [ 75.520965935895077, 21.386673704805183 ], [ 75.382438381644619, 21.379542432301399 ], [ 75.35716192214997, 21.400865320172993 ], [ 75.298740238277219, 21.38556727093739 ], [ 75.295726276412964, 21.413397387058787 ], [ 75.214701474415349, 21.409574487354153 ], [ 75.107164780574109, 21.462694943157619 ], [ 75.053935426417226, 21.564259512349221 ], [ 75.015021226674378, 21.569677383805981 ], [ 74.901808899612945, 21.629147647295461 ], [ 74.862763802756817, 21.634455049320884 ], [ 74.828858264983467, 21.609793323791724 ], [ 74.782873917916106, 21.610690321633015 ], [ 74.554204711664781, 21.681362357923991 ], [ 74.547367312440471, 21.71960268595631 ], [ 74.505835105752752, 21.726035300592269 ], [ 74.513991106948282, 21.765335678399538 ], [ 74.498273993192825, 21.790594460170681 ], [ 74.523904833575472, 21.911547981785422 ], [ 74.489044765744154, 21.955808005237326 ], [ 74.43938963382962, 21.976723951632724 ], [ 74.432484683990879, 21.999647722676954 ], [ 74.452137184953727, 22.003935615262609 ], [ 74.431639914585915, 22.030269373665963 ], [ 74.386593142773833, 22.01960418877011 ], [ 74.350701904217786, 21.978120899636295 ], [ 74.307636073015743, 21.971755609591522 ], [ 74.281175659129474, 21.933112149145774 ], [ 74.191502774094999, 21.926260597700363 ], [ 74.144165608227212, 21.953126903102334 ], [ 74.15045942609332, 21.986739862937384 ], [ 74.098326045329131, 21.99850839083588 ], [ 74.092374155904579, 22.015384651098099 ], [ 74.140226938575793, 22.040411614820851 ], [ 74.131509115730182, 22.047889929130083 ], [ 74.178541558680564, 22.085409029759575 ], [ 74.152557275251056, 22.106006156354407 ], [ 74.124558717426282, 22.097926128286762 ], [ 74.133856806131348, 22.160541413255714 ], [ 74.121442130227322, 22.167400711924312 ], [ 74.122212514635208, 22.212419357227322 ], [ 74.072237653446408, 22.219057915326772 ], [ 74.087182772114701, 22.242794826144429 ], [ 74.052360026588531, 22.29436247327185 ], [ 74.071568878378628, 22.335987708398601 ], [ 74.064765970867981, 22.354606558587196 ], [ 74.105073358801818, 22.371814992607675 ], [ 74.12786086781685, 22.332735858376328 ], [ 74.190333807195572, 22.320259912891956 ], [ 74.204041380677339, 22.366707285344329 ], [ 74.223661358135303, 22.356365253204313 ], [ 74.22370730516549, 22.379944167385471 ], [ 74.243294407877343, 22.37605224413506 ], [ 74.256735046972423, 22.39965228992007 ], [ 74.291178356699021, 22.394012422256512 ], [ 74.252785669402783, 22.432947680600741 ], [ 74.202219850606042, 22.434040141354423 ], [ 74.193162769111922, 22.47540860673228 ], [ 74.184125876355466, 22.441538832763236 ], [ 74.160448839376429, 22.431210508729649 ], [ 74.149209600038503, 22.455658307652151 ], [ 74.11911208812819, 22.418761461987518 ], [ 74.098273545987283, 22.442699545358376 ], [ 74.104152658399116, 22.464527114120109 ], [ 74.075325023839085, 22.464295363230782 ], [ 74.08251702044538, 22.506784618025428 ], [ 74.052979572182082, 22.508932750606323 ], [ 74.040800110253741, 22.486545997618165 ], [ 74.029381990291611, 22.507954366650551 ], [ 74.056779547343552, 22.550122169653836 ], [ 74.150668141564751, 22.521267707402963 ], [ 74.189512243969332, 22.553599175276197 ], [ 74.183173819359496, 22.566009473718765 ], [ 74.209702453105066, 22.564150689381506 ], [ 74.264033262174522, 22.644045040146533 ], [ 74.37866161888968, 22.63460401305753 ], [ 74.433953696280057, 22.807488389992717 ], [ 74.46477297308013, 22.816391001932704 ], [ 74.476432525156312, 22.854815947223798 ], [ 74.446832783219705, 22.921081157643275 ], [ 74.393408150591398, 22.896602877998632 ], [ 74.339495168621809, 22.952888926158685 ], [ 74.365464751121664, 22.975896182107267 ], [ 74.318901134426497, 23.05866122717622 ], [ 74.386202009112637, 23.111517900349085 ], [ 74.432254813194518, 23.104897485972739 ], [ 74.463843829412085, 23.081792975763836 ], [ 74.505863345191997, 23.085141287177866 ], [ 74.545513866125447, 23.109844045724348 ], [ 74.53937328467714, 23.129301621402419 ], [ 74.606614557042491, 23.142559156364136 ], [ 74.671544137195013, 23.199959906655302 ], [ 74.714927924396889, 23.190717767628644 ], [ 74.742136145333021, 23.208912306108736 ], [ 74.747521870651482, 23.22665309078274 ], [ 74.692065768975013, 23.21915161621212 ], [ 74.715127875904429, 23.23699483872652 ], [ 74.700642374861346, 23.267224181771375 ], [ 74.676760572303181, 23.273807076330645 ], [ 74.63855545862819, 23.255409299074699 ], [ 74.574365788435841, 23.295169616763552 ], [ 74.546669072631389, 23.277121008292387 ], [ 74.514036808738396, 23.328045553310428 ], [ 74.535267513111521, 23.330819825608696 ], [ 74.539816562845672, 23.361865606988509 ], [ 74.56865304760791, 23.375984787246374 ], [ 74.572350180042378, 23.420666733326492 ], [ 74.599067381844208, 23.428749693929536 ], [ 74.605054266937273, 23.458062806142767 ], [ 74.651883666378936, 23.462279707283667 ], [ 74.703491690805379, 23.50500767694972 ], [ 74.729239180122619, 23.496617884850625 ], [ 74.735288121733845, 23.520565223938497 ], [ 74.761510429069233, 23.521140872360188 ], [ 74.772719261333094, 23.543992662346028 ], [ 74.794109390618033, 23.550880899944744 ], [ 74.803296095414396, 23.533084195077432 ], [ 74.846831351149618, 23.551860919348577 ], [ 74.903315999571845, 23.625326640880861 ], [ 74.936538730592659, 23.628770654694435 ], [ 74.899460702561939, 23.682201764796016 ], [ 74.921592759423177, 23.694652151182005 ], [ 74.920277543202232, 23.719229721409793 ], [ 74.936375307279576, 23.729580434936814 ], [ 74.924521046263848, 23.75638566059915 ], [ 74.940363101302296, 23.764733568407955 ], [ 74.924339994411611, 23.796621012029561 ], [ 74.903707656052561, 23.794306209096916 ], [ 74.91379607176485, 23.842938619967565 ], [ 74.9026676917195, 23.87251774334365 ], [ 74.916645757814791, 23.931981691797443 ], [ 74.959143008442567, 23.972161248972249 ], [ 74.982298168258978, 24.025410747388442 ], [ 74.939341394329077, 24.053920291824067 ], [ 74.903521205325475, 24.109303718608615 ], [ 74.879754571278298, 24.173607737341438 ], [ 74.907676310569883, 24.201949054171745 ], [ 74.897104029906259, 24.227289323653078 ], [ 74.867577302137548, 24.243086095997761 ], [ 74.774827111434888, 24.238710846618549 ], [ 74.74711030840237, 24.253468549268096 ], [ 74.781322983764611, 24.289174610675705 ], [ 74.781179574017671, 24.338337923018265 ], [ 74.855098593421772, 24.424138703114735 ], [ 74.853872559247293, 24.444528846809003 ], [ 74.813752584136239, 24.436740214754145 ], [ 74.815345202811855, 24.468474828310953 ], [ 74.777217307420401, 24.460510297741951 ], [ 74.708727011195805, 24.486473464337294 ], [ 74.755534924732487, 24.534882579308881 ], [ 74.743512850336884, 24.571458815772008 ], [ 74.78642991244304, 24.58593084292065 ], [ 74.779400089593267, 24.615440323630082 ], [ 74.814138574942461, 24.650181776177817 ], [ 74.814584974756599, 24.665752535211528 ], [ 74.771936755058789, 24.661480748689026 ], [ 74.787612813110826, 24.704177200094236 ], [ 74.780635558773213, 24.728136448152238 ], [ 74.803967342645834, 24.733966962080423 ], [ 74.799777771738917, 24.779068128388907 ], [ 74.888460789687102, 24.634093377279363 ], [ 74.942758554228817, 24.638653102740093 ], [ 74.9622783147354, 24.656424319092967 ], [ 74.96018634235628, 24.677765222325768 ], [ 75.001720001619816, 24.686418352200707 ], [ 74.992387031332242, 24.731745785297708 ], [ 75.016032967737843, 24.732120346886724 ], [ 75.001488752807802, 24.774524098198313 ], [ 74.91453343769615, 24.769200584213866 ], [ 74.860570987300491, 24.798483332737408 ], [ 74.849372853073362, 24.776134461903588 ], [ 74.838695488386094, 24.798036756948978 ], [ 74.861517905034745, 24.804439382380245 ], [ 74.860654330297606, 24.824444905832785 ], [ 74.825286199596121, 24.900149177034592 ], [ 74.833224256029027, 24.959715605378552 ], [ 74.857564558708191, 24.963891154052117 ], [ 74.869375516435639, 24.925073496787956 ], [ 74.880325370691295, 24.937260591789784 ], [ 74.902447293657829, 24.930004453924877 ], [ 74.915531430044169, 24.887594242148825 ], [ 74.952605966323404, 24.880682428737121 ], [ 74.959117245658533, 24.858010398837244 ], [ 75.033047555987437, 24.84440939307834 ], [ 75.076534360189484, 24.880681019707634 ], [ 75.116548598201689, 24.877710986962242 ], [ 75.113561152807989, 24.966810290312463 ], [ 75.168569473061368, 25.005930520085901 ], [ 75.151360296246523, 25.02618307925944 ], [ 75.167081031110897, 25.048414191665994 ], [ 75.225119480208733, 25.03409571902678 ], [ 75.331689091832558, 25.041572332004517 ], [ 75.350351536164581, 25.017534248346504 ], [ 75.311766075798289, 24.995372352260112 ], [ 75.336912791616456, 24.955395834047231 ], [ 75.318447257096352, 24.894155995906917 ], [ 75.285306707551001, 24.96478308701175 ], [ 75.273892349733273, 24.964041390043214 ], [ 75.266617248183437, 24.948647544338378 ], [ 75.294067341408109, 24.907545051600977 ], [ 75.267308470353527, 24.899435757847311 ], [ 75.263434292552944, 24.874855322004116 ], [ 75.308050426390849, 24.856043784210929 ], [ 75.326639385837737, 24.874874874125574 ], [ 75.373631662416784, 24.867743062156141 ], [ 75.418918319444032, 24.886281089905825 ], [ 75.425755132068431, 24.869066552668958 ], [ 75.311595315944231, 24.80117632462516 ], [ 75.272937022869669, 24.842836170077845 ], [ 75.225060415978803, 24.843511958640651 ], [ 75.252320273874091, 24.813105403266672 ], [ 75.215200412198868, 24.802118146971932 ], [ 75.184464550261168, 24.74844083937267 ], [ 75.219443244218994, 24.702554937324262 ], [ 75.228383074907299, 24.717619569235641 ], [ 75.265949209734174, 24.71731822568713 ], [ 75.455189972065014, 24.680440283964629 ], [ 75.533434499038066, 24.712049385698641 ], [ 75.582972139398294, 24.713264919716831 ], [ 75.610786182365374, 24.680407401948688 ], [ 75.645962067307849, 24.684915681804615 ], [ 75.68342069355819, 24.725118607988772 ], [ 75.757204171558911, 24.761583123131128 ], [ 75.802566272696964, 24.756262608664787 ], [ 75.83320330198714, 24.732303789194123 ], [ 75.824939959301631, 24.667453854628107 ], [ 75.847763786305279, 24.663019072283955 ], [ 75.848080177439925, 24.64915038865918 ], [ 75.824700840349408, 24.614493388696172 ], [ 75.832528006048719, 24.595593676285464 ], [ 75.863023678242399, 24.610033938625804 ], [ 75.878366112777712, 24.583385346785253 ], [ 75.91441657232798, 24.572238934192324 ], [ 75.903738589599826, 24.548407655886148 ], [ 75.920550119069304, 24.521660318222587 ], [ 75.887855092582356, 24.508070491743236 ], [ 75.911639023690327, 24.491912347649862 ], [ 75.909059699998167, 24.455009272718968 ], [ 75.83879020860671, 24.414179316173044 ], [ 75.809860843433967, 24.434042903966422 ], [ 75.813473288093363, 24.462024616996647 ], [ 75.789403590317121, 24.471531102651209 ], [ 75.747600114871446, 24.424183431315498 ], [ 75.753070680678576, 24.4050000591131 ], [ 75.727751019405289, 24.390515649232515 ], [ 75.739838139912308, 24.33214787470876 ], [ 75.766465532643622, 24.298018008887617 ], [ 75.810521251593187, 24.296244987406492 ], [ 75.814427616928697, 24.244361510342198 ], [ 75.83023174868913, 24.233759068192438 ], [ 75.777444507585855, 24.209982512739995 ], [ 75.750959213061137, 24.143326996280113 ], [ 75.792859690387814, 24.091847402033551 ], [ 75.835696515871078, 24.092115986186212 ], [ 75.836723392648764, 24.05706342691342 ], [ 75.782919252355654, 24.043394196968435 ], [ 75.765339809743651, 23.992675109743537 ], [ 75.742247947917065, 23.992729902029286 ], [ 75.741130263142267, 23.976938694618422 ], [ 75.717518087221677, 23.966858494077954 ], [ 75.701731681018444, 23.966592785358397 ], [ 75.67433848888048, 24.017675999319938 ], [ 75.59566359073294, 23.990000370390678 ], [ 75.52150399530926, 24.024941519947298 ], [ 75.474680148354352, 23.982840066189574 ], [ 75.462056403941006, 23.914762644593463 ], [ 75.563222894370895, 23.857577111302394 ], [ 75.579482487251738, 23.836927998236188 ], [ 75.559895315369602, 23.816790854128822 ], [ 75.589012107738142, 23.809781808953023 ], [ 75.583447740747374, 23.794823048034502 ], [ 75.653928417078973, 23.798293343396196 ], [ 75.686718709901797, 23.755939340357767 ], [ 75.701636061644678, 23.783045390186825 ], [ 75.690089399951901, 23.812885237368082 ], [ 75.721217281289739, 23.811595754674933 ], [ 75.718952658102864, 23.84066681983202 ], [ 75.736405899993883, 23.856245823035383 ], [ 75.701574017702939, 23.87283309184 ], [ 75.706087163571809, 23.899095456242794 ], [ 75.752700845174417, 23.887345209754237 ], [ 75.764353622156747, 23.852105816859869 ], [ 75.781249452227428, 23.84872712261571 ], [ 75.853024711376236, 23.887481061596013 ], [ 75.887376164771752, 23.879167295648084 ], [ 75.937514930770661, 23.896689397098424 ], [ 75.981763879134519, 23.929351201708009 ], [ 75.984401260045146, 23.975214067329802 ], [ 75.963455180581562, 24.018706918855724 ], [ 75.997019455564981, 24.017688414896259 ], [ 76.036685191264425, 24.062798179188682 ], [ 76.126792338076896, 24.088730458315887 ], [ 76.117546086655295, 24.19465483298001 ], [ 76.148426252163645, 24.232025081146546 ], [ 76.136716718723321, 24.270805462268452 ], [ 76.163392712108134, 24.285838490145533 ], [ 76.185515748087283, 24.329276457008049 ], [ 76.204727199601848, 24.300904579190497 ], [ 76.194589850859401, 24.27319285030924 ], [ 76.212554846798128, 24.209939898923103 ], [ 76.24213025966192, 24.218781867202683 ], [ 76.281364416851076, 24.207056087259314 ], [ 76.287360389301597, 24.229860479378928 ], [ 76.322914458690477, 24.245544860619937 ], [ 76.35720967395595, 24.239744833804583 ], [ 76.411682582130325, 24.200506199203812 ], [ 76.416216427878325, 24.22063441711482 ], [ 76.452266281964071, 24.209363532786352 ], [ 76.470509895778051, 24.226150428918903 ], [ 76.504534984942666, 24.203086999333497 ], [ 76.526586164682215, 24.156629850849015 ], [ 76.57772749455566, 24.179174349678831 ], [ 76.564273468766217, 24.190945212654462 ], [ 76.595231820941919, 24.223320838197726 ], [ 76.583544846893375, 24.242865760260692 ], [ 76.611198535192358, 24.238652050813936 ], [ 76.617645809563498, 24.258829526987626 ], [ 76.665131636729342, 24.261934338705707 ], [ 76.692941059660953, 24.286418650625372 ], [ 76.702730363333075, 24.243199331638227 ], [ 76.67588520640048, 24.190846692592444 ], [ 76.698312614055766, 24.168467276144042 ], [ 76.757920499006673, 24.168256719219706 ], [ 76.80246153638177, 24.116604783921535 ], [ 76.85458873494018, 24.135825460640771 ], [ 76.900600150941997, 24.127432388942065 ], [ 76.916292818843644, 24.187855050379973 ], [ 76.935767654602884, 24.18372659300714 ], [ 76.947397356560501, 24.201310549112865 ], [ 76.862614978086214, 24.273319403108193 ], [ 76.841054159015854, 24.322414536703416 ], [ 76.831884932739953, 24.357968116239189 ], [ 76.851385185431837, 24.370524922103087 ], [ 76.837507257236226, 24.407364105181902 ], [ 76.852829017045266, 24.466721230102955 ], [ 76.81638907224233, 24.533583303810342 ], [ 76.863591371341599, 24.548500302221747 ], [ 76.884307567432373, 24.521450767028735 ], [ 76.901866053247105, 24.545850773219676 ], [ 76.917896512848444, 24.543475083903235 ], [ 76.918420404033924, 24.480691129932211 ], [ 76.977609549196615, 24.461383798819391 ], [ 77.028972803369399, 24.496079630822408 ], [ 77.03689410712056, 24.527899522210046 ], [ 77.054709586565096, 24.52627657538773 ], [ 77.071331216675091, 24.572763261620107 ], [ 77.064985848088099, 24.643844296011096 ], [ 77.031666329883606, 24.711316024211019 ], [ 77.001663389911457, 24.716039283130179 ], [ 76.95469153383543, 24.760218874650409 ], [ 76.907493605938342, 24.731594410262094 ], [ 76.890928945187028, 24.746786577117373 ], [ 76.856129839725853, 24.742486390657284 ], [ 76.847519909037445, 24.769271456373204 ], [ 76.801996777698179, 24.810133730179366 ], [ 76.800368498600719, 24.823402470299843 ], [ 76.825080087563222, 24.835548342803719 ], [ 76.897886167093816, 24.838225622898339 ], [ 76.948563252119982, 24.869071534859092 ], [ 76.913154910131439, 24.887771367245922 ], [ 76.920415505686094, 24.916774205389501 ], [ 76.89048788585724, 24.919689153066987 ], [ 76.862457010241826, 24.960452124322138 ], [ 76.857734192195721, 25.002098316858572 ], [ 76.875363073589398, 25.007970874937996 ], [ 76.876158699758449, 25.041400296727669 ], [ 76.968205047859598, 25.051100898394274 ], [ 76.998855192552924, 25.074799286123437 ], [ 77.08482889879069, 25.054239462773467 ], [ 77.1482659667262, 25.095079999914407 ], [ 77.167124263553106, 25.08460979901481 ], [ 77.174424780239008, 25.111808970284834 ], [ 77.270010847190761, 25.116093996273602 ], [ 77.31098334955756, 25.079925202776444 ], [ 77.394376009134504, 25.119922270741295 ], [ 77.40661691492997, 25.111686448242953 ], [ 77.390581969142133, 25.123386295237601 ], [ 77.393001107947754, 25.159229519003375 ], [ 77.400143311836175, 25.183880633931821 ], [ 77.426615973353037, 25.188074275308665 ], [ 77.411696462958545, 25.224010531690858 ], [ 77.355893420241259, 25.262368539284882 ], [ 77.354174691574485, 25.273601653975547 ], [ 77.373951386421979, 25.274521234178739 ], [ 77.377852417561328, 25.315719670372644 ], [ 77.36761676078747, 25.328588295990425 ], [ 77.34212153816496, 25.32177073520154 ], [ 77.366685038954586, 25.36031076198082 ], [ 77.350501091407182, 25.384068842382785 ], [ 77.370968966203989, 25.408493189018778 ], [ 77.315458840744682, 25.431469269151286 ], [ 77.293803404820395, 25.424295004907947 ], [ 77.233604767975706, 25.378110320618863 ], [ 77.233946929080886, 25.333772557057632 ], [ 77.223368661145869, 25.318790918630743 ], [ 77.205713333350246, 25.326561778279942 ], [ 77.209417570560277, 25.306305135620747 ], [ 77.083673388654219, 25.336557702932659 ], [ 77.070050940427095, 25.318492856285641 ], [ 77.045897342698268, 25.321439036289853 ], [ 77.031690395750076, 25.294387369393295 ], [ 76.973738475973661, 25.300405867756282 ], [ 76.942246260414493, 25.2821599177393 ], [ 76.923274205431568, 25.285455298126859 ], [ 76.929408256127772, 25.303186360095971 ], [ 76.901538950601037, 25.323634739788147 ], [ 76.857284767754024, 25.332784630603339 ], [ 76.776424741034049, 25.315735186943062 ], [ 76.728870396666522, 25.328818163136081 ], [ 76.700282462268675, 25.351626530057548 ], [ 76.669497190295374, 25.349103370186189 ], [ 76.639762998408472, 25.383532859394599 ], [ 76.622787487772044, 25.376782858324393 ], [ 76.598465534080901, 25.392329669020654 ], [ 76.586272813018951, 25.433558913083388 ], [ 76.555189529441705, 25.453492036354884 ], [ 76.555464004286875, 25.482565116637041 ], [ 76.517219139262252, 25.525747023052308 ], [ 76.50375872824776, 25.579772143934271 ], [ 76.503838343236453, 25.673201388099645 ], [ 76.479451078430856, 25.684203413293613 ], [ 76.474266485006225, 25.711422209390804 ], [ 76.523767241439202, 25.729831791866843 ], [ 76.521011397895421, 25.79359949092694 ], [ 76.582052755087901, 25.870421264194 ], [ 76.623222372980891, 25.870553305396736 ], [ 76.64026441194892, 25.907609917891442 ], [ 76.716331976035491, 25.901159271766396 ], [ 76.756615200186474, 25.921010901965488 ], [ 76.749996992586432, 25.940930813106085 ], [ 76.789027577159146, 25.941092521212564 ], [ 76.806779752325582, 25.989808109949031 ], [ 76.883703150366472, 26.046865852778087 ], [ 76.899775438222363, 26.092504907169008 ], [ 76.99761369837239, 26.129066691663546 ], [ 77.02913608295205, 26.171193665698642 ], [ 77.09871822570895, 26.184435003109545 ], [ 77.134718343670698, 26.232947732042643 ], [ 77.210775490893198, 26.23270987710319 ], [ 77.271054728178456, 26.26758047130059 ], [ 77.328466135241655, 26.342026793699596 ], [ 77.366850337051702, 26.363454145897649 ], [ 77.443265920157401, 26.361117822667467 ], [ 77.436682789972593, 26.402800963892606 ], [ 77.538380808166224, 26.411296540800841 ], [ 77.673716482922202, 26.502834284768841 ], [ 77.727011258686275, 26.502316802948908 ], [ 77.746532561600219, 26.539008328689004 ], [ 77.823908591068374, 26.550650401628324 ], [ 77.82732613275212, 26.596046983963216 ], [ 77.89593503444199, 26.61609427581752 ], [ 77.904259414956073, 26.659063514399381 ], [ 77.953176346404447, 26.658938750894972 ], [ 78.001450085906001, 26.694773350859098 ], [ 78.092673650868733, 26.676255430154519 ], [ 78.095930109350689, 26.72780171433763 ], [ 78.123527026818678, 26.746882236911478 ], [ 78.10196749233917, 26.767640113927857 ], [ 78.113264533774029, 26.794842149147147 ], [ 78.184001565033213, 26.783821202132298 ], [ 78.174445787402362, 26.824790451976892 ], [ 78.224013002098374, 26.830714152358592 ], [ 78.267907728575992, 26.813579336898449 ], [ 78.282513434085558, 26.854435371171483 ], [ 78.35831746211214, 26.869561649105986 ], [ 78.399641717794765, 26.818170696224019 ], [ 78.435226883265514, 26.825128527345132 ], [ 78.460738596261692, 26.788757666822992 ], [ 78.521833156176925, 26.780584501260208 ], [ 78.576858607302782, 26.748966516767819 ], [ 78.612998371070375, 26.752430360766837 ], [ 78.628446130377796, 26.77322916396615 ], [ 78.670152531178928, 26.762308333759499 ], [ 78.695367420143967, 26.791930142165196 ], [ 78.726779850034589, 26.795745127250232 ], [ 78.73449027337449, 26.774485826610743 ], [ 78.753596914851585, 26.787012181740309 ], [ 78.772194905062008, 26.758666644331431 ], [ 78.818990309558345, 26.760941768327264 ], [ 78.872362298216061, 26.697786783378788 ], [ 78.91256389874539, 26.706834264789425 ], [ 78.956055948210391, 26.691680367232511 ], [ 78.945487941730889, 26.654821624049816 ], [ 78.983336915616533, 26.676878539976332 ], [ 79.007046394353765, 26.671309245087532 ], [ 78.993460170690483, 26.641907193729399 ], [ 79.017062902622484, 26.601035953015611 ], [ 78.987587892661324, 26.586322692074269 ], [ 79.006869519667546, 26.54495671811587 ], [ 79.028337964977283, 26.546687629307407 ], [ 79.03899810716392, 26.515957688904439 ], [ 79.067941222848674, 26.496918839740665 ], [ 79.052616364750222, 26.453738261135872 ], [ 79.135175115553963, 26.440127744135197 ], [ 79.125983699093922, 26.41125358330531 ], [ 79.09438989485588, 26.411069843345373 ], [ 79.084244075000342, 26.362320464606931 ], [ 79.138830780856594, 26.337513364647812 ], [ 79.115527338831171, 26.320477478815008 ], [ 79.118598201782163, 26.30033637824549 ], [ 79.101928831604681, 26.306815260892229 ], [ 79.090648241017647, 26.270027930819975 ], [ 79.064644359043569, 26.277037972892501 ], [ 79.045644095164093, 26.260307334121542 ], [ 79.069695134931891, 26.245696587283568 ], [ 79.063444745219911, 26.225904650394231 ], [ 79.034598537991343, 26.225370481006934 ], [ 79.018216077139229, 26.247653431646881 ], [ 78.989355609155538, 26.234975981613228 ], [ 79.025230490288592, 26.220711390397856 ], [ 79.025880070155353, 26.192099326009529 ], [ 78.993280187833392, 26.196490374672102 ], [ 78.983113856744964, 26.184358309619547 ], [ 79.005115080273256, 26.168038247219606 ], [ 79.004895402660424, 26.148049811693213 ], [ 78.96695580583058, 26.150142604322848 ], [ 78.948870439237098, 26.128679769644968 ], [ 79.01206315104227, 26.083184847400108 ], [ 78.948262993052083, 26.027749233766102 ], [ 78.956814288006953, 25.99653801884509 ], [ 78.933179214928089, 25.979331877390116 ], [ 78.938956480844553, 25.942687139859451 ], [ 78.884164984256358, 25.913026839812648 ], [ 78.887379067409739, 25.868494814608734 ], [ 78.874204106856567, 25.875508937597615 ], [ 78.852406238552376, 25.856646494897721 ], [ 78.851407191582197, 25.838462462379074 ], [ 78.872578466111065, 25.835092957093764 ], [ 78.872444441962259, 25.801378959852691 ], [ 78.857147564588274, 25.79181523995593 ], [ 78.8455511559917, 25.821554858177183 ], [ 78.818435325884252, 25.829007305310007 ], [ 78.806266395804286, 25.813092864724318 ], [ 78.828310175222555, 25.814338164262914 ], [ 78.828616603142379, 25.795707561194657 ], [ 78.808287564769373, 25.800971160168135 ], [ 78.782882904005604, 25.758482970394322 ], [ 78.752892712025627, 25.750075932044698 ], [ 78.763331701565733, 25.719929727090936 ], [ 78.799911691026551, 25.705068235367719 ], [ 78.816704236399147, 25.676321457324896 ], [ 78.811762712717339, 25.620782511914012 ], [ 78.742622320993007, 25.597110160846306 ], [ 78.717329125884618, 25.605329196055344 ], [ 78.658674896930918, 25.559886657387366 ], [ 78.624192972223526, 25.567378361221486 ], [ 78.619375448390286, 25.583563326072237 ], [ 78.589438334267228, 25.55681726618484 ], [ 78.493791227690224, 25.578557466623813 ], [ 78.464693691608133, 25.545508603778817 ], [ 78.444281036251837, 25.563428988247949 ], [ 78.419479960713971, 25.533460571148165 ], [ 78.431306564398739, 25.47362961260589 ], [ 78.416485436595821, 25.476478098764375 ], [ 78.378023552971612, 25.437054313618734 ], [ 78.354365596209178, 25.451793988860629 ], [ 78.340530293073797, 25.399520660002825 ], [ 78.305262634445285, 25.37627719101172 ], [ 78.300532673894367, 25.360373729961381 ], [ 78.328057893226259, 25.352542934200283 ], [ 78.343793214035912, 25.328455827970135 ], [ 78.311734186685285, 25.303300590162163 ], [ 78.35438723392943, 25.292218252859946 ], [ 78.350110601898464, 25.277327303249219 ], [ 78.372514180842515, 25.259906874319793 ], [ 78.359799994046355, 25.242193213606271 ], [ 78.410951939311474, 25.212665947388402 ], [ 78.391188587140846, 25.20074893437711 ], [ 78.396722606346415, 25.186837194405996 ], [ 78.458247189788125, 25.164608079980876 ], [ 78.427359349073981, 25.154101015974661 ], [ 78.447554797184452, 25.123620657876899 ], [ 78.408512680040133, 25.129430308625505 ], [ 78.383452176438112, 25.101719902621948 ], [ 78.339512111988086, 25.087245073683683 ], [ 78.347372741728336, 25.021531465070609 ], [ 78.33274333596664, 24.99436635937629 ], [ 78.168970490168633, 24.862619909624613 ], [ 78.21667858838353, 24.808594448758221 ], [ 78.235744594568772, 24.771748212604461 ], [ 78.225620360331163, 24.748234934689084 ], [ 78.276835839843088, 24.661887211681012 ], [ 78.262977649430908, 24.648349265311623 ], [ 78.277983472652849, 24.614757583911917 ], [ 78.264469444792326, 24.552202345813853 ], [ 78.230065368087438, 24.53798494597503 ], [ 78.225979651410526, 24.519773620760862 ], [ 78.246016480398012, 24.509539050356576 ], [ 78.247482465364698, 24.484819815622714 ], [ 78.27497912366043, 24.473923435775234 ], [ 78.268781470445504, 24.447904605271233 ], [ 78.365786526999827, 24.385976221206331 ], [ 78.329043540027357, 24.328549709790522 ], [ 78.385841254021059, 24.269628118020446 ], [ 78.431086655020536, 24.284031891090308 ], [ 78.493619139227889, 24.381384013239732 ], [ 78.518380352025019, 24.387818753707119 ], [ 78.52988419102816, 24.368095181250649 ], [ 78.586004323769359, 24.353742298774829 ], [ 78.604104528734737, 24.314030260628194 ], [ 78.628442810204533, 24.30393796725572 ], [ 78.62580303258872, 24.280590647113947 ], [ 78.659282600034103, 24.268253920380495 ], [ 78.668633711798819, 24.240037326616211 ], [ 78.703057912562684, 24.226923241655456 ], [ 78.734166040845722, 24.252405125324348 ], [ 78.750424194625495, 24.23388695204466 ], [ 78.761891562028111, 24.259536900663715 ], [ 78.78554454392048, 24.183496633084438 ], [ 78.804626020891504, 24.178112128798304 ], [ 78.814173684938709, 24.206262478168011 ], [ 78.826748102859824, 24.195446342102766 ], [ 78.881854115798689, 24.217009156136648 ], [ 78.884374142597224, 24.250000013302714 ], [ 78.916070176012909, 24.267626321137278 ], [ 78.909637703182725, 24.297994954796696 ], [ 78.971453950732553, 24.347605838127436 ], [ 78.993647714667276, 24.422750152260139 ], [ 78.985761226023243, 24.441683678152152 ], [ 78.947483769221805, 24.436621894091861 ], [ 78.914209474903657, 24.459617738326934 ], [ 78.92091142525112, 24.499840692926107 ], [ 78.936218974610682, 24.479422633030538 ], [ 78.971521534584625, 24.494241777323651 ], [ 78.947255405798458, 24.502404030078868 ], [ 78.953210113238072, 24.546895855959463 ], [ 78.883109026317982, 24.641397318649961 ], [ 78.859765278682403, 24.617640577099042 ], [ 78.843084327424279, 24.62309616105097 ], [ 78.834768613856056, 24.604821801967272 ], [ 78.783787117627867, 24.588560324603076 ], [ 78.751926133763078, 24.600581556125029 ], [ 78.744135592377944, 24.654298937183352 ], [ 78.781216767207098, 24.706924508888129 ], [ 78.770397679809051, 24.788400794320967 ], [ 78.789928373710936, 24.810436309009745 ], [ 78.769511995736124, 24.859425701384605 ], [ 78.676559755959772, 24.898631170819041 ], [ 78.663393259333219, 24.938442399094217 ], [ 78.631503331749983, 24.959007589228865 ], [ 78.652616701773951, 25.050592469596182 ], [ 78.627337109853926, 25.086898863705809 ], [ 78.602166761157264, 25.094936033810686 ], [ 78.600677937422788, 25.155392047691411 ], [ 78.570312078974212, 25.223707054956446 ], [ 78.555537237764639, 25.211419316247358 ], [ 78.577901852283262, 25.254818846928202 ], [ 78.5039250882744, 25.28963076562917 ], [ 78.450853639079824, 25.262107924951831 ], [ 78.435030845717705, 25.284164040970971 ], [ 78.454706197126455, 25.301243069721963 ], [ 78.472683756902711, 25.285528898387014 ], [ 78.501669562326427, 25.320718336106342 ], [ 78.509896967908986, 25.295552822196473 ], [ 78.531738776406968, 25.300537604660963 ], [ 78.553067559741123, 25.319641917262437 ], [ 78.531998957259333, 25.356578072604091 ], [ 78.583792078651769, 25.34736680905322 ], [ 78.585700760576955, 25.374173201347087 ], [ 78.5625922062558, 25.377848307643593 ], [ 78.566504654084085, 25.393534378239643 ], [ 78.590193538045114, 25.386026828858132 ], [ 78.609666728090744, 25.416022366622631 ], [ 78.635816523416395, 25.40069484115666 ], [ 78.641356730217595, 25.433493915389416 ], [ 78.659834597708198, 25.441660059138883 ], [ 78.68171241337771, 25.433221996361407 ], [ 78.689865855273055, 25.445748033784668 ], [ 78.711199155336487, 25.428454880285582 ], [ 78.674898773694366, 25.399567325142307 ], [ 78.662912374991933, 25.412741343290673 ], [ 78.65894873756551, 25.385286640401159 ], [ 78.699604311605128, 25.381888647596462 ], [ 78.724122346861577, 25.343967256311931 ], [ 78.774587785213541, 25.353104129390992 ], [ 78.77365965125189, 25.376167642373201 ], [ 78.756922739443141, 25.385444050880551 ], [ 78.767567044331315, 25.400482198754815 ], [ 78.748145211868817, 25.390988985606974 ], [ 78.749739945178632, 25.4110595369682 ], [ 78.8213736379235, 25.422578067788979 ], [ 78.802970735741667, 25.437162341895998 ], [ 78.762847120657071, 25.426589242365768 ], [ 78.731827344377194, 25.458058689702149 ], [ 78.733456468789328, 25.489426034390931 ], [ 78.74283442041812, 25.498779715749098 ], [ 78.767828864609086, 25.469428073263629 ], [ 78.796693236671004, 25.482763254351479 ], [ 78.818249468045238, 25.47165195169082 ], [ 78.809170316741188, 25.453413774623613 ], [ 78.820608038841129, 25.467744201859134 ], [ 78.840890368412602, 25.461499106633404 ], [ 78.854887945017566, 25.447694885151954 ], [ 78.820725377681853, 25.43869098282336 ], [ 78.846560653063619, 25.42868725578646 ], [ 78.866171082328449, 25.465668643609376 ], [ 78.833413733422034, 25.502638239201556 ], [ 78.884382036093626, 25.515579241709563 ], [ 78.874294918446935, 25.540949486068243 ], [ 78.893395955335009, 25.555314489156927 ], [ 78.917108405699153, 25.552285583714887 ], [ 78.922221758230194, 25.536053756855228 ], [ 78.936495019710961, 25.556832720936221 ], [ 78.951789904621663, 25.548787095187208 ], [ 78.919900661554664, 25.515401063286166 ], [ 78.942156125376385, 25.492449782116722 ], [ 78.926639592847437, 25.490429525993171 ], [ 78.943906092957164, 25.482925593620845 ], [ 78.937815274582348, 25.465036961962983 ], [ 78.908872790413227, 25.442420519782512 ], [ 78.938265139198549, 25.422248944835424 ], [ 78.950935516056617, 25.440549610299925 ], [ 78.966996665701288, 25.434623173944388 ], [ 78.969929132402967, 25.390113671903283 ], [ 78.989331908005056, 25.37404080273145 ], [ 78.959158854067553, 25.371511096240678 ], [ 78.938712452599304, 25.346976728912274 ], [ 78.896348572146806, 25.372824570646465 ], [ 78.938294940808092, 25.374825448401335 ], [ 78.953300075022199, 25.399949460718766 ], [ 78.880242741198231, 25.385892763276779 ], [ 78.845743060390916, 25.35555460763986 ], [ 78.841041901624621, 25.344969309389505 ], [ 78.849939726191963, 25.334937442614443 ], [ 78.846296058788241, 25.327259236002785 ], [ 78.819299106335578, 25.306940563707201 ], [ 78.792321587137465, 25.308087941159002 ], [ 78.797661328594828, 25.28917444622137 ], [ 78.817154269898595, 25.306682427032186 ], [ 78.828566141179593, 25.30273714264677 ], [ 78.809472227931792, 25.270602274614518 ], [ 78.849653561569994, 25.228785356862765 ], [ 78.879895563900462, 25.285976303313706 ], [ 78.862616302323801, 25.314452039921964 ], [ 78.882004070670732, 25.343636918012152 ], [ 78.911841577798469, 25.332560749252018 ], [ 78.920909404940048, 25.343589273271661 ], [ 78.927209031312742, 25.324354899693482 ], [ 78.960615639387399, 25.345083413174955 ], [ 78.957427552580072, 25.302238087618452 ], [ 78.979924567991773, 25.279046550726299 ], [ 78.955512918417767, 25.28275859223514 ], [ 78.945143765704486, 25.259419587308592 ], [ 78.917025798422273, 25.273584992315509 ], [ 78.898782052555944, 25.243012442618809 ], [ 78.880921632194401, 25.254010953331303 ], [ 78.869531980741939, 25.231107415117531 ], [ 78.890584753111824, 25.214424298283507 ], [ 78.870635108317586, 25.187013761107938 ], [ 78.881908418059297, 25.156894047810884 ], [ 78.953858089612083, 25.218962619383266 ], [ 79.005873393120368, 25.195047224114749 ], [ 79.001186178003948, 25.233698146323249 ], [ 78.975063975330542, 25.24207297497351 ], [ 78.994374624208646, 25.273163360006112 ], [ 79.013221584296687, 25.274049904654134 ], [ 79.021773402969373, 25.241571924272332 ], [ 79.063683440167296, 25.221757846822147 ], [ 79.059666087978457, 25.190408994781649 ], [ 79.052329190421887, 25.207444581802854 ], [ 79.030913790629697, 25.184480697360421 ], [ 79.030763218615036, 25.138479593648373 ], [ 79.051117834719122, 25.134268628138031 ], [ 79.090382262438411, 25.190550165822884 ], [ 79.12609355586666, 25.161219920917762 ], [ 79.124020731976088, 25.1107796529597 ], [ 79.175443200397453, 25.108932223997563 ], [ 79.187290291958902, 25.126379256946041 ], [ 79.176604042035152, 25.141348440871848 ], [ 79.192209585930684, 25.146213911846658 ], [ 79.215029468431894, 25.111406577628898 ], [ 79.245435963070719, 25.113975736705488 ], [ 79.249304328771387, 25.140094535323907 ], [ 79.224358026194793, 25.146029237205244 ], [ 79.248952225112589, 25.159489442263826 ], [ 79.264888731714976, 25.151725112334368 ], [ 79.259904805755141, 25.125257745868584 ], [ 79.282548797225445, 25.117537093304161 ], [ 79.323133736734292, 25.149829514116522 ], [ 79.308508331170557, 25.198286713302451 ], [ 79.284616613906593, 25.191187744904642 ], [ 79.279333200410832, 25.244762375808101 ], [ 79.328527049223595, 25.221322821295942 ], [ 79.338363488396993, 25.19795855900292 ], [ 79.351894311160052, 25.212156622116062 ], [ 79.332757102708797, 25.228279564948323 ], [ 79.343575798441393, 25.227056657091154 ], [ 79.347362195567328, 25.26669538874302 ], [ 79.316517668921236, 25.255957651370473 ], [ 79.293787413132549, 25.283583629794137 ], [ 79.282678716073406, 25.26216188162271 ], [ 79.263038275891546, 25.272184827947214 ], [ 79.270516694037994, 25.309716204950021 ], [ 79.299886125902106, 25.337634482867319 ], [ 79.352231104831432, 25.329882227765378 ], [ 79.336147293387086, 25.288096315192224 ], [ 79.358309704321769, 25.284236764777337 ], [ 79.362899081225649, 25.261696360751866 ], [ 79.368592085168487, 25.29245635895937 ], [ 79.40451696383532, 25.276687921608335 ], [ 79.408812860237589, 25.256091102057468 ], [ 79.437884677553114, 25.255215313100283 ], [ 79.46115863327762, 25.282521466185283 ], [ 79.494459006586794, 25.266905686242183 ], [ 79.462463232310256, 25.264666441257354 ], [ 79.432656857196989, 25.220637103970507 ], [ 79.448834088939321, 25.215073573351205 ], [ 79.440370725576045, 25.198819536129662 ], [ 79.412078788759231, 25.200318920359852 ], [ 79.411631887685189, 25.182697725125312 ], [ 79.389904130193997, 25.170108491692361 ], [ 79.384203162686163, 25.142539484339132 ], [ 79.405739544885833, 25.106359438345557 ], [ 79.426134031815536, 25.119055257788467 ], [ 79.42129653214532, 25.135432488647371 ], [ 79.438949653678634, 25.128276186281823 ], [ 79.440026218969606, 25.101500528593984 ], [ 79.477240545683472, 25.127451228360492 ], [ 79.465024604968079, 25.088045616082191 ], [ 79.491504176326075, 25.079654213398463 ], [ 79.524348509101472, 25.096445613303793 ], [ 79.517947487187683, 25.127034917044245 ], [ 79.572328704320995, 25.171027190401453 ], [ 79.59568617282423, 25.143367727306885 ], [ 79.606985769067762, 25.152768631634359 ], [ 79.601138849580778, 25.127486767283866 ], [ 79.623137697065175, 25.140497002649791 ], [ 79.673221736798638, 25.120358060833546 ], [ 79.684284812017765, 25.135325850318115 ], [ 79.748499272118679, 25.139351349714243 ], [ 79.851236765063561, 25.094200223123678 ], [ 79.861635748132457, 25.097198559984353 ], [ 79.851616948261452, 25.128549402098116 ], [ 79.881093767429576, 25.142394583650628 ], [ 79.866455548296642, 25.149820807670146 ], [ 79.856019765742104, 25.194052323707279 ], [ 79.86768625191398, 25.21706834893137 ], [ 79.851378477892865, 25.235558961343262 ], [ 79.907488262042008, 25.250889863965668 ], [ 79.917554848692845, 25.22682516682579 ], [ 79.948330353284064, 25.268662393112137 ], [ 80.004236589071283, 25.265556026972849 ], [ 79.998943427956362, 25.285972927622989 ], [ 80.022212735797609, 25.29761615525905 ], [ 80.033415024732918, 25.342023561638946 ], [ 80.072779199584744, 25.336996740336829 ], [ 80.088780835841845, 25.355854664974871 ], [ 80.131096889090287, 25.334230131808251 ], [ 80.168961824241933, 25.376858862327691 ], [ 80.194931515437943, 25.378157730992125 ], [ 80.202371869270848, 25.414036539733285 ], [ 80.22082092868861, 25.396743494220242 ], [ 80.253419224585755, 25.400834371806919 ], [ 80.263838177203453, 25.424019526152097 ], [ 80.314938433407136, 25.390107788191919 ], [ 80.30955180258691, 25.354362753361599 ], [ 80.322670200718221, 25.332089111954041 ], [ 80.310799884113408, 25.28640704019292 ], [ 80.351426580011591, 25.277157288919472 ], [ 80.383576477343141, 25.237288953292129 ], [ 80.40388961733224, 25.243533269216432 ], [ 80.431665917582691, 25.177617141000606 ], [ 80.354344301766204, 25.137879028996608 ], [ 80.376022837868078, 25.117329693635874 ], [ 80.349163756150276, 25.086336268267274 ], [ 80.35533461621354, 25.055634927109889 ], [ 80.311397711138369, 25.044234336727122 ], [ 80.28581282227745, 25.056029034973204 ], [ 80.273659156370812, 25.026069786693341 ], [ 80.330992992112584, 24.992199920973082 ], [ 80.362949056361984, 25.023597207206059 ], [ 80.378493884025744, 25.004350971270647 ], [ 80.396440435755025, 25.011946234213241 ], [ 80.373767909299744, 25.05592059894051 ], [ 80.388003746965794, 25.050914355631463 ], [ 80.401028925123427, 25.067103416992257 ], [ 80.408662450878396, 25.055546715646727 ], [ 80.415744155927371, 25.072760368215196 ], [ 80.448981917559536, 25.078651510220269 ], [ 80.47507783822266, 25.038139121375082 ], [ 80.501699497905804, 25.036039179325797 ], [ 80.474353336166232, 25.03052945968226 ], [ 80.44906318095677, 25.04059171434626 ], [ 80.433537310440428, 25.023374152376448 ], [ 80.45464817416476, 25.003756715826743 ], [ 80.436786034427769, 25.001481129213776 ], [ 80.437243339789461, 24.994328739024663 ], [ 80.462854599593868, 25.002533369323718 ], [ 80.456837574226356, 24.981003671302432 ], [ 80.478259882063099, 24.973930829777739 ], [ 80.499302252840266, 25.006214615131451 ], [ 80.548951037259016, 25.001942271267655 ], [ 80.548155932112849, 25.029927131998502 ], [ 80.501911467075175, 25.042024344840019 ], [ 80.506627520807186, 25.083974237391949 ], [ 80.480608829207341, 25.098203965774612 ], [ 80.518131729916234, 25.094703034147884 ], [ 80.545449088972873, 25.064546174405478 ], [ 80.567896792265373, 25.086104928201035 ], [ 80.613136231146328, 25.065695561824903 ], [ 80.592286299265922, 25.090197273641039 ], [ 80.60718666386677, 25.11790494973436 ], [ 80.594998393058745, 25.127196725058223 ], [ 80.601895582351716, 25.150429853280258 ], [ 80.611612887850441, 25.127700139681643 ], [ 80.62794006009176, 25.133573130156993 ], [ 80.63822688759916, 25.116867372685736 ], [ 80.60804217083431, 25.098717343911158 ], [ 80.657820601013199, 25.083232819376367 ], [ 80.661736397760862, 25.067605427163123 ], [ 80.685012652274196, 25.076607265265331 ], [ 80.679736899611157, 25.048457147183473 ], [ 80.720721184281246, 25.064008883212125 ], [ 80.775760606006386, 25.054824049325934 ], [ 80.783633553445839, 25.075948872681916 ], [ 80.725451212205812, 25.091431089015163 ], [ 80.727351563155096, 25.118552525745322 ], [ 80.704389374038101, 25.128374875903994 ], [ 80.729988581146358, 25.146156462386639 ], [ 80.741952690849928, 25.123633304330856 ], [ 80.778780262291249, 25.142260977394905 ], [ 80.78637635255339, 25.129442395747574 ], [ 80.80376483669221, 25.137567424094893 ], [ 80.829666879357433, 25.101012221379364 ], [ 80.849103928382561, 25.162601690684387 ], [ 80.838142968255028, 25.180347044357895 ], [ 80.869661704776348, 25.174939775967712 ], [ 80.88367460843665, 25.187261959136539 ], [ 80.91291198795399, 25.159083141227303 ], [ 80.868795725249228, 25.116528232640885 ], [ 80.878040560925925, 25.065469248953491 ], [ 80.83171257502471, 25.032156001351439 ], [ 80.851735925689681, 24.988248612601627 ], [ 80.792499569567255, 24.965279407046481 ], [ 80.820049822251178, 24.932905700159115 ], [ 80.811991131957043, 24.922547772074594 ], [ 80.891716721220519, 24.945106813871018 ], [ 80.9061902333478, 24.934934902645839 ], [ 80.899148488057591, 24.948622075231132 ], [ 80.946004099440927, 24.96626518815803 ], [ 80.957177667439993, 24.917853487687804 ], [ 80.973851333361139, 24.93419240436576 ], [ 81.0230692372606, 24.927620834008579 ], [ 81.016266640567054, 24.951503049087879 ], [ 81.025553573094598, 24.940703541233674 ], [ 81.033846924900473, 24.95261173811544 ], [ 81.084507190769585, 24.949907915667012 ], [ 81.096302173756342, 24.921189356262527 ], [ 81.139604257386523, 24.887527421688837 ], [ 81.168011981653535, 24.955229178036319 ], [ 81.207030838720243, 24.930621736214874 ], [ 81.193206965748544, 24.925266267112953 ], [ 81.219637430701582, 24.928619160341643 ], [ 81.208924056147836, 24.992617517860154 ], [ 81.263821115561697, 25.052764528008989 ], [ 81.266672148186231, 25.084389693805658 ], [ 81.252137287413262, 25.102076605130865 ], [ 81.277516155748586, 25.166000224052429 ], [ 81.313430144139247, 25.163735687202131 ], [ 81.32166545220133, 25.112752339855696 ], [ 81.319563359402196, 25.156782582105357 ], [ 81.334328089174946, 25.16866286876752 ], [ 81.399920976350089, 25.119219166701299 ], [ 81.438524733602094, 25.130334664738562 ], [ 81.447464271439614, 25.107761389641134 ], [ 81.407591881902349, 25.104958856287048 ], [ 81.491134519707543, 25.072323733185794 ], [ 81.517746581790192, 25.100345485206294 ], [ 81.490321725835088, 25.109445047082804 ], [ 81.479960371396771, 25.132179160375465 ], [ 81.495383813309473, 25.130389087280527 ], [ 81.499509805952144, 25.148681735340947 ], [ 81.527243805434168, 25.138091066615264 ], [ 81.536500065884681, 25.160547875400439 ], [ 81.514603389187457, 25.184337373165267 ], [ 81.572532720826018, 25.192192163057804 ], [ 81.594480348169526, 25.182137621890281 ], [ 81.588463424311684, 25.165769733198207 ], [ 81.626210543617177, 25.160466716666242 ], [ 81.623320269886037, 25.141039386115597 ], [ 81.598245404019252, 25.132442009650326 ], [ 81.608316679875912, 25.0960549399923 ], [ 81.624081634310159, 25.120036955192099 ], [ 81.640015800801237, 25.0979418929691 ], [ 81.60035062475221, 25.073846299328611 ], [ 81.611434053100723, 25.056501523623165 ], [ 81.666795219919621, 25.075011660163788 ], [ 81.689752295826011, 25.038947807826034 ], [ 81.731507661098291, 25.04864190733387 ], [ 81.792212727675988, 25.004407375209951 ], [ 81.834815287804531, 25.016972071166599 ], [ 81.892333824355248, 24.988886080623519 ], [ 81.895561444221613, 25.009518084817312 ], [ 81.906086118666806, 25.006485694389564 ], [ 81.919620162788476, 24.927786337198921 ], [ 81.903602918303307, 24.88969359091972 ], [ 81.96526618455691, 24.827039505091552 ], [ 82.016939934221128, 24.845980123674725 ], [ 82.097654075437276, 24.816148661764519 ], [ 82.115895968977483, 24.784503985184234 ], [ 82.13866151687877, 24.799462794171827 ], [ 82.167090381199387, 24.785527626097043 ], [ 82.178112341426257, 24.810693569621467 ], [ 82.202904164316678, 24.819268183720506 ], [ 82.184257285991876, 24.79563299307739 ], [ 82.216268894871916, 24.794009995720728 ], [ 82.217872907778613, 24.77654480982601 ], [ 82.196545100014845, 24.778059546718605 ], [ 82.202885535952632, 24.757567815889775 ], [ 82.1775584186625, 24.732898552283739 ], [ 82.221304464079125, 24.722327777295941 ], [ 82.206569224200564, 24.747194594128338 ], [ 82.228840500167891, 24.745582810137325 ], [ 82.226458262357511, 24.761237112595634 ], [ 82.244735369856841, 24.744320623355268 ], [ 82.246136405730155, 24.769659051033727 ], [ 82.250934267238435, 24.769930313965631 ], [ 82.250110601954447, 24.697452957638735 ], [ 82.229780843132588, 24.682306321710332 ], [ 82.239212822137475, 24.661571417335956 ], [ 82.260874018059411, 24.661312353271349 ], [ 82.26898574398956, 24.683405116622346 ], [ 82.302653699828113, 24.667653431609093 ], [ 82.29680412222622, 24.605840434380283 ], [ 82.33863893899381, 24.620364477289552 ], [ 82.364767348127501, 24.597198211385273 ], [ 82.416110211441676, 24.5911984381402 ], [ 82.406204469939041, 24.681119460864487 ], [ 82.430485577234279, 24.702585373328464 ], [ 82.452193904165895, 24.689507914942748 ], [ 82.450238375098593, 24.674409681361727 ], [ 82.523316887603727, 24.676083430281757 ], [ 82.539634482905797, 24.64785143631201 ], [ 82.671200655151424, 24.696861222021948 ], [ 82.700888477799978, 24.676018682665578 ], [ 82.706938716578478, 24.636238766286805 ], [ 82.774301654070939, 24.641774715669431 ], [ 82.779361139125967, 24.613014896406774 ], [ 82.765461920858115, 24.59577096138381 ], [ 82.802561719559762, 24.598185884080891 ], [ 82.807544970884805, 24.54899438462288 ], [ 82.755520127268213, 24.537446750887248 ], [ 82.751639089932183, 24.54990684270166 ], [ 82.722007857553223, 24.555285099385038 ], [ 82.719315491662371, 24.551747870860666 ], [ 82.731003029852928, 24.535250242643762 ], [ 82.720634095430256, 24.514032362345279 ], [ 82.743574400688601, 24.496543082652831 ], [ 82.729894856440339, 24.472651466952502 ], [ 82.73879479743843, 24.426235656330263 ], [ 82.713207016900625, 24.380235764380082 ], [ 82.769382898190045, 24.370698249145846 ], [ 82.771514368593913, 24.295042272276884 ], [ 82.759013279251121, 24.236354161153468 ], [ 82.73481365094878, 24.217780431708601 ], [ 82.744436920803565, 24.165480434977813 ], [ 82.72807757899362, 24.13514294161039 ], [ 82.682885022289028, 24.154591873359269 ], [ 82.664305019943882, 24.129466953663876 ], [ 82.714627112329339, 24.076353351599096 ], [ 82.773561452158319, 24.07653781623922 ], [ 82.750704541101058, 24.01197814320491 ], [ 82.804338864771196, 24.003262132917904 ], [ 82.81261164695367, 23.959869432233667 ], [ 82.752383789709441, 23.919789756637247 ], [ 82.703506353590853, 23.924487397619977 ], [ 82.661590144068612, 23.907641836384791 ], [ 82.651234570289176, 23.88675565708823 ], [ 82.668447767963244, 23.871790800963101 ], [ 82.635337832104412, 23.837707948309284 ], [ 82.533074381033316, 23.822146916134024 ], [ 82.551474545150143, 23.790641035600085 ], [ 82.523397609316845, 23.783677384651316 ], [ 82.497403568386702, 23.784900924384143 ], [ 82.469258058757887, 23.811059713326504 ], [ 82.393480230096543, 23.799900745180725 ], [ 82.262210623167263, 23.821038556667233 ], [ 82.231813186241482, 23.805314230724374 ], [ 82.206312464132779, 23.827411160896929 ], [ 82.211858268336528, 23.851932327683134 ], [ 82.171462409821942, 23.81824009797857 ], [ 82.053581007324638, 23.818375169253326 ], [ 82.038415951430352, 23.826840529106903 ], [ 82.043627423346592, 23.842026704011023 ], [ 82.009203670842069, 23.860763196349794 ], [ 81.957799330423143, 23.852284048028363 ], [ 81.921474254093852, 23.870912521197567 ], [ 81.898749389993483, 23.840725007651407 ], [ 81.814995700198821, 23.806449889273154 ], [ 81.724931611434556, 23.84037913085643 ], [ 81.731977751283111, 23.856677881404494 ], [ 81.70749063873366, 23.861132461249742 ], [ 81.706375223103251, 23.88354405932645 ], [ 81.690437003413649, 23.884763136023349 ], [ 81.668582290616598, 23.924962302117788 ], [ 81.609017613732519, 23.903204824401694 ], [ 81.60423501999081, 23.881751794938644 ], [ 81.622207071297751, 23.870238577276492 ], [ 81.603181820778659, 23.853710106270313 ], [ 81.614160582820176, 23.833960517833415 ], [ 81.635835980208384, 23.834513062186815 ], [ 81.651446678637015, 23.799055304334058 ], [ 81.644661749110128, 23.77012610288887 ], [ 81.681296864586656, 23.753811709893956 ], [ 81.695909319138948, 23.721320124855858 ], [ 81.68407813404626, 23.690919603384614 ], [ 81.655549324065447, 23.682016203337653 ], [ 81.65517241702338, 23.663136326662418 ], [ 81.615315061690694, 23.662985643221347 ], [ 81.611768123978479, 23.5959255377911 ], [ 81.576684543626385, 23.585344486667367 ], [ 81.584021190552988, 23.553575996660509 ], [ 81.610035996040892, 23.555643382129393 ], [ 81.611991142425865, 23.510684258331555 ], [ 81.636893884795995, 23.490232115821644 ], [ 81.657953525684519, 23.504668612877925 ], [ 81.658911359746099, 23.528997248281811 ], [ 81.699399887567097, 23.521962731267266 ], [ 81.747376591035106, 23.569670060388393 ], [ 81.758261879778033, 23.549871443102599 ], [ 81.809554399707039, 23.548989344762504 ], [ 81.820302288432302, 23.515896525262022 ], [ 81.836996877014741, 23.510833606015584 ], [ 81.923286177581502, 23.53265940513252 ], [ 81.957908250253013, 23.500519346165685 ], [ 81.954992603606698, 23.467170366609658 ], [ 81.980419006295293, 23.446787610590761 ], [ 81.984797521652567, 23.415145270666979 ], [ 82.025475336181984, 23.42488110062763 ], [ 82.022549334655423, 23.386414893202346 ], [ 82.055128203586222, 23.377045757598115 ], [ 82.064062444058521, 23.392938229889293 ], [ 82.103412560276126, 23.398235700139587 ], [ 82.117929718848131, 23.354869024597278 ], [ 82.14461855364992, 23.361572866860108 ], [ 82.194450391367369, 23.323012587182735 ], [ 82.192955191391007, 23.277134450738458 ], [ 82.145274496283832, 23.22671531265442 ], [ 82.144352424153709, 23.165648139219687 ], [ 82.160919051317208, 23.162052210087602 ], [ 82.161359794439988, 23.143114777781108 ], [ 82.122249463724529, 23.103801449818768 ], [ 82.072909308996387, 23.118305621353393 ], [ 82.034188618043871, 23.080047387599603 ], [ 81.942251155636598, 23.078964984651794 ], [ 81.921501794643831, 23.040814008605569 ], [ 81.950481433133135, 22.982926930717955 ], [ 81.946307619574611, 22.956778674829664 ], [ 81.879423405975146, 22.910877736608505 ], [ 81.866113988285207, 22.915810572407501 ], [ 81.861626625861604, 22.889261002336834 ], [ 81.775683079661178, 22.874436760050724 ], [ 81.762302676199155, 22.830711308878566 ], [ 81.794391697398822, 22.766459904671937 ], [ 81.753592777392683, 22.728515938721443 ], [ 81.772505565126394, 22.668582458361737 ], [ 81.752627837657201, 22.644486516607849 ], [ 81.740287252102846, 22.674959772985158 ], [ 81.713140251353323, 22.648089414990242 ], [ 81.683315397894702, 22.646906605633685 ], [ 81.647254469378097, 22.613264202763464 ], [ 81.660043520871739, 22.569920555405833 ], [ 81.629025234896886, 22.563359328233748 ], [ 81.621942504870162, 22.538015470801287 ], [ 81.569549413970819, 22.550729951589027 ], [ 81.567203977442688, 22.533106275370976 ], [ 81.547201350911322, 22.527503479166487 ], [ 81.522230544090419, 22.539012482756736 ], [ 81.484710140698027, 22.487830130693439 ], [ 81.442606206637606, 22.494350862701118 ], [ 81.446616816071923, 22.469763569102241 ], [ 81.458927355674973, 22.469292522897693 ], [ 81.447367812141039, 22.465875592971663 ], [ 81.427838641781861, 22.47981280625455 ], [ 81.428699412876995, 22.456888538722161 ], [ 81.406704431741588, 22.440951000223336 ], [ 81.390637808661864, 22.451058592077036 ], [ 81.382055290962668, 22.509818348342648 ], [ 81.326526697039455, 22.526144135812221 ], [ 81.313728027284085, 22.482921197267579 ], [ 81.281269285564619, 22.502954187410968 ], [ 81.232190933147905, 22.45215502478899 ], [ 81.199461722171151, 22.463033123142246 ], [ 81.197925833004007, 22.489260027238881 ], [ 81.172692306691744, 22.487908500866496 ], [ 81.155115251801732, 22.454914619160252 ], [ 81.110921313570969, 22.437235799309114 ], [ 81.118431916557384, 22.290474784600541 ], [ 81.078724611318222, 22.238853715405799 ], [ 81.050061415167534, 22.244550512165706 ], [ 81.019385280416415, 22.220994860610546 ], [ 81.031639805569895, 22.199653524682958 ], [ 81.016812552155073, 22.185971687415133 ], [ 81.02191295996289, 22.132729033288346 ], [ 80.978143322990249, 22.120105166748306 ], [ 81.011333423606686, 22.095469615933009 ], [ 81.006204844631583, 22.063207377826394 ], [ 80.993950171256074, 22.04930085479797 ], [ 80.970041918702705, 22.057408309388808 ], [ 80.956979240373542, 22.110418030402538 ], [ 80.921951749031123, 22.11995054627663 ], [ 80.882694173660838, 22.05903447595048 ], [ 80.852673028431141, 21.957307403638438 ], [ 80.826017718755764, 21.957634835260162 ], [ 80.847651762199902, 21.932884095092465 ], [ 80.831996005174958, 21.890676959619999 ], [ 80.853309350062659, 21.872571188240926 ], [ 80.839558132831129, 21.801481092995534 ], [ 80.819739163266348, 21.748023191834001 ], [ 80.785432636414797, 21.740307930912834 ], [ 80.755991537855635, 21.762064987341741 ], [ 80.725676040758501, 21.712135094773753 ], [ 80.734136530411178, 21.694506808811422 ], [ 80.714583543917172, 21.661259284085965 ], [ 80.731638838425539, 21.626049990617688 ], [ 80.715437201253593, 21.584514754736151 ], [ 80.728751451879774, 21.573339600334521 ], [ 80.720190159574102, 21.554811851600167 ], [ 80.740781559010657, 21.539225949004909 ], [ 80.727599809888915, 21.496197469777542 ], [ 80.737753563665052, 21.473124204830722 ], [ 80.705739055921569, 21.430883799863341 ], [ 80.677547313598296, 21.348426586585607 ], [ 80.652920883128104, 21.327504640768236 ], [ 80.598501957414101, 21.327673346221069 ], [ 80.527955343842322, 21.394757733946719 ], [ 80.45755687683392, 21.402684270982821 ], [ 80.448631711142625, 21.372053862178817 ], [ 80.4127995242401, 21.376372712203668 ], [ 80.396035152729766, 21.408107156176417 ], [ 80.422012589200165, 21.439974333881082 ], [ 80.376500144219563, 21.523278461603844 ], [ 80.331311997344713, 21.547542183730918 ], [ 80.327754432562656, 21.571401788762753 ], [ 80.298061674569922, 21.575810147952154 ], [ 80.253447171174273, 21.624754493727462 ], [ 80.192371147096623, 21.635266128359603 ], [ 80.15461698769424, 21.606471027764925 ], [ 80.121333399406197, 21.610876398383247 ], [ 80.069913577421659, 21.555556652410559 ], [ 80.032865403102733, 21.556213991698623 ], [ 79.996805812177612, 21.533618652811612 ], [ 79.971482785815283, 21.557717651198583 ], [ 79.935900477885454, 21.556244436765287 ], [ 79.9184648546521, 21.524544508789301 ], [ 79.89124462593557, 21.518186631114183 ], [ 79.831249119736185, 21.546924809061391 ], [ 79.79207068594242, 21.586589747651924 ], [ 79.736880040025682, 21.603892947189337 ], [ 79.660578522299815, 21.576633499920909 ], [ 79.652787192193813, 21.556241966236907 ], [ 79.540190700683837, 21.542720709958328 ], [ 79.54250765432927, 21.568226776942083 ], [ 79.512028424898531, 21.58397336915322 ], [ 79.503929171177802, 21.615988619403652 ], [ 79.517231027747997, 21.625747163683307 ], [ 79.496206099558648, 21.674224970364712 ], [ 79.421679142591131, 21.69182254184043 ], [ 79.392487104639443, 21.674119689104845 ], [ 79.352419752837719, 21.679027579011223 ], [ 79.230644202991087, 21.72222999094889 ], [ 79.224020436616073, 21.648803788684269 ], [ 79.148312866989727, 21.661174910417046 ], [ 79.143300396163426, 21.636964054100812 ], [ 79.100527309742802, 21.617603424785052 ], [ 79.107206378203372, 21.60502673024153 ], [ 79.093958158242131, 21.598112150668772 ], [ 79.01236897080264, 21.599446180122538 ], [ 78.998012293561217, 21.618573533672123 ], [ 78.916761937172168, 21.590918289268888 ], [ 78.913750720559406, 21.570985369301667 ], [ 78.931863275563316, 21.561760102618862 ], [ 78.906797543766345, 21.553259066219383 ], [ 78.944744486120271, 21.514908707377767 ], [ 78.936692364307518, 21.485766655042678 ], [ 78.899258571084928, 21.500461606359114 ], [ 78.890836587716876, 21.485262477870585 ], [ 78.800430592968951, 21.490155301036641 ], [ 78.775805830670208, 21.465590098798465 ], [ 78.750848518341527, 21.492983918032188 ], [ 78.728465870143594, 21.462292996358059 ], [ 78.688910154710257, 21.481970817815558 ], [ 78.585774264326773, 21.486613521243399 ], [ 78.569778636900608, 21.513564419590026 ], [ 78.511644942128171, 21.528690113588784 ], [ 78.44956883083124, 21.495604945219931 ], [ 78.42423804571979, 21.544436261924215 ], [ 78.426415112810872, 21.599789614404806 ], [ 78.372637326393246, 21.613445065905086 ], [ 78.381615445973893, 21.592037515668071 ], [ 78.36306166724853, 21.575203810317735 ], [ 78.342753196702233, 21.5890452068763 ], [ 78.306884485198566, 21.569639716955702 ], [ 78.302971567551396, 21.583741891251091 ], [ 78.266475378330199, 21.591732576928798 ], [ 78.273855860347709, 21.569254835001448 ], [ 78.181886711665456, 21.557343079145696 ], [ 78.176214174938067, 21.499754950172573 ], [ 77.941188810434852, 21.385771622346834 ], [ 77.883274018029169, 21.376038326793001 ], [ 77.801154854216463, 21.409595064339381 ], [ 77.796767533572805, 21.389010645745405 ], [ 77.752493962387007, 21.383567368375456 ], [ 77.737107645150076, 21.362202347668134 ], [ 77.709988546073276, 21.357447151127836 ], [ 77.691991489262094, 21.397564997262261 ], [ 77.669908475025494, 21.36892347390566 ], [ 77.65398213465717, 21.391168245168227 ], [ 77.611918034591369, 21.392403130866647 ], [ 77.60593363783164, 21.362801084372787 ], [ 77.56349647012334, 21.369309551382266 ], [ 77.56146127486339, 21.396456588231082 ], [ 77.53155175878247, 21.419075270021327 ], [ 77.514523767668862, 21.375939625921244 ], [ 77.488057520123149, 21.374358709789146 ], [ 77.473598056748557, 21.454446539295652 ], [ 77.442407429884781, 21.469647626184937 ], [ 77.425557416588518, 21.537740366396047 ], [ 77.454886194296137, 21.553842581259786 ], [ 77.575227626910817, 21.526458460719248 ], [ 77.611481635721333, 21.538820625641709 ], [ 77.595292275824349, 21.559431451812369 ], [ 77.577114793286654, 21.555170631893489 ], [ 77.5755170083998, 21.620639181014603 ], [ 77.542103290159687, 21.706138761926525 ], [ 77.479467239183236, 21.754146721845462 ], [ 77.478706029269347, 21.770015526025656 ], [ 77.40578177187156, 21.752520560320086 ], [ 77.280201151619167, 21.758209902975313 ], [ 77.287216983208381, 21.721921799680295 ], [ 77.226910863838256, 21.716792617768586 ], [ 77.210424378076212, 21.689645143378126 ], [ 77.176033745557874, 21.72575471538331 ], [ 77.165122764997818, 21.710737823915196 ], [ 77.07321867680001, 21.719454035057193 ], [ 76.900855496163175, 21.596513782632723 ], [ 76.854936592262575, 21.613287157253875 ], [ 76.833346994763787, 21.589116044105754 ], [ 76.796198102233532, 21.594434557661771 ], [ 76.783785302910132, 21.5312349119435 ] ], [ [ 75.206693791361388, 24.883858320005242 ], [ 75.200732487592674, 24.867840600966723 ], [ 75.222636628391584, 24.844093586979199 ], [ 75.249128351260453, 24.867072358903108 ], [ 75.242960927253151, 24.887222012147085 ], [ 75.221625547589838, 24.873780701160012 ], [ 75.213269090033563, 24.893318359782661 ], [ 75.206693791361388, 24.883858320005242 ] ], [ [ 79.389360960264156, 25.091769067779822 ], [ 79.380895201992345, 25.122433002887437 ], [ 79.363696998098675, 25.126218754028166 ], [ 79.374196322086547, 25.142603653369264 ], [ 79.358198758790905, 25.143288833287095 ], [ 79.351056513579991, 25.115983169237399 ], [ 79.379691208881638, 25.101222281958552 ], [ 79.379833668210978, 25.066945383997425 ], [ 79.351133183891193, 25.068882856361725 ], [ 79.356107126873283, 25.040469408322451 ], [ 79.369038820054243, 25.054315886617957 ], [ 79.409249884335082, 25.03383998463034 ], [ 79.425911349338037, 25.058588882774433 ], [ 79.389360960264156, 25.091769067779822 ] ], [ [ 79.359992003608852, 25.188436083361164 ], [ 79.354465850051952, 25.175891803007424 ], [ 79.365378291272648, 25.171113181972494 ], [ 79.37226747028825, 25.180661087783186 ], [ 79.359992003608852, 25.188436083361164 ] ] ], [ [ [ 78.508420089971167, 25.177930093954533 ], [ 78.529634569871973, 25.180232944176154 ], [ 78.494261080719809, 25.152648768159374 ], [ 78.495463383201113, 25.161403153748864 ], [ 78.508420089971167, 25.177930093954533 ] ] ] ] } },
{ "type": "Feature", "properties": { "stname": "ANDAMAN & NICOBAR", "num_caaqms": 0, "num_manual": 3 }, "geometry": { "type": "MultiPolygon", "coordinates": [ [ [ [ 92.527974849687169, 10.88419659337592 ], [ 92.531416549763861, 10.876273623369691 ], [ 92.52814846169224, 10.87067196042368 ], [ 92.530825221151659, 10.866188705229822 ], [ 92.533772190255306, 10.889966167765662 ], [ 92.562476319040215, 10.862173783025161 ], [ 92.567429843315864, 10.810268209959743 ], [ 92.561473155989404, 10.805552387899784 ], [ 92.558500387270811, 10.809787288679686 ], [ 92.552849283447756, 10.808787050668247 ], [ 92.550435717790165, 10.806594121108176 ], [ 92.558761088247721, 10.80916806558316 ], [ 92.564122402746619, 10.796101031661498 ], [ 92.575827898259718, 10.789200619875128 ], [ 92.561446182276356, 10.80352733566829 ], [ 92.571238473745112, 10.81056274166759 ], [ 92.586704414953886, 10.789880149929566 ], [ 92.583362432365305, 10.744184977184458 ], [ 92.599379657087553, 10.705774901568086 ], [ 92.597416607324718, 10.677787503069135 ], [ 92.578412691793616, 10.675023127169288 ], [ 92.581385776719188, 10.658505135749538 ], [ 92.538843512410821, 10.617521267287247 ], [ 92.542093926129198, 10.595090655572918 ], [ 92.569891930575253, 10.578790666325292 ], [ 92.532270020250664, 10.51788393760207 ], [ 92.513264337733403, 10.510839199995802 ], [ 92.430752890415945, 10.549609069050172 ], [ 92.387101764585466, 10.53176268356601 ], [ 92.419158600046799, 10.615034086777346 ], [ 92.401122665048419, 10.659493622185364 ], [ 92.381362289894682, 10.670280165414896 ], [ 92.373073267968479, 10.78274327242616 ], [ 92.386390759716193, 10.79393604134896 ], [ 92.395278585136069, 10.785103322797983 ], [ 92.396083216017516, 10.7808904559475 ], [ 92.392873724153574, 10.777979358075461 ], [ 92.392878246272701, 10.771248621375454 ], [ 92.395497679742277, 10.761335544627959 ], [ 92.398130861927271, 10.761968384578488 ], [ 92.395630704964489, 10.786310254254742 ], [ 92.416890709687252, 10.795715943698809 ], [ 92.424771733879396, 10.825865542263376 ], [ 92.458328443251517, 10.843412228632538 ], [ 92.454506047038862, 10.866864320990384 ], [ 92.496534360020362, 10.897052516157849 ], [ 92.511476481908886, 10.878151791971323 ], [ 92.510043296229853, 10.870841961184453 ], [ 92.505592653341822, 10.873245088216365 ], [ 92.500520937724218, 10.873347039107923 ], [ 92.497229140417318, 10.871293441702212 ], [ 92.497463117412849, 10.86953065328869 ], [ 92.500079654713957, 10.867904419599745 ], [ 92.499616009042967, 10.872157759844161 ], [ 92.510450677719632, 10.869861271194404 ], [ 92.513485163393213, 10.875594054692556 ], [ 92.503743997742234, 10.898440275669575 ], [ 92.527974849687169, 10.88419659337592 ] ] ], [ [ [ 92.605096236416699, 10.9396886244279 ], [ 92.602781562695441, 10.940655846421247 ], [ 92.603554574675528, 10.941306741210374 ], [ 92.605096236416699, 10.9396886244279 ] ] ], [ [ [ 92.599300476883442, 10.942029670595478 ], [ 92.598550365654901, 10.941369662072583 ], [ 92.595983913922467, 10.944212643592536 ], [ 92.597324167088701, 10.944922453565447 ], [ 92.599300476883442, 10.942029670595478 ] ] ], [ [ [ 92.210894702729362, 10.974813189854869 ], [ 92.214932939850272, 10.984969673853659 ], [ 92.226187749686972, 10.98434684589788 ], [ 92.220712606963488, 10.974358183085943 ], [ 92.210894702729362, 10.974813189854869 ] ] ], [ [ [ 92.562659005826305, 11.39680600542798 ], [ 92.559036287135001, 11.390987416100964 ], [ 92.551865838417442, 11.391917010788291 ], [ 92.554682316446261, 11.397052851403727 ], [ 92.562659005826305, 11.39680600542798 ] ] ], [ [ [ 92.545745430435474, 11.389822455829133 ], [ 92.540442522599704, 11.396741717037012 ], [ 92.549958193148072, 11.398642918643898 ], [ 92.550847707637359, 11.39587660460807 ], [ 92.545745430435474, 11.389822455829133 ] ] ], [ [ [ 92.257491589429392, 11.515099809970112 ], [ 92.255823692831271, 11.51394193619554 ], [ 92.255213642430235, 11.514922624069387 ], [ 92.257491589429392, 11.515099809970112 ] ] ], [ [ [ 92.271888118631779, 11.516746114048868 ], [ 92.26968836458822, 11.515606156263871 ], [ 92.266488478409599, 11.51692498795898 ], [ 92.270695406564428, 11.519286113259804 ], [ 92.271888118631779, 11.516746114048868 ] ] ], [ [ [ 92.596587326671852, 11.528865211247771 ], [ 92.602096411340042, 11.53773017024092 ], [ 92.607144409637513, 11.519838802605356 ], [ 92.603926744002806, 11.518970695568143 ], [ 92.596587326671852, 11.528865211247771 ] ] ], [ [ [ 92.560135027338788, 11.516726775418011 ], [ 92.551505398392834, 11.529508428569128 ], [ 92.55224521672487, 11.540357519943067 ], [ 92.568635647430156, 11.526949104600471 ], [ 92.560135027338788, 11.516726775418011 ] ] ], [ [ [ 92.592081078067721, 11.531870761372284 ], [ 92.593392201564242, 11.531088890584021 ], [ 92.589853545420638, 11.530500887426726 ], [ 92.592081078067721, 11.531870761372284 ] ] ], [ [ [ 92.585226965687554, 11.540883630323727 ], [ 92.583834202399714, 11.535906468782567 ], [ 92.583133037676035, 11.534776297915291 ], [ 92.582114629316521, 11.539563254650574 ], [ 92.585226965687554, 11.540883630323727 ] ] ], [ [ [ 92.540501596711124, 11.553888367810893 ], [ 92.541532544653663, 11.555791734897735 ], [ 92.543412467015045, 11.5544225454264 ], [ 92.543293452816314, 11.553726377776712 ], [ 92.540501596711124, 11.553888367810893 ] ] ], [ [ [ 92.596149749212145, 11.550327923985373 ], [ 92.587863698014573, 11.534121425946758 ], [ 92.591484497904403, 11.577996612879065 ], [ 92.59680923480154, 11.557004635242649 ], [ 92.596149749212145, 11.550327923985373 ] ] ], [ [ [ 92.544149834742967, 11.556800491822299 ], [ 92.541280166567859, 11.5564606379436 ], [ 92.539382958823779, 11.554303856295302 ], [ 92.538401701191162, 11.555112766212813 ], [ 92.541412737242524, 11.557785162932591 ], [ 92.544149834742967, 11.556800491822299 ] ] ], [ [ [ 92.246855573296358, 11.592059509102702 ], [ 92.269309614203181, 11.585210730845915 ], [ 92.272995308389142, 11.535302612395556 ], [ 92.2601217209357, 11.517247979661654 ], [ 92.215945944843313, 11.525707407942337 ], [ 92.204373638944162, 11.547688856295952 ], [ 92.202830767172301, 11.587441424587192 ], [ 92.246855573296358, 11.592059509102702 ] ] ], [ [ [ 92.608320192953343, 11.559518757071944 ], [ 92.60864128856511, 11.556209913682171 ], [ 92.606234108132554, 11.563039990795541 ], [ 92.607109748142278, 11.56268296699063 ], [ 92.608320192953343, 11.559518757071944 ] ] ], [ [ [ 92.573019658680352, 11.567154125069218 ], [ 92.576737098430129, 11.570441077011553 ], [ 92.573304848630244, 11.561915052277794 ], [ 92.571704752378153, 11.562674240068809 ], [ 92.573019658680352, 11.567154125069218 ] ] ], [ [ [ 92.563909856858814, 11.569493927028269 ], [ 92.566064289997982, 11.570855031637819 ], [ 92.566921712173723, 11.570104805696518 ], [ 92.565299462568447, 11.567229553289206 ], [ 92.563909856858814, 11.569493927028269 ] ] ], [ [ [ 92.552736416420515, 11.591885257344648 ], [ 92.570287009637184, 11.592549066949843 ], [ 92.565747411976446, 11.573707302128835 ], [ 92.52682697612893, 11.553698721103981 ], [ 92.536184608764273, 11.60834388569633 ], [ 92.552736416420515, 11.591885257344648 ] ] ], [ [ [ 92.578719932688756, 11.584287285734618 ], [ 92.576496598767307, 11.582890177938493 ], [ 92.577169734257481, 11.587591390938115 ], [ 92.578302329269391, 11.586303271389127 ], [ 92.578719932688756, 11.584287285734618 ] ] ], [ [ [ 92.197480450747463, 11.587903912757994 ], [ 92.198965975868177, 11.58822895933274 ], [ 92.196580925432642, 11.584265204349149 ], [ 92.197480450747463, 11.587903912757994 ] ] ], [ [ [ 92.199218294665172, 11.588613164637485 ], [ 92.199998220079678, 11.590656199227938 ], [ 92.202216875575147, 11.589263311198755 ], [ 92.201042937398924, 11.588377670375253 ], [ 92.199218294665172, 11.588613164637485 ] ] ], [ [ [ 92.221763654710543, 11.594437723435716 ], [ 92.222528792058839, 11.592873374208317 ], [ 92.220397099771077, 11.593787205243411 ], [ 92.221763654710543, 11.594437723435716 ] ] ], [ [ [ 92.601711561394225, 11.934930165183848 ], [ 92.604828532173812, 11.934681801227976 ], [ 92.603488543112263, 11.929171503944094 ], [ 92.602827134229841, 11.933908680760888 ], [ 92.601711561394225, 11.934930165183848 ] ] ], [ [ [ 92.603798497817891, 11.95861197397225 ], [ 92.607812028573534, 11.940264473831309 ], [ 92.602051118283413, 11.936797077269809 ], [ 92.597470856584707, 11.924967176335198 ], [ 92.5868370817483, 11.977346637912536 ], [ 92.603076399653162, 11.975802363565309 ], [ 92.603798497817891, 11.95861197397225 ] ] ], [ [ [ 92.604105562643269, 11.965351679861586 ], [ 92.607796786858117, 11.965776828684332 ], [ 92.606451949588944, 11.959547789583446 ], [ 92.60432610982528, 11.963001117734379 ], [ 92.604105562643269, 11.965351679861586 ] ] ], [ [ [ 92.583889393094111, 11.97811013491955 ], [ 92.58026697444015, 11.977662072563092 ], [ 92.582534265623394, 11.982973711597362 ], [ 92.583025591981553, 11.982494703627745 ], [ 92.583889393094111, 11.97811013491955 ] ] ], [ [ [ 92.820697262157708, 9.202270752558073 ], [ 92.826334575044513, 9.137399119926719 ], [ 92.784840688690181, 9.118719305311537 ], [ 92.725872891108423, 9.126417405306515 ], [ 92.714442093222701, 9.154402251209131 ], [ 92.721724766672111, 9.220597740711739 ], [ 92.765909012080968, 9.219008797358807 ], [ 92.774224770564985, 9.258769090022383 ], [ 92.820697262157708, 9.202270752558073 ] ] ], [ [ [ 92.622313720851281, 10.923443468610442 ], [ 92.620744833868812, 10.925093391076162 ], [ 92.622684216617159, 10.925793974892706 ], [ 92.624536678378632, 10.92328531457577 ], [ 92.622313720851281, 10.923443468610442 ] ] ], [ [ [ 92.60976712734778, 10.927221981197491 ], [ 92.602008940584199, 10.936284678426786 ], [ 92.607666904841054, 10.93973851157838 ], [ 92.621600136918801, 10.92767891442106 ], [ 92.60976712734778, 10.927221981197491 ] ] ], [ [ [ 92.668139867410588, 10.984730630031272 ], [ 92.658733429305826, 10.981341618984986 ], [ 92.658171799895243, 10.990802588590288 ], [ 92.666539737920857, 10.992686490571286 ], [ 92.668139867410588, 10.984730630031272 ] ] ], [ [ [ 92.723577620997347, 11.146131733368572 ], [ 92.731319753968464, 11.149523959439207 ], [ 92.733588555219711, 11.144903137964668 ], [ 92.722888984178638, 11.140354718749018 ], [ 92.723577620997347, 11.146131733368572 ] ] ], [ [ [ 92.671805734879896, 11.186562118411004 ], [ 92.679986259184403, 11.181732839635567 ], [ 92.676643383670424, 11.177339492881275 ], [ 92.674189575284728, 11.178126532924505 ], [ 92.671805734879896, 11.186562118411004 ] ] ], [ [ [ 92.693551439812168, 11.250014274365961 ], [ 92.68623475524781, 11.241799745578264 ], [ 92.704706734281714, 11.290236435637269 ], [ 92.704827620569489, 11.263904746366903 ], [ 92.693551439812168, 11.250014274365961 ] ] ], [ [ [ 92.7128236740338, 11.308062897988323 ], [ 92.695506145124327, 11.309844115174453 ], [ 92.722304141402788, 11.33302635388247 ], [ 92.7223077382572, 11.316657781794598 ], [ 92.7128236740338, 11.308062897988323 ] ] ], [ [ [ 92.648390775995125, 11.499650587106336 ], [ 92.673950489570203, 11.490651750937129 ], [ 92.684378587935768, 11.432187400791006 ], [ 92.660997315874155, 11.411930741129684 ], [ 92.636136027161115, 11.416819417721909 ], [ 92.633789649198562, 11.404126176359169 ], [ 92.674795877016066, 11.399768749715681 ], [ 92.690661190335547, 11.37452805399378 ], [ 92.663742865623107, 11.352785119423189 ], [ 92.597653868560911, 11.345024997895825 ], [ 92.579601842040844, 11.367439635220896 ], [ 92.585731702994565, 11.399992093624828 ], [ 92.621789894344474, 11.404451730043093 ], [ 92.611656355357198, 11.476918193399035 ], [ 92.635497745405672, 11.517377967210781 ], [ 92.648390775995125, 11.499650587106336 ] ] ], [ [ [ 92.612746009101883, 11.510884201671205 ], [ 92.609643317043719, 11.502367588611621 ], [ 92.603570381431282, 11.502344647791578 ], [ 92.603643574364, 11.504821852075525 ], [ 92.612746009101883, 11.510884201671205 ] ] ], [ [ [ 92.62844967328094, 11.548480444991114 ], [ 92.627798669584422, 11.54253161224052 ], [ 92.626350078696603, 11.542436694407369 ], [ 92.626116370297339, 11.547241836032692 ], [ 92.62844967328094, 11.548480444991114 ] ] ], [ [ [ 92.6111636437969, 11.532984308569807 ], [ 92.601210438009602, 11.553112895208701 ], [ 92.608678069186098, 11.554026507595392 ], [ 92.61146955069384, 11.561114646066031 ], [ 92.6111636437969, 11.532984308569807 ] ] ], [ [ [ 92.608874351974023, 11.568356149622483 ], [ 92.598833903602952, 11.574900916091709 ], [ 92.610977752720189, 11.588349824405984 ], [ 92.617983586060276, 11.572456404755005 ], [ 92.608874351974023, 11.568356149622483 ] ] ], [ [ [ 92.685881489169049, 11.640390912777214 ], [ 92.688695944191849, 11.635413354584653 ], [ 92.687829013348832, 11.634256386930137 ], [ 92.686036002092862, 11.633990007650649 ], [ 92.685881489169049, 11.640390912777214 ] ] ], [ [ [ 92.699505838231303, 11.659169703670036 ], [ 92.69353507071105, 11.659469527393318 ], [ 92.692209999971425, 11.660690338360618 ], [ 92.699910567894349, 11.66340962341941 ], [ 92.699505838231303, 11.659169703670036 ] ] ], [ [ [ 92.764595437980347, 11.677196664242592 ], [ 92.763430948284267, 11.676061560289142 ], [ 92.760393251133578, 11.668719408833139 ], [ 92.75811926480651, 11.678188511723535 ], [ 92.764595437980347, 11.677196664242592 ] ] ], [ [ [ 92.721143093152591, 11.687754291049643 ], [ 92.722317504740943, 11.688748314031045 ], [ 92.725018639985649, 11.688010615804652 ], [ 92.724013580591247, 11.686112417434245 ], [ 92.721143093152591, 11.687754291049643 ] ] ], [ [ [ 92.707468111447668, 12.217444409202429 ], [ 92.706268851560196, 12.158257666912048 ], [ 92.730816409050163, 12.181582420266958 ], [ 92.754292375220814, 12.178747464427076 ], [ 92.756563063832502, 12.163164595579842 ], [ 92.72375044877316, 12.072422561265967 ], [ 92.736929687103711, 12.078067737301533 ], [ 92.733599299070491, 12.065344693262144 ], [ 92.738156396811291, 12.0572335926697 ], [ 92.733170545761809, 12.061376101873162 ], [ 92.726450579701336, 12.059118537773973 ], [ 92.724795386179622, 12.054119876596522 ], [ 92.725069322035651, 12.049653772041879 ], [ 92.720340005576773, 12.05231782459337 ], [ 92.71911737871217, 12.049312336593195 ], [ 92.713814210364973, 12.052776568414609 ], [ 92.709831554705673, 12.049771900820511 ], [ 92.70931158197142, 12.046390902023477 ], [ 92.707139575988705, 12.047110282008193 ], [ 92.701291765372929, 12.04141198992586 ], [ 92.725445552646306, 12.048849022032762 ], [ 92.727344362984866, 12.054331371195961 ], [ 92.731036389395257, 12.018543408135448 ], [ 92.748860466615326, 12.019152235320611 ], [ 92.751205591428061, 12.003386164165942 ], [ 92.766220249580812, 12.012135341893952 ], [ 92.770436936134573, 11.997695178381294 ], [ 92.764375895114782, 11.986794568212161 ], [ 92.759597433623384, 11.99487035363263 ], [ 92.73330131531435, 11.998622574282468 ], [ 92.727377046389819, 11.995700224562336 ], [ 92.712755870094441, 11.934189327383139 ], [ 92.723290602975865, 11.882175671436528 ], [ 92.709311057355322, 11.869057896098443 ], [ 92.723540996683198, 11.876624734736689 ], [ 92.724222082263637, 11.856554441430227 ], [ 92.705830358717208, 11.816379606381615 ], [ 92.692019251703982, 11.817969893871878 ], [ 92.697026093686745, 11.820721484995689 ], [ 92.700896739311588, 11.829372240950006 ], [ 92.699960705565303, 11.829630165074951 ], [ 92.691560388663618, 11.817685162860286 ], [ 92.69519781008114, 11.812906315427648 ], [ 92.683117602110215, 11.818640886290142 ], [ 92.673931859409507, 11.821431669965701 ], [ 92.669389084407598, 11.82137812461686 ], [ 92.691917293817554, 11.813671101574158 ], [ 92.680044588592423, 11.80251761860657 ], [ 92.676259381734241, 11.779080560741479 ], [ 92.683256746656141, 11.803877542609285 ], [ 92.697872833995433, 11.812539477976053 ], [ 92.699706397898268, 11.806052424263491 ], [ 92.705825639867015, 11.800318975783643 ], [ 92.717736395930942, 11.826270787835682 ], [ 92.744259608343796, 11.932098336250871 ], [ 92.782684717635235, 11.936947400889704 ], [ 92.788177426015807, 11.885467860020116 ], [ 92.754454378297467, 11.700648571716755 ], [ 92.743406495386452, 11.711536301353958 ], [ 92.744722932417886, 11.690439457043663 ], [ 92.715544291042008, 11.705362776822177 ], [ 92.710949200852909, 11.693249783189055 ], [ 92.696453527287559, 11.718876481667785 ], [ 92.6899670657088, 11.697743994105842 ], [ 92.689029017041335, 11.707264015979378 ], [ 92.685204157648201, 11.709213133940386 ], [ 92.685292049713922, 11.712716390018722 ], [ 92.682223794572195, 11.714095744051781 ], [ 92.687733174786104, 11.696763610901055 ], [ 92.705676729735629, 11.700058947805699 ], [ 92.707722678727791, 11.670508942410118 ], [ 92.662702762949479, 11.652170408925498 ], [ 92.67416683892489, 11.623907454424478 ], [ 92.680451467025662, 11.637236813278875 ], [ 92.694258952929914, 11.620413515238949 ], [ 92.686395877077146, 11.602993881354557 ], [ 92.696983844122286, 11.607489136876122 ], [ 92.694684553152001, 11.65318597726527 ], [ 92.710144935585774, 11.643313799349187 ], [ 92.72820884861369, 11.658224997377509 ], [ 92.714375128309825, 11.678435558131197 ], [ 92.755992156621659, 11.665047111262107 ], [ 92.741899436750046, 11.640219738999324 ], [ 92.754055052899162, 11.615760979571217 ], [ 92.710923853988845, 11.478415409124764 ], [ 92.697194775737515, 11.505376442162552 ], [ 92.667498258295311, 11.501829364844051 ], [ 92.64546293921039, 11.52218262839496 ], [ 92.646562377405161, 11.571893088566194 ], [ 92.63239656790708, 11.580785459985499 ], [ 92.616479120860078, 11.563440773610623 ], [ 92.619280035576651, 11.571496144340955 ], [ 92.619192702263035, 11.580799047616653 ], [ 92.60183758963872, 11.608648215801029 ], [ 92.627014662225264, 11.626441179819377 ], [ 92.635180791027338, 11.615655455421422 ], [ 92.644398578430838, 11.636209005111862 ], [ 92.630390065735654, 11.651881653169404 ], [ 92.630407900887292, 11.628299002862429 ], [ 92.608090375157573, 11.632385016767584 ], [ 92.59728070390031, 11.650031712355545 ], [ 92.591130074795572, 11.736934431052532 ], [ 92.558053054107091, 11.692299553411315 ], [ 92.549287298954525, 11.802219505807274 ], [ 92.540721399189778, 11.785537189067428 ], [ 92.529532884122702, 11.79417646681112 ], [ 92.546905616302979, 11.836179786020791 ], [ 92.53102892492214, 11.833865136278529 ], [ 92.523269803910665, 11.807183764255239 ], [ 92.506004989040392, 11.825773585393588 ], [ 92.520239126195605, 11.898618778237831 ], [ 92.565319104232145, 11.951080324319916 ], [ 92.585623873719442, 11.887619359079075 ], [ 92.600507396705339, 11.898239137082065 ], [ 92.598862452062718, 11.867238956244993 ], [ 92.602709111771162, 11.858058589594426 ], [ 92.605802192754084, 11.858745862042007 ], [ 92.610122520637105, 11.911976900232618 ], [ 92.594893270234337, 11.904756826207027 ], [ 92.592633399135323, 11.918493678824531 ], [ 92.607624475613576, 11.929804627976996 ], [ 92.628159149134873, 12.043004699200695 ], [ 92.622046386714288, 12.101387802693225 ], [ 92.664121020425114, 12.221847750187463 ], [ 92.655646727259736, 12.18010966839628 ], [ 92.673954445750695, 12.2177871042979 ], [ 92.67546491439191, 12.186837175399479 ], [ 92.681287626078642, 12.191961925381785 ], [ 92.693145500118433, 12.239009585809232 ], [ 92.707468111447668, 12.217444409202429 ] ], [ [ 92.721492008690404, 11.574044613732887 ], [ 92.735969430285806, 11.573246924600404 ], [ 92.728327413654796, 11.603504479144549 ], [ 92.7147193330823, 11.584376982324992 ], [ 92.721492008690404, 11.574044613732887 ] ] ], [ [ [ 92.731180880713751, 11.95433418895629 ], [ 92.730823615335339, 11.944651971062402 ], [ 92.724459860929443, 11.941842646221907 ], [ 92.72567727756541, 11.95656012713072 ], [ 92.731180880713751, 11.95433418895629 ] ] ], [ [ [ 92.723128633136866, 11.954576688017356 ], [ 92.724703051046532, 11.953757916111542 ], [ 92.722250592828715, 11.951331440718283 ], [ 92.722412102730246, 11.95362769904027 ], [ 92.723128633136866, 11.954576688017356 ] ] ], [ [ [ 92.769517977565229, 11.951737638257727 ], [ 92.748862602809055, 11.94459170464944 ], [ 92.734770518046361, 11.953351878915868 ], [ 92.752597881303771, 11.968799235835803 ], [ 92.769517977565229, 11.951737638257727 ] ] ], [ [ [ 92.74413714371606, 11.966768566113441 ], [ 92.742235759704229, 11.965218970827081 ], [ 92.740698089177855, 11.965820835286371 ], [ 92.742034690692492, 11.967361692817317 ], [ 92.74413714371606, 11.966768566113441 ] ] ], [ [ [ 92.75681405941107, 11.986294342189588 ], [ 92.749201360197659, 11.976843783587052 ], [ 92.732062990390133, 11.979118243065281 ], [ 92.738521385904505, 11.997282487853548 ], [ 92.75681405941107, 11.986294342189588 ] ] ], [ [ [ 92.77496864389218, 12.01797559736632 ], [ 92.774547843368694, 12.012377268877859 ], [ 92.77026592475228, 12.01241286803903 ], [ 92.770017277369803, 12.017066443416667 ], [ 92.77496864389218, 12.01797559736632 ] ] ], [ [ [ 92.763635265604066, 12.051597665264847 ], [ 92.78223781925611, 12.04534420207812 ], [ 92.761136093194835, 12.019230146277284 ], [ 92.730221827638317, 12.037411148388772 ], [ 92.728289961093935, 12.053259674318252 ], [ 92.727486964248001, 12.054873745326752 ], [ 92.725792420025286, 12.055154594654809 ], [ 92.738826366638406, 12.055832063273492 ], [ 92.736281726899364, 12.066012648670686 ], [ 92.741180825845248, 12.062982055209273 ], [ 92.743456436326355, 12.05761110492872 ], [ 92.744415618759177, 12.056209465935215 ], [ 92.746651583891847, 12.054870480799675 ], [ 92.763635265604066, 12.051597665264847 ] ] ], [ [ [ 92.745545248432336, 12.055761410577174 ], [ 92.741282111791847, 12.063619338332265 ], [ 92.736759563256896, 12.066627229390861 ], [ 92.741543580828349, 12.073333215299492 ], [ 92.756730214255711, 12.064207753011187 ], [ 92.745545248432336, 12.055761410577174 ] ] ], [ [ [ 92.950590587189666, 12.088380851652081 ], [ 92.950084902160015, 12.079433113907644 ], [ 92.945474899038899, 12.119721871377584 ], [ 92.956668370111402, 12.102316243107028 ], [ 92.950590587189666, 12.088380851652081 ] ] ], [ [ [ 92.740000774633515, 12.112907737975023 ], [ 92.740817986420524, 12.111908449694132 ], [ 92.739388747938875, 12.110507814392836 ], [ 92.738727459430663, 12.110923938071203 ], [ 92.740000774633515, 12.112907737975023 ] ] ], [ [ [ 93.241150028034241, 8.235643313293613 ], [ 93.229391882262362, 8.221852286435899 ], [ 93.211886971971168, 8.258823063391468 ], [ 93.228518382039667, 8.26508100030108 ], [ 93.241150028034241, 8.235643313293613 ] ] ], [ [ [ 93.13351942341491, 8.345803198409881 ], [ 93.117763398234572, 8.27728370417365 ], [ 93.192826504797992, 8.218600299421929 ], [ 93.190903119248205, 8.196116489126789 ], [ 93.11162386512018, 8.223642561398023 ], [ 93.075842679169611, 8.27346031859256 ], [ 93.084931694873774, 8.340800827670883 ], [ 93.117226292831248, 8.356505055789052 ], [ 93.13351942341491, 8.345803198409881 ] ] ], [ [ [ 93.038201526931658, 8.440052425606623 ], [ 93.024539780105798, 8.452247378958868 ], [ 93.0341706793523, 8.473377305195724 ], [ 93.047778667398291, 8.460029114685339 ], [ 93.038201526931658, 8.440052425606623 ] ] ], [ [ [ 93.085801609920196, 11.78396779405721 ], [ 93.080498842221616, 11.77795956274138 ], [ 93.076383146967032, 11.780133131075756 ], [ 93.081556853708733, 11.789707965768118 ], [ 93.085801609920196, 11.78396779405721 ] ] ], [ [ [ 93.031218675191482, 11.837389600386267 ], [ 93.058639840867414, 11.846058136325251 ], [ 93.071789239859172, 11.836193011177944 ], [ 93.044263760015838, 11.809503414219078 ], [ 93.013766219326357, 11.828265917344575 ], [ 93.010668540765806, 11.851381389809383 ], [ 93.031218675191482, 11.837389600386267 ] ] ], [ [ [ 92.97198059071043, 12.03473528228448 ], [ 93.01498152312476, 12.026325627282162 ], [ 93.007104254788842, 12.002990605095256 ], [ 93.054086781952137, 11.902786428758983 ], [ 93.044535894749686, 11.88402935492666 ], [ 93.023812257913406, 11.887575631633087 ], [ 92.992008447324878, 11.935328256659906 ], [ 92.99999274543535, 11.95037056714807 ], [ 92.970992994565194, 11.948020041847057 ], [ 92.95844295422593, 11.98094958173119 ], [ 92.92295085781187, 11.99844229263322 ], [ 92.948878517734059, 12.013169002915783 ], [ 92.964179995380618, 12.049994179185902 ], [ 92.97198059071043, 12.03473528228448 ] ] ], [ [ [ 92.969467477346328, 12.06298691319866 ], [ 92.968135570427393, 12.062532793591814 ], [ 92.96720352969254, 12.065132017018309 ], [ 92.970374708409651, 12.064492090648621 ], [ 92.969467477346328, 12.06298691319866 ] ] ], [ [ [ 92.965991137333958, 12.065534486053982 ], [ 92.96471881117624, 12.064689322079408 ], [ 92.961811783865087, 12.065889725329786 ], [ 92.963867119353679, 12.066619518206059 ], [ 92.965991137333958, 12.065534486053982 ] ] ], [ [ [ 93.00922297181063, 12.066503014984523 ], [ 93.010958771162748, 12.068506806063731 ], [ 93.012668569677317, 12.06667619865962 ], [ 93.011222045812971, 12.065056873386427 ], [ 93.00922297181063, 12.066503014984523 ] ] ], [ [ [ 93.006451756295704, 12.068622553816548 ], [ 93.004511661183301, 12.071678399565762 ], [ 93.007428751422296, 12.072384984764916 ], [ 93.007953165427267, 12.070807134155183 ], [ 93.006451756295704, 12.068622553816548 ] ] ], [ [ [ 92.991588074399488, 12.107240821658822 ], [ 93.005074030805673, 12.099450708322681 ], [ 92.992323579021502, 12.043691057705978 ], [ 92.956352181995996, 12.081324470797744 ], [ 92.969497965268758, 12.086713553736672 ], [ 92.957459576569235, 12.087275238932733 ], [ 92.958175526664164, 12.108716782910147 ], [ 92.991588074399488, 12.107240821658822 ] ] ], [ [ [ 92.956803058115213, 12.091908487862673 ], [ 92.957574694774564, 12.091564866374023 ], [ 92.957030249237064, 12.08986084169973 ], [ 92.955877554420709, 12.091386454833208 ], [ 92.956803058115213, 12.091908487862673 ] ] ], [ [ [ 93.02755216632508, 12.13805598625272 ], [ 93.053995767342471, 12.07657807460148 ], [ 93.043438405000785, 12.042644708319106 ], [ 93.006260760093227, 12.074817164225461 ], [ 93.007471085428335, 12.10283841816616 ], [ 93.005947960423114, 12.108078397721549 ], [ 92.999485509913541, 12.110163542265928 ], [ 93.001609092210899, 12.110907132263121 ], [ 93.002807895754216, 12.112019969766953 ], [ 93.003793450028823, 12.117482548321522 ], [ 92.995403628144587, 12.131548130334561 ], [ 93.000887428830765, 12.132135989751955 ], [ 93.008602052692964, 12.156533490093096 ], [ 93.021415594057871, 12.167507854156034 ], [ 93.02755216632508, 12.13805598625272 ] ] ], [ [ [ 93.000000000229605, 12.109023697225105 ], [ 93.005006324782741, 12.107318368862352 ], [ 93.00480926405379, 12.106106481860657 ], [ 92.998122305690131, 12.107893791790589 ], [ 93.000000000229605, 12.109023697225105 ] ] ], [ [ [ 92.977780652275555, 12.110590390802491 ], [ 92.976152165667258, 12.109799604868339 ], [ 92.975803346249194, 12.111815693099375 ], [ 92.977130855016483, 12.111874219864534 ], [ 92.977780652275555, 12.110590390802491 ] ] ], [ [ [ 92.991836991276472, 12.111557563869798 ], [ 92.992716448227867, 12.110580998018227 ], [ 92.992098392041029, 12.109509802121465 ], [ 92.991002907331819, 12.110009506991556 ], [ 92.991836991276472, 12.111557563869798 ] ] ], [ [ [ 92.960431736230078, 12.118123051434816 ], [ 92.962834101692707, 12.116798438596232 ], [ 92.962654636265228, 12.114016332799959 ], [ 92.95981158337537, 12.117085314835217 ], [ 92.960431736230078, 12.118123051434816 ] ] ], [ [ [ 92.955930536157851, 12.126103829437575 ], [ 92.956654212662514, 12.127483225419045 ], [ 92.957853027883914, 12.125836981365154 ], [ 92.956036110661586, 12.124485637822172 ], [ 92.955930536157851, 12.126103829437575 ] ] ], [ [ [ 92.992577673787821, 12.150117579414482 ], [ 92.994818667689444, 12.156140268359987 ], [ 92.993185757776672, 12.13623821910217 ], [ 93.00167788789031, 12.111201068627821 ], [ 92.962770052711292, 12.120193108401137 ], [ 92.955776002572762, 12.149268291190214 ], [ 92.987854289803082, 12.146787149345515 ], [ 92.986204616428822, 12.157274304794811 ], [ 92.989078919910824, 12.160125949987975 ], [ 92.992577673787821, 12.150117579414482 ] ] ], [ [ [ 93.116680874418279, 12.129091465701679 ], [ 93.108564918321449, 12.144948637881734 ], [ 93.124176142264531, 12.153056139578291 ], [ 93.123371728775354, 12.139518372610629 ], [ 93.116680874418279, 12.129091465701679 ] ] ], [ [ [ 93.054568631083995, 12.101153450087585 ], [ 93.048136590343461, 12.115648279828624 ], [ 93.062403495345293, 12.119151387124633 ], [ 93.063266503245487, 12.123266269398805 ], [ 93.035274403409289, 12.132089883281152 ], [ 93.069857855710097, 12.211683615278677 ], [ 93.091754994141382, 12.182712121890704 ], [ 93.097966930569314, 12.097366694949534 ], [ 93.077192347578318, 12.076921357811155 ], [ 93.054568631083995, 12.101153450087585 ] ] ], [ [ [ 93.005737203081026, 12.149722726174732 ], [ 93.005250758168145, 12.148103775222431 ], [ 93.004399672708431, 12.150178856172737 ], [ 93.005737203081026, 12.149722726174732 ] ] ], [ [ [ 92.985255483449095, 12.154942087709655 ], [ 92.983858963406689, 12.155751388615959 ], [ 92.985007693957726, 12.156738886400777 ], [ 92.985841521882548, 12.156361277991223 ], [ 92.985255483449095, 12.154942087709655 ] ] ], [ [ [ 93.012407892954911, 12.155169460720916 ], [ 93.013615860212425, 12.156960497959203 ], [ 93.014048839196192, 12.15449184703618 ], [ 93.012407892954911, 12.155169460720916 ] ] ], [ [ [ 93.019008993038668, 12.224943674218339 ], [ 93.020061257104587, 12.225274040291335 ], [ 93.020369848167633, 12.223443484234746 ], [ 93.018761475736866, 12.223402181078997 ], [ 93.019008993038668, 12.224943674218339 ] ] ], [ [ [ 93.101651862085603, 12.232975264410131 ], [ 93.10011879542509, 12.200419524335514 ], [ 93.089962397008776, 12.224876058404623 ], [ 93.062044326436805, 12.228972769751287 ], [ 93.069946973976187, 12.260079728775667 ], [ 93.08654913489903, 12.257043981607632 ], [ 93.085483269441383, 12.238386123730555 ], [ 93.105458128148996, 12.263914229569275 ], [ 93.101651862085603, 12.232975264410131 ] ] ], [ [ [ 93.025911227270285, 12.273713719568423 ], [ 93.020696574419617, 12.275678703371165 ], [ 93.028010076252926, 12.280175833328791 ], [ 93.028654983981937, 12.276830071899806 ], [ 93.025911227270285, 12.273713719568423 ] ] ], [ [ [ 93.066978913327986, 12.315274259753572 ], [ 93.061368828377439, 12.314888706105695 ], [ 93.073273988835467, 12.31672691879383 ], [ 93.072593674009568, 12.315334144024709 ], [ 93.066978913327986, 12.315274259753572 ] ] ], [ [ [ 93.852924609598503, 7.217720961340655 ], [ 93.870428393402349, 7.202370993374646 ], [ 93.880695212733414, 7.090536372736759 ], [ 93.901882320967502, 7.081176110319726 ], [ 93.912310777760879, 7.025411530445396 ], [ 93.944629641909145, 7.001403157242881 ], [ 93.933436617299321, 6.988870060931548 ], [ 93.92342874004386, 7.009508344441894 ], [ 93.910014329958472, 6.999746631232129 ], [ 93.941351091159405, 6.954342592876454 ], [ 93.915377017083117, 6.947282902578358 ], [ 93.909442247751258, 6.910319771273587 ], [ 93.891877469237926, 6.901910616033925 ], [ 93.897723529935476, 6.813464361018023 ], [ 93.875987286059811, 6.793226355059471 ], [ 93.846977195580692, 6.811519762912423 ], [ 93.847144431343864, 6.813739853340439 ], [ 93.850695462678871, 6.815232198934519 ], [ 93.855105816126411, 6.820540728289537 ], [ 93.855101028105949, 6.827838550939087 ], [ 93.850540703616645, 6.833322945014219 ], [ 93.847921492030949, 6.832309993136255 ], [ 93.841628134102294, 6.777607770386476 ], [ 93.822479036448215, 6.752782632099463 ], [ 93.800825548071444, 6.762012857378045 ], [ 93.81003715686245, 6.81152981635905 ], [ 93.779979015416089, 6.827142276407368 ], [ 93.785394985213514, 6.846052414952803 ], [ 93.762345664903862, 6.864029737827602 ], [ 93.776638586014627, 6.879921566741993 ], [ 93.733044405288339, 6.919225310959794 ], [ 93.741010966163557, 6.956258874796909 ], [ 93.726009544686491, 6.959329017651283 ], [ 93.717499546183561, 6.994991979011485 ], [ 93.698463606610886, 6.990308891172969 ], [ 93.67904041320071, 7.017052621274876 ], [ 93.655026835875205, 7.005493186605293 ], [ 93.666907761583502, 7.022931768723853 ], [ 93.644391388375738, 7.100685147810912 ], [ 93.664458043227299, 7.114271059701729 ], [ 93.646990019558274, 7.111545732075451 ], [ 93.64331066927484, 7.129704173161943 ], [ 93.665257185402382, 7.142521249978031 ], [ 93.660837205608217, 7.177418550024623 ], [ 93.676991955213921, 7.193359747247619 ], [ 93.722155596047827, 7.189011774207446 ], [ 93.749787183994215, 7.215958984927056 ], [ 93.79003830774684, 7.209344331336037 ], [ 93.796227424271621, 7.235429850762818 ], [ 93.836804312180575, 7.244120750563897 ], [ 93.835361993330082, 7.220034744180182 ], [ 93.852924609598503, 7.217720961340655 ] ] ], [ [ [ 93.7012066320939, 7.208503294227636 ], [ 93.695613555844957, 7.227196026000362 ], [ 93.698507420142263, 7.231477408754197 ], [ 93.710371124248226, 7.213538632332594 ], [ 93.7012066320939, 7.208503294227636 ] ] ], [ [ [ 93.796655899102603, 7.244698888426002 ], [ 93.791173403668509, 7.24120287360372 ], [ 93.787777303872275, 7.242499853218401 ], [ 93.79684095564437, 7.248311596320399 ], [ 93.796655899102603, 7.244698888426002 ] ] ], [ [ [ 93.833268370745756, 7.289537661920304 ], [ 93.837420587906522, 7.29161339591945 ], [ 93.838145199557431, 7.290939745092861 ], [ 93.834971186655622, 7.287281613389083 ], [ 93.833268370745756, 7.289537661920304 ] ] ], [ [ [ 93.621431556438068, 7.33060659165923 ], [ 93.622282994935716, 7.326754281093445 ], [ 93.617862995378658, 7.326071480305486 ], [ 93.616979819402005, 7.330457321609015 ], [ 93.621431556438068, 7.33060659165923 ] ] ], [ [ [ 93.711334063435586, 7.418445495730189 ], [ 93.743936640703382, 7.36216409605987 ], [ 93.713600314369728, 7.311368145801377 ], [ 93.674874906363613, 7.291859399784669 ], [ 93.635808057701212, 7.242813979228664 ], [ 93.607094502894029, 7.310508334242432 ], [ 93.623116266803365, 7.32235493336836 ], [ 93.619438372689046, 7.374256676111509 ], [ 93.65492490314162, 7.385184044412846 ], [ 93.656535919314265, 7.366121552166307 ], [ 93.669890092868286, 7.390812022908151 ], [ 93.702810005400096, 7.395984500592802 ], [ 93.690228382092087, 7.402348165591618 ], [ 93.694393425398488, 7.447281617331459 ], [ 93.711334063435586, 7.418445495730189 ] ] ], [ [ [ 93.754318073386585, 7.405828624616985 ], [ 93.759736454262224, 7.401353880360441 ], [ 93.756902451000499, 7.396035878980656 ], [ 93.750248162567118, 7.398516335160385 ], [ 93.754318073386585, 7.405828624616985 ] ] ], [ [ [ 93.68080799584591, 7.408684068245986 ], [ 93.683832528186144, 7.400255657650328 ], [ 93.673754376624302, 7.397611811956646 ], [ 93.670861327997301, 7.410059660318101 ], [ 93.68080799584591, 7.408684068245986 ] ] ], [ [ [ 93.637150177566582, 7.47841246656961 ], [ 93.641236256264577, 7.476074686394364 ], [ 93.64119080061289, 7.471254912725548 ], [ 93.633100049446298, 7.472394530617758 ], [ 93.637150177566582, 7.47841246656961 ] ] ], [ [ [ 93.622707875607219, 7.477639462227501 ], [ 93.619622791426977, 7.480004077063831 ], [ 93.618965832798438, 7.483417775625604 ], [ 93.623278613934772, 7.481509753688479 ], [ 93.622707875607219, 7.477639462227501 ] ] ], [ [ [ 93.525866533420185, 7.514627075428105 ], [ 93.519819887902798, 7.526611917830792 ], [ 93.52143215542867, 7.529316112563425 ], [ 93.534780965142119, 7.52315188367289 ], [ 93.525866533420185, 7.514627075428105 ] ] ], [ [ [ 93.389464860255899, 7.900239999717706 ], [ 93.390974822247287, 7.896482762001858 ], [ 93.389065552823894, 7.890785941010846 ], [ 93.387084045376909, 7.895727833200831 ], [ 93.389464860255899, 7.900239999717706 ] ] ], [ [ [ 93.396316766373729, 7.898946672968194 ], [ 93.395001864563099, 7.902098065063149 ], [ 93.399736069653741, 7.901921520950817 ], [ 93.398715525998796, 7.898494385188089 ], [ 93.396316766373729, 7.898946672968194 ] ] ], [ [ [ 93.391083740280521, 7.899530143021583 ], [ 93.391569036248157, 7.902066560434974 ], [ 93.394389605204807, 7.902116190878483 ], [ 93.392317190047692, 7.899254280197179 ], [ 93.391083740280521, 7.899530143021583 ] ] ], [ [ [ 93.326733192600585, 7.930417427114536 ], [ 93.323427155199795, 7.930186454668905 ], [ 93.322538208445778, 7.931126783967394 ], [ 93.323055073009101, 7.931922564421075 ], [ 93.326733192600585, 7.930417427114536 ] ] ], [ [ [ 93.339688724374255, 7.941948124660856 ], [ 93.338283213094172, 7.937282010436016 ], [ 93.334927155701735, 7.938321602363309 ], [ 93.336124206631908, 7.941066196080057 ], [ 93.339688724374255, 7.941948124660856 ] ] ], [ [ [ 93.401365928887813, 8.008781475794581 ], [ 93.395413380099825, 7.971866718406605 ], [ 93.420911410855908, 7.968613868259228 ], [ 93.45712772186549, 7.927423482109399 ], [ 93.466207785857861, 7.891097250582041 ], [ 93.453883761644093, 7.872214106209542 ], [ 93.412315766973776, 7.906907591569405 ], [ 93.388753043309578, 7.901962725142551 ], [ 93.367648889102099, 7.877809831328834 ], [ 93.334994294887764, 7.900143462019279 ], [ 93.326783879142184, 7.923271036881787 ], [ 93.336415868943419, 7.925173679161004 ], [ 93.341267892575146, 7.930405319748555 ], [ 93.340840258567269, 7.946767941015056 ], [ 93.332386332006052, 7.950018025956745 ], [ 93.338554550124059, 7.94610316062287 ], [ 93.332899876396112, 7.939542192266958 ], [ 93.337857107120641, 7.935233837671421 ], [ 93.321954173255378, 7.92293405144111 ], [ 93.307866934903629, 7.933855595000973 ], [ 93.300610482379071, 7.961479659585678 ], [ 93.322844054257288, 8.010644407061331 ], [ 93.36877428501532, 8.023642767563702 ], [ 93.401365928887813, 8.008781475794581 ] ] ], [ [ [ 93.559945729012668, 8.014715739145618 ], [ 93.573311316560705, 7.99422809488517 ], [ 93.568838657761646, 7.930142229125014 ], [ 93.494380279081213, 7.995435454594455 ], [ 93.510142421788629, 7.994152062892293 ], [ 93.522076861036723, 8.026178556205133 ], [ 93.543575645148522, 7.991528586174254 ], [ 93.534786316406297, 8.028953125963353 ], [ 93.559945729012668, 8.014715739145618 ] ] ], [ [ [ 93.478974726219107, 8.009327938983208 ], [ 93.477427602721008, 8.009766979199444 ], [ 93.478149360424268, 8.011150789139791 ], [ 93.47911099256288, 8.010232485742122 ], [ 93.478974726219107, 8.009327938983208 ] ] ], [ [ [ 93.49417045419041, 8.047002154589167 ], [ 93.493204272983192, 8.048173765555845 ], [ 93.495078491042548, 8.048625489384383 ], [ 93.49417045419041, 8.047002154589167 ] ] ], [ [ [ 93.576918553686355, 8.098443319442069 ], [ 93.575626443032832, 8.091141247763519 ], [ 93.582998380275356, 8.094741038041938 ], [ 93.591345150399604, 8.051373458411582 ], [ 93.583453188320561, 8.038726613930598 ], [ 93.563149673779733, 8.064825648749459 ], [ 93.57198003576751, 8.082247367765564 ], [ 93.553386381724977, 8.121064409782766 ], [ 93.572273649219824, 8.126510917147046 ], [ 93.576918553686355, 8.098443319442069 ] ] ], [ [ [ 93.535141625253985, 8.226587645013449 ], [ 93.527074786341927, 8.180156900256033 ], [ 93.493159333862806, 8.149809941394897 ], [ 93.537599160749778, 8.090244506257632 ], [ 93.540795130273779, 8.036138791759043 ], [ 93.521680644707601, 8.050462456837231 ], [ 93.515601759553022, 8.034283605653739 ], [ 93.498451160081217, 8.035920638871843 ], [ 93.488470580830594, 7.999178452650631 ], [ 93.475752182732393, 8.045116129402327 ], [ 93.498569702664426, 8.037996480413382 ], [ 93.493778722251193, 8.057521824239489 ], [ 93.501846764905736, 8.069007579215825 ], [ 93.503689636253242, 8.050339662964626 ], [ 93.516032114557873, 8.053679821104184 ], [ 93.520874777744311, 8.080044786419373 ], [ 93.504581968757549, 8.085655762685869 ], [ 93.475654138805652, 8.053238762157591 ], [ 93.46971713985522, 8.088611361568239 ], [ 93.482210721977211, 8.089757299266124 ], [ 93.454096350651042, 8.110594240397072 ], [ 93.437616983139321, 8.171312889896488 ], [ 93.478438145431909, 8.197251106357374 ], [ 93.484977278829049, 8.223923566901329 ], [ 93.535141625253985, 8.226587645013449 ] ] ], [ [ [ 93.636187686638593, 8.392976328856363 ], [ 93.642589460442281, 8.395354322409863 ], [ 93.645349715612412, 8.39126245633137 ], [ 93.643519909362411, 8.389228007832816 ], [ 93.636187686638593, 8.392976328856363 ] ] ], [ [ [ 93.609603054613146, 8.549487355825022 ], [ 93.63233441982122, 8.467572080417755 ], [ 93.617507724260193, 8.468725036893421 ], [ 93.612591093793228, 8.423214267708085 ], [ 93.619210367693512, 8.486606414289239 ], [ 93.603319826985924, 8.577088955149629 ], [ 93.609603054613146, 8.549487355825022 ] ] ], [ [ [ 93.596623990572283, 8.581573565063819 ], [ 93.596169685583646, 8.582545590014382 ], [ 93.598509096212851, 8.58286676631699 ], [ 93.598245765867091, 8.580036419721138 ], [ 93.596623990572283, 8.581573565063819 ] ] ] ] } },
{ "type": "Feature", "properties": { "stname": "JHARKHAND", "num_caaqms": 4, "num_manual": 10 }, "geometry": { "type": "Polygon", "coordinates": [ [ [ 85.963487795420534, 22.481986305399548 ], [ 85.96563642364633, 22.451152410350485 ], [ 86.015001482369115, 22.428729386586923 ], [ 86.027235572646504, 22.386004298065487 ], [ 85.998784367224786, 22.339887950016767 ], [ 86.026711915023, 22.334863999149743 ], [ 86.014131016655412, 22.312995230393678 ], [ 86.047205886777107, 22.308956291603959 ], [ 86.014932015648185, 22.297760966676655 ], [ 85.973875882823364, 22.24707853623147 ], [ 86.031432029140063, 22.190850991212166 ], [ 85.996761515715178, 22.132448019706317 ], [ 86.007583810997133, 22.117676736611152 ], [ 85.943594212686534, 22.020356166238368 ], [ 85.916153470025662, 22.008776842637467 ], [ 85.907217027782622, 21.970190113957386 ], [ 85.895766306162173, 21.984413328800578 ], [ 85.824370698408643, 21.975448684854371 ], [ 85.762993437775222, 21.996143973304051 ], [ 85.793437359822008, 22.08181011538478 ], [ 85.83586325906343, 22.080157498152289 ], [ 85.807425441234386, 22.116111851744265 ], [ 85.74939229219676, 22.073566312351414 ], [ 85.686288269262946, 22.054129864412989 ], [ 85.651623697295335, 22.095438547948863 ], [ 85.597182495158918, 22.079123698951108 ], [ 85.542979615169045, 22.090473056908596 ], [ 85.420542651050056, 22.158936062708882 ], [ 85.371069013857209, 22.160991709398111 ], [ 85.364406916369006, 22.123714073289587 ], [ 85.32309224121893, 22.12749920484017 ], [ 85.281301684445353, 22.090428147155727 ], [ 85.236292546653814, 22.009803316356571 ], [ 85.179986823771543, 22.073443659400308 ], [ 85.167430914738546, 22.068754109589062 ], [ 85.173865551610248, 22.051378829002271 ], [ 85.153533818291393, 22.079250677309041 ], [ 85.120065426786468, 22.070176815772196 ], [ 85.094244431922803, 22.108394823775136 ], [ 85.039089397918872, 22.115616553620164 ], [ 84.986949546589727, 22.082823007939101 ], [ 84.983393475706009, 22.095524752723591 ], [ 85.032352267748294, 22.134750276361121 ], [ 85.029098345210372, 22.16349424481319 ], [ 85.05265812240043, 22.18245688301532 ], [ 85.078042939379586, 22.25703693864914 ], [ 85.070614537631542, 22.273652222157637 ], [ 85.115997027831611, 22.294093264951492 ], [ 85.118095830101836, 22.317594606634689 ], [ 85.090735872934445, 22.318580377848644 ], [ 85.095748798308279, 22.344740603606862 ], [ 85.076670166301767, 22.356206833104348 ], [ 85.087868161290018, 22.388466625022449 ], [ 85.060288209404476, 22.449559801620108 ], [ 85.078003496152107, 22.477549222073712 ], [ 85.063371762855496, 22.48553870005248 ], [ 84.959351510719216, 22.443053680268704 ], [ 84.956668373221277, 22.458225407038693 ], [ 84.910226259058149, 22.423283169862454 ], [ 84.886038269328651, 22.422087084178049 ], [ 84.882394705231206, 22.448466195293786 ], [ 84.838553173391446, 22.430925671102848 ], [ 84.81252397240111, 22.452931298340051 ], [ 84.759315459158813, 22.447465723626497 ], [ 84.749895325339239, 22.419341854123591 ], [ 84.668057553399393, 22.41806444329708 ], [ 84.628648141186517, 22.434552975654867 ], [ 84.535989086366044, 22.427299303073312 ], [ 84.483003886218526, 22.41351600097703 ], [ 84.484264237833514, 22.388507982387143 ], [ 84.400320163589129, 22.346462300219581 ], [ 84.371299704755018, 22.355674362956556 ], [ 84.294144834221612, 22.341196325407235 ], [ 84.251455949587509, 22.3780779453453 ], [ 84.200114872124161, 22.375624393403147 ], [ 84.163177252568957, 22.402013601393197 ], [ 84.140856354563624, 22.425935454954505 ], [ 84.140684336169869, 22.473915062645375 ], [ 84.009211177285408, 22.525577396999307 ], [ 84.009505409676962, 22.573048561136062 ], [ 84.054818266967743, 22.598876040304194 ], [ 84.084016210444119, 22.638116449291513 ], [ 84.150666829730369, 22.636464941292516 ], [ 84.226123728069922, 22.671773871946932 ], [ 84.238211714552875, 22.691734028372977 ], [ 84.230265467281214, 22.738204810700559 ], [ 84.259645410332453, 22.766987235925406 ], [ 84.28935948265196, 22.766117145678471 ], [ 84.334777221845428, 22.861547489085879 ], [ 84.372600751848978, 22.86532229976844 ], [ 84.393682737431888, 22.942450900289046 ], [ 84.372895525924633, 22.978375871310444 ], [ 84.328106881416176, 22.98190075528019 ], [ 84.284158245241727, 22.963390550248484 ], [ 84.277021798655966, 22.993391898902402 ], [ 84.252292965633274, 22.972803893387542 ], [ 84.21870981704572, 22.979289191361516 ], [ 84.185801801801531, 23.02709172088402 ], [ 84.174319009427151, 22.974005392619226 ], [ 84.14924842223607, 22.965673887245128 ], [ 84.125549542720904, 23.036478171834844 ], [ 84.133460488896873, 23.083089703633288 ], [ 84.093170955877625, 23.112781396179056 ], [ 84.066403300197877, 23.110667936590712 ], [ 84.037469006867482, 23.139878619328396 ], [ 84.032394260334144, 23.160484848951878 ], [ 84.063252718053619, 23.20623091215564 ], [ 84.053734192659306, 23.247298898986333 ], [ 84.074820534173014, 23.333121687801412 ], [ 84.050122314836869, 23.374889517861604 ], [ 84.023861538047754, 23.376503266373614 ], [ 84.005711113664745, 23.353870718020087 ], [ 83.967002408933027, 23.387584528882297 ], [ 83.986098690139954, 23.430087217960033 ], [ 83.97379103502729, 23.459341786226801 ], [ 84.014736795446424, 23.503733190191141 ], [ 84.028056037112307, 23.545601910847488 ], [ 84.016383188173293, 23.633818800338357 ], [ 83.931906129996079, 23.620413473196244 ], [ 83.937693776843972, 23.568992070331294 ], [ 83.806976832342116, 23.587547228313245 ], [ 83.772481743722551, 23.610898298830307 ], [ 83.751919287106119, 23.638665550972352 ], [ 83.761582148410412, 23.650750862383898 ], [ 83.723604883424088, 23.683877508706175 ], [ 83.746067965874232, 23.719494894752177 ], [ 83.705347033109462, 23.82075731383954 ], [ 83.664779622426792, 23.82748128562752 ], [ 83.659494132026083, 23.849263455292476 ], [ 83.571190053109149, 23.862135442338133 ], [ 83.585376820302798, 23.887088898122883 ], [ 83.553444140098577, 23.898068175925317 ], [ 83.547390205650984, 23.937544848287249 ], [ 83.515666347817699, 23.979597068022223 ], [ 83.516165146362354, 24.026726028347252 ], [ 83.452889408665342, 24.041990407272635 ], [ 83.432247361314737, 24.085980822323847 ], [ 83.329353944192761, 24.101328955230898 ], [ 83.354062105184141, 24.124906739992035 ], [ 83.382047510774854, 24.195144504024224 ], [ 83.378731932367415, 24.230360726690481 ], [ 83.409031524792482, 24.266230891171659 ], [ 83.407166739043632, 24.28878214986749 ], [ 83.380032782730368, 24.313131716620827 ], [ 83.457266153443172, 24.364549511166022 ], [ 83.433999121034532, 24.400607404157846 ], [ 83.40507018974813, 24.40478448429112 ], [ 83.404894107375981, 24.43599857380174 ], [ 83.385512148433989, 24.451266836067802 ], [ 83.396942709164492, 24.496901075754973 ], [ 83.504632996054696, 24.525580467973423 ], [ 83.720566320297451, 24.503452628826931 ], [ 83.799373973274314, 24.529314650704961 ], [ 83.872860090949715, 24.531700819313322 ], [ 83.93613238630256, 24.549115872147532 ], [ 84.007791512149765, 24.642891602749692 ], [ 84.052022814906465, 24.609922410399534 ], [ 84.05128633381571, 24.586020310848582 ], [ 84.093216070169518, 24.533645211813273 ], [ 84.085556442067357, 24.506103150636399 ], [ 84.108263942631581, 24.477475271753391 ], [ 84.140533940225012, 24.500533329921748 ], [ 84.144279052577104, 24.53825171735858 ], [ 84.163488366101291, 24.533404493255659 ], [ 84.152317761644369, 24.515869793274984 ], [ 84.169749446663502, 24.503330160363799 ], [ 84.184367347701368, 24.514741189396418 ], [ 84.173183991658945, 24.544700398890011 ], [ 84.187232888117748, 24.552928884268411 ], [ 84.213045233103514, 24.53290529906052 ], [ 84.236399752437691, 24.549320996627351 ], [ 84.256792685281908, 24.526884557396031 ], [ 84.27945530691288, 24.546915903350126 ], [ 84.270531741121118, 24.560014217238006 ], [ 84.297450111647663, 24.56009823521822 ], [ 84.327528313372625, 24.492355406406229 ], [ 84.296097766259393, 24.473477910805684 ], [ 84.297375234373803, 24.449391371950387 ], [ 84.335760666875771, 24.431056388323395 ], [ 84.320534610882149, 24.421071020664971 ], [ 84.334526458032173, 24.42064203666223 ], [ 84.341623105657604, 24.393545497183396 ], [ 84.387276348084271, 24.388763873796755 ], [ 84.406553786246334, 24.374378939340737 ], [ 84.400356970261228, 24.364625019108573 ], [ 84.431034749827646, 24.356545526644961 ], [ 84.424672628558923, 24.329841931606968 ], [ 84.459922272372751, 24.336985795918363 ], [ 84.485491426343174, 24.312755413007103 ], [ 84.505285532337524, 24.331331435263724 ], [ 84.484339328906444, 24.301707117913452 ], [ 84.495904256942168, 24.286068673013297 ], [ 84.531440857692061, 24.338207696242549 ], [ 84.528854302561882, 24.377058658135862 ], [ 84.572359034442044, 24.38262000868939 ], [ 84.568191534243354, 24.409439897639604 ], [ 84.665236671829049, 24.391095731365343 ], [ 84.684743016895183, 24.454385497929593 ], [ 84.786090345378298, 24.5038275879783 ], [ 84.801891105761442, 24.530744416222539 ], [ 84.839274534039319, 24.511875619158108 ], [ 84.840095274408768, 24.452191300006639 ], [ 84.853713139431306, 24.466566677299081 ], [ 84.887277259904522, 24.463283283379187 ], [ 84.88228130729965, 24.424767441033246 ], [ 84.90382953378635, 24.372247501085198 ], [ 84.974694502209999, 24.37465069930515 ], [ 85.031665213761087, 24.41466792634542 ], [ 85.062973783133486, 24.406924229887586 ], [ 85.081021736692065, 24.43303571792887 ], [ 85.073239039395943, 24.378227231849216 ], [ 85.089046250581191, 24.372498862341441 ], [ 85.17390450795088, 24.420620270264685 ], [ 85.154431870369166, 24.448166111648213 ], [ 85.161141807637776, 24.460519749404988 ], [ 85.225842361410301, 24.463131282397462 ], [ 85.249109213257569, 24.490728005401351 ], [ 85.282333674433616, 24.491666900900995 ], [ 85.287992863992557, 24.523220000964965 ], [ 85.391933661938594, 24.530345209145278 ], [ 85.397512305854164, 24.54473803967824 ], [ 85.370776201702142, 24.555349779627491 ], [ 85.384452055671204, 24.5554436113081 ], [ 85.434666620615474, 24.528564572037133 ], [ 85.491661232743027, 24.548099684077137 ], [ 85.523962810610257, 24.521270690371018 ], [ 85.540776480765089, 24.530510283909219 ], [ 85.540783366351747, 24.561806287664901 ], [ 85.571771056606323, 24.561819945134129 ], [ 85.5659984322849, 24.587254183255233 ], [ 85.580767452411436, 24.60068098560442 ], [ 85.614726769625889, 24.580744108175537 ], [ 85.667382856697671, 24.578892353287916 ], [ 85.6758769190875, 24.617525992340685 ], [ 85.64939247975893, 24.684887576706078 ], [ 85.683034707847767, 24.692683746697604 ], [ 85.708258131706344, 24.725909212406826 ], [ 85.707359534351241, 24.779759381146832 ], [ 85.736166574135098, 24.82102471332292 ], [ 85.778532806377001, 24.796889652883486 ], [ 85.867233572340211, 24.804246739958494 ], [ 85.943224502946535, 24.733737083335019 ], [ 85.969045104348112, 24.733125257058717 ], [ 86.055104844935585, 24.779692606859363 ], [ 86.037463822810835, 24.740849110406938 ], [ 86.090730872971989, 24.745997933673607 ], [ 86.128355196171427, 24.698647400730103 ], [ 86.115221850073794, 24.643945361634241 ], [ 86.125070406622044, 24.611921906104225 ], [ 86.180578166817185, 24.583700279192495 ], [ 86.214757504800929, 24.595238009174153 ], [ 86.214298984916994, 24.613790843144876 ], [ 86.259214537120542, 24.578671769603929 ], [ 86.322509043318789, 24.586782810259976 ], [ 86.300840375210342, 24.560116590858208 ], [ 86.30897872181562, 24.509763371654689 ], [ 86.276010885061723, 24.465798962720548 ], [ 86.317377207052473, 24.44151899874403 ], [ 86.349900462182362, 24.447387182009358 ], [ 86.412134357169066, 24.380966647923849 ], [ 86.444535014720557, 24.36781635027268 ], [ 86.467126551764792, 24.381073597815064 ], [ 86.466419797723418, 24.423651551986922 ], [ 86.491279299687363, 24.42808116176235 ], [ 86.486731373745613, 24.464139779050495 ], [ 86.509344250269422, 24.521853345099291 ], [ 86.529826350787062, 24.540334601249597 ], [ 86.552000899757857, 24.535918706194579 ], [ 86.603293424178418, 24.608380535160514 ], [ 86.670239502954857, 24.564878278768109 ], [ 86.734688007424978, 24.5794904088356 ], [ 86.753992548657465, 24.62129729376198 ], [ 86.789009395862067, 24.618694222264331 ], [ 86.810559291418599, 24.597272557223064 ], [ 86.803149462339036, 24.570324980718929 ], [ 86.842645914116417, 24.574225272797459 ], [ 86.856840034918974, 24.554884984168332 ], [ 86.880505773786695, 24.572192818324979 ], [ 86.914332896720552, 24.542205493171533 ], [ 86.907322349021882, 24.588160045241874 ], [ 86.944659631741914, 24.635345887734246 ], [ 86.937590598328342, 24.650167547036542 ], [ 86.958199283147607, 24.647594477207939 ], [ 86.952786038838781, 24.631473407850876 ], [ 86.977583171670858, 24.639565710964327 ], [ 86.996099301104366, 24.620105718922076 ], [ 87.021914445240569, 24.62924608536483 ], [ 87.023046430296418, 24.615704916200983 ], [ 87.050805354434303, 24.608981696313492 ], [ 87.054281661209004, 24.669696624606921 ], [ 87.080334066581457, 24.726221388169733 ], [ 87.070208271970216, 24.747636591737901 ], [ 87.095740415350903, 24.802716439404453 ], [ 87.074335942665826, 24.819854416028477 ], [ 87.105780814314585, 24.854749503151378 ], [ 87.142588641684284, 24.860599694232516 ], [ 87.154893353017755, 24.883275327089976 ], [ 87.142358601106352, 24.913723212792917 ], [ 87.145850753264313, 25.018860431864802 ], [ 87.177523752079509, 25.062681138015485 ], [ 87.214412191567803, 25.091236480360234 ], [ 87.237400610592772, 25.085841347136267 ], [ 87.250339634924771, 25.105734797989051 ], [ 87.295402111982938, 25.088536982793919 ], [ 87.32728952967328, 25.223618008337038 ], [ 87.371516344446832, 25.2062481862182 ], [ 87.400980896221427, 25.226904868984793 ], [ 87.477798118785614, 25.194307502037812 ], [ 87.476091106845075, 25.236906450391032 ], [ 87.500360527956758, 25.260133383195669 ], [ 87.494049520827687, 25.307112902751321 ], [ 87.542957294850027, 25.28108540478873 ], [ 87.551693375953803, 25.332499748719922 ], [ 87.584143402218359, 25.349153923946769 ], [ 87.584099774638304, 25.331438121811466 ], [ 87.611968177358179, 25.312657699241981 ], [ 87.692082872785221, 25.311532719025941 ], [ 87.711340978304079, 25.257643854342557 ], [ 87.765591421393268, 25.261264298040928 ], [ 87.788663839185503, 25.243725856342138 ], [ 87.773508229974809, 25.125475341647064 ], [ 87.805790447351015, 25.072652256184377 ], [ 87.857275146563694, 25.05463092787241 ], [ 87.899360353445388, 25.006784673251076 ], [ 87.940538281653048, 24.990854795223274 ], [ 87.962825303290714, 24.934534047628084 ], [ 87.95292795834105, 24.907763533827911 ], [ 87.891327841855301, 24.856035716336752 ], [ 87.900271223583943, 24.824098974399607 ], [ 87.869121546422349, 24.824637820966949 ], [ 87.881604400863196, 24.805368173750789 ], [ 87.869233242046477, 24.775025636157267 ], [ 87.836551144113102, 24.76633122617514 ], [ 87.835727766289978, 24.789952273222877 ], [ 87.816394099879332, 24.75968905163538 ], [ 87.908351945060389, 24.721617520600386 ], [ 87.887749148697779, 24.679987246173983 ], [ 87.916608986962444, 24.665753013593225 ], [ 87.914141665219944, 24.637709481591937 ], [ 87.88791677432981, 24.630343964989184 ], [ 87.905771566746083, 24.62927570796953 ], [ 87.906034250304856, 24.615005452266139 ], [ 87.875975870804936, 24.614569357628369 ], [ 87.910767506774519, 24.610434376710732 ], [ 87.913276831044769, 24.593463808738303 ], [ 87.892288968242411, 24.584450421867473 ], [ 87.88872407410598, 24.564906079156419 ], [ 87.849407785747033, 24.553835090830393 ], [ 87.812179937591509, 24.578559487189338 ], [ 87.771426325015042, 24.583217001349926 ], [ 87.80858811555612, 24.546694770664729 ], [ 87.79898910560388, 24.493985318879279 ], [ 87.809339503290687, 24.514517574991121 ], [ 87.812388272177273, 24.491603674043063 ], [ 87.828151000586232, 24.498615402069742 ], [ 87.810798252327743, 24.475677356358464 ], [ 87.823570312187769, 24.458077344614853 ], [ 87.803136214045665, 24.454001613913448 ], [ 87.789794899874892, 24.420662409274033 ], [ 87.812585288888727, 24.413911604387476 ], [ 87.794205901007771, 24.400130133793546 ], [ 87.801102767805574, 24.382217193346907 ], [ 87.764402614302497, 24.339328163669844 ], [ 87.761602378712311, 24.308467138729799 ], [ 87.713501189407154, 24.294015673104681 ], [ 87.687537374989716, 24.246439485280263 ], [ 87.659166259765485, 24.236119626270824 ], [ 87.638777088167359, 24.254382791916214 ], [ 87.63860585939274, 24.213989425158896 ], [ 87.675268683404198, 24.2084521522712 ], [ 87.702558855847073, 24.180610563855009 ], [ 87.694423443139485, 24.150242426352605 ], [ 87.574320236551628, 24.160184596977647 ], [ 87.607844781744973, 24.13091278569949 ], [ 87.574577057704815, 24.108929468407808 ], [ 87.58025552421141, 24.086946587112493 ], [ 87.560190719889349, 24.082086380395364 ], [ 87.497616737109141, 24.118973271983922 ], [ 87.489914036585731, 24.090633894327105 ], [ 87.510715072266891, 24.082056923051105 ], [ 87.490614217654141, 24.070594312160079 ], [ 87.511980473312093, 24.035835708165614 ], [ 87.476129052581001, 24.01227022506151 ], [ 87.438337891572047, 24.013554152081952 ], [ 87.460649975307788, 23.984014016160021 ], [ 87.360423946420212, 24.013091779885993 ], [ 87.328166062608389, 23.998665061161148 ], [ 87.319130236152191, 24.007781985911699 ], [ 87.337123011592752, 24.034309488865894 ], [ 87.287458196737745, 24.028862465194198 ], [ 87.245396071168955, 24.045064757320837 ], [ 87.233269681707611, 24.024080941639937 ], [ 87.250503419360641, 23.997036406055887 ], [ 87.264155818317633, 24.000607960718057 ], [ 87.261531669591122, 23.967575222094609 ], [ 87.293249050571234, 23.95863468119968 ], [ 87.283544658354714, 23.920906813709109 ], [ 87.294881169068233, 23.902038483151948 ], [ 87.26914962125403, 23.874583957102409 ], [ 87.245123212392997, 23.908201707161385 ], [ 87.254938658836508, 23.847035327709047 ], [ 87.238448303132245, 23.826418662133459 ], [ 87.216535781051704, 23.831994837062187 ], [ 87.233683893088497, 23.857133847384578 ], [ 87.188582428248665, 23.843154846115031 ], [ 87.19587864020771, 23.857823710602883 ], [ 87.133918469074601, 23.870168100260759 ], [ 87.130020322425622, 23.85391170509989 ], [ 87.167109215579742, 23.82514930985219 ], [ 87.150487845082836, 23.797564769211188 ], [ 87.121776212670383, 23.796654690343562 ], [ 86.973239226180667, 23.868772683924057 ], [ 86.944402458449147, 23.847272251921552 ], [ 86.91555783495042, 23.882431647209021 ], [ 86.880243219585338, 23.862324713361517 ], [ 86.890296768088177, 23.820502232990496 ], [ 86.874215531215427, 23.847309702308738 ], [ 86.826535621235834, 23.813939767306028 ], [ 86.804760800108568, 23.836846609149031 ], [ 86.803357460056574, 23.80129900519109 ], [ 86.828331905054341, 23.759644554363724 ], [ 86.798660254775839, 23.688761474037467 ], [ 86.746948304254161, 23.678877195793536 ], [ 86.714947702431289, 23.698875559987432 ], [ 86.59757012006105, 23.673756568826896 ], [ 86.535397419209843, 23.631236918128081 ], [ 86.461238067229615, 23.629974721589555 ], [ 86.447084420022165, 23.598135931195191 ], [ 86.388158870208215, 23.573948699878127 ], [ 86.365107758657928, 23.532689588596551 ], [ 86.37486659956042, 23.509177718184517 ], [ 86.362654949198827, 23.483286985301024 ], [ 86.379462767727873, 23.473639770044617 ], [ 86.363620389295917, 23.471043290189922 ], [ 86.351737786432977, 23.442391680963354 ], [ 86.305766346359633, 23.434824556908698 ], [ 86.310553337354676, 23.411359253194849 ], [ 86.264092786168661, 23.430768435369732 ], [ 86.247393482329301, 23.411135168260632 ], [ 86.22987118694239, 23.430822794896692 ], [ 86.245567915229117, 23.459317243154359 ], [ 86.23261660104572, 23.462243060361665 ], [ 86.228637781192703, 23.442940963615886 ], [ 86.178288308157377, 23.469841651026222 ], [ 86.148824967311768, 23.46525728431892 ], [ 86.158346800302994, 23.559714119881782 ], [ 86.080867363965851, 23.565678932591055 ], [ 86.052160494421017, 23.586150675029643 ], [ 86.01627777369049, 23.547317205697883 ], [ 86.053836427347662, 23.487056709063538 ], [ 85.954993212007849, 23.471016214699503 ], [ 85.887412737587866, 23.484110344241479 ], [ 85.862489927752605, 23.461518330614425 ], [ 85.863892385659, 23.431355859301547 ], [ 85.882582473847279, 23.430584223904205 ], [ 85.902542875967029, 23.397114748364743 ], [ 85.870812513432767, 23.38881423081013 ], [ 85.882549424827985, 23.349797926031659 ], [ 85.819717097351841, 23.268883090965442 ], [ 85.838605654827404, 23.246834409296593 ], [ 85.836580954584946, 23.220526154066778 ], [ 85.863814532266588, 23.22238179219562 ], [ 85.882523176055372, 23.198729003342237 ], [ 85.894542227620065, 23.155128288123557 ], [ 85.957004041364016, 23.16105035408399 ], [ 86.044521898574587, 23.144237815016343 ], [ 86.05187650192542, 23.105409127239568 ], [ 86.145525094150443, 23.075234573199232 ], [ 86.142609416063138, 23.053635579383059 ], [ 86.186542134989054, 23.004954152312134 ], [ 86.247348118305766, 22.995064717804048 ], [ 86.303611588928632, 23.015908102648581 ], [ 86.325929423678829, 22.994903430056631 ], [ 86.372751759667409, 22.99815325627447 ], [ 86.394797965435274, 22.980218878675245 ], [ 86.419824527990883, 23.000088794643151 ], [ 86.501235350439117, 22.993504630349815 ], [ 86.521194203863331, 22.970709654637819 ], [ 86.545606163356098, 22.990278276401881 ], [ 86.525980009082204, 22.947605258768675 ], [ 86.488061766104963, 22.93829096033447 ], [ 86.471309749124757, 22.949092646046029 ], [ 86.435340084949431, 22.925185171274759 ], [ 86.466996402049787, 22.899502604758915 ], [ 86.450771682666584, 22.861535270677368 ], [ 86.43497122142243, 22.860512397012922 ], [ 86.438840836679645, 22.831118122590357 ], [ 86.417608696798709, 22.783676331814256 ], [ 86.459403578062023, 22.76252052734235 ], [ 86.511325078590033, 22.704995767973049 ], [ 86.545033985029136, 22.721297934306577 ], [ 86.636036491668463, 22.664969871197648 ], [ 86.634109714080182, 22.610388083810541 ], [ 86.659517825272957, 22.575035821321435 ], [ 86.766855245834734, 22.575022743673152 ], [ 86.769095221945136, 22.554576245385849 ], [ 86.789287366051994, 22.549003213603559 ], [ 86.80160356683794, 22.488831793299262 ], [ 86.791173656570422, 22.477425673607865 ], [ 86.749871307204359, 22.48294763562075 ], [ 86.75100765897075, 22.456706028855244 ], [ 86.764531072429378, 22.427262946120635 ], [ 86.846354156016019, 22.399083087612901 ], [ 86.832110739263925, 22.327227837062438 ], [ 86.88779015403513, 22.297459435023754 ], [ 86.886981572363069, 22.258218280770404 ], [ 86.823345171859259, 22.266704744011442 ], [ 86.818671047891456, 22.25372567768062 ], [ 86.813592056818351, 22.267390985282901 ], [ 86.803992463859544, 22.243584584008847 ], [ 86.792261748144838, 22.266301960039904 ], [ 86.794861769021125, 22.24316935712497 ], [ 86.811503693870037, 22.240811282337244 ], [ 86.80241458204614, 22.217549780288248 ], [ 86.779073329032101, 22.216915513325119 ], [ 86.794905144174621, 22.227787730302435 ], [ 86.777675285447003, 22.236594183891793 ], [ 86.776413574680973, 22.217864633645746 ], [ 86.749779125683133, 22.21169001315883 ], [ 86.654253523434861, 22.236267985079564 ], [ 86.648729642615621, 22.26435629759581 ], [ 86.592596545388233, 22.279095369053191 ], [ 86.582254790392824, 22.301645243676813 ], [ 86.532447000575502, 22.301260924836761 ], [ 86.496395675947639, 22.347077164398751 ], [ 86.445268575388312, 22.328923673626189 ], [ 86.437201605322244, 22.304156517405239 ], [ 86.35814374279262, 22.349212676798484 ], [ 86.281300840089415, 22.448661738366468 ], [ 86.115197301812003, 22.487827009032937 ], [ 86.045443605090384, 22.567507354130424 ], [ 86.024027119235043, 22.544624571364764 ], [ 86.026529752853051, 22.524021805049504 ], [ 85.985137141665504, 22.515478347381066 ], [ 85.963487795420534, 22.481986305399548 ] ] ] } },
{ "type": "Feature", "properties": { "stname": "ANDHRA PRADESH", "num_caaqms": 12, "num_manual": 72 }, "geometry": { "type": "Polygon", "coordinates": [ [ [ 79.499693139404386, 13.333008257941836 ], [ 79.499708383814749, 13.347787401408047 ], [ 79.456255117315507, 13.338570740310582 ], [ 79.435428990790157, 13.351709701951572 ], [ 79.431668846030092, 13.336714819053229 ], [ 79.39835967911263, 13.330202180243619 ], [ 79.402023072621631, 13.317352930397176 ], [ 79.38255257842016, 13.310868377087615 ], [ 79.389838937657174, 13.297427159433843 ], [ 79.445625107318435, 13.300673180896174 ], [ 79.433732328339971, 13.274987036657954 ], [ 79.408418123433748, 13.265269615630617 ], [ 79.418496216605092, 13.242960108420876 ], [ 79.437679251712225, 13.242888783168764 ], [ 79.431143634321103, 13.229741326349869 ], [ 79.453151673367486, 13.238351765850529 ], [ 79.438427681294584, 13.188175123113041 ], [ 79.37454914260087, 13.189424384364607 ], [ 79.387726720844796, 13.177528976974102 ], [ 79.369522204406948, 13.172914319854392 ], [ 79.38003813285448, 13.162926322130586 ], [ 79.356115370712644, 13.164579287752082 ], [ 79.360504823956774, 13.123537545853424 ], [ 79.34538466136884, 13.121425533017463 ], [ 79.34111850099913, 13.136700594900834 ], [ 79.307189861251615, 13.105521888899435 ], [ 79.294305422149549, 13.109598981153779 ], [ 79.311071094420441, 13.126073403187764 ], [ 79.284017605597043, 13.12276988758151 ], [ 79.280547004921047, 13.152561478295892 ], [ 79.257165542416573, 13.160758767594929 ], [ 79.245273057187191, 13.138275816140911 ], [ 79.235644203404618, 13.171227398416532 ], [ 79.210030042940147, 13.148458090673573 ], [ 79.232872969923378, 13.139370221603963 ], [ 79.234426666394398, 13.105228876980052 ], [ 79.180658779411189, 13.084242356154054 ], [ 79.192121090197077, 13.067431587376488 ], [ 79.180679270881143, 13.04832971467996 ], [ 79.192996459813912, 13.046695497403078 ], [ 79.163121141697545, 13.020270372966094 ], [ 79.114781377819241, 13.039240575852237 ], [ 79.080907294555587, 13.025727123867888 ], [ 79.063397633973139, 13.053107343894203 ], [ 78.995001182051354, 13.086608659611224 ], [ 78.923941547807331, 13.080809067033083 ], [ 78.90367541306378, 13.047705616274541 ], [ 78.929163117685704, 13.045758779432923 ], [ 78.940773041435691, 13.036351052586452 ], [ 78.936185205142536, 13.030756848563124 ], [ 78.891546273859348, 13.033465143302438 ], [ 78.891212291914812, 13.09715069160359 ], [ 78.842036425577376, 13.078613089713715 ], [ 78.813056804156091, 13.089097044188328 ], [ 78.792847404310933, 13.065778986330105 ], [ 78.751342661816366, 13.054973177253187 ], [ 78.714516342626581, 13.068678314368533 ], [ 78.705271432389679, 13.015238620979554 ], [ 78.656214697031956, 13.031169391068543 ], [ 78.655520376572454, 13.015248063919396 ], [ 78.620896813595905, 12.991240366590807 ], [ 78.657013862563247, 12.932106394932189 ], [ 78.633532430144058, 12.931321090240788 ], [ 78.592521024437232, 12.782675628135172 ], [ 78.555628115830345, 12.755785068603592 ], [ 78.556510589324446, 12.701007193802722 ], [ 78.534905306342452, 12.691124640621908 ], [ 78.529787905104442, 12.710417395947271 ], [ 78.544280197411041, 12.710937799428629 ], [ 78.493165069597836, 12.747149268398301 ], [ 78.51994902880169, 12.711959199363498 ], [ 78.503055589147962, 12.716602270966257 ], [ 78.499784628264081, 12.676140345746527 ], [ 78.46789965399131, 12.675892085706893 ], [ 78.465028924007513, 12.624128619703869 ], [ 78.426621091115635, 12.635053068593175 ], [ 78.379419241174034, 12.625014007917986 ], [ 78.300994371119486, 12.665869266940764 ], [ 78.272154285011268, 12.704674256704001 ], [ 78.2445609877539, 12.706326289076607 ], [ 78.237706751406193, 12.685759954142931 ], [ 78.199414513725074, 12.694947499883497 ], [ 78.241007859751051, 12.729943121847661 ], [ 78.230951228230168, 12.760659714849554 ], [ 78.252197978310903, 12.860551001385124 ], [ 78.312446419551563, 12.858518184292388 ], [ 78.313626853445584, 12.87645324827534 ], [ 78.337079903593391, 12.882364584785508 ], [ 78.320330015620357, 12.887259404099408 ], [ 78.3235328527647, 12.901783356386598 ], [ 78.344069784650642, 12.90849883268662 ], [ 78.352648425221105, 12.938715110874904 ], [ 78.388695732583017, 12.906858139336071 ], [ 78.44557971089516, 12.9117960372238 ], [ 78.464771117402449, 12.866763658832806 ], [ 78.466696691248259, 12.905409653136038 ], [ 78.438016084849053, 12.929013924611443 ], [ 78.418817515175675, 12.921724779137804 ], [ 78.411163058674589, 12.94526801030646 ], [ 78.437972689034311, 12.963985423725505 ], [ 78.435330141014177, 12.981039788831369 ], [ 78.467461254573081, 12.975022485237551 ], [ 78.462195865773481, 13.043214097001576 ], [ 78.514251568316723, 13.06185540872103 ], [ 78.510273688101464, 13.092636601217672 ], [ 78.538505956122137, 13.105730185758411 ], [ 78.517627097591287, 13.131753628393964 ], [ 78.544645359879098, 13.142003409722619 ], [ 78.550113494845078, 13.164188910751976 ], [ 78.579765166591656, 13.16736159215691 ], [ 78.576059586400262, 13.186691795401474 ], [ 78.550060295715625, 13.200181376379968 ], [ 78.57915952332543, 13.213997505797767 ], [ 78.566401496946767, 13.220854901737489 ], [ 78.587364196141408, 13.280642532256547 ], [ 78.565549080183771, 13.312003334845278 ], [ 78.561637615112417, 13.28851447731779 ], [ 78.53932266305597, 13.287870303847232 ], [ 78.532178711046001, 13.266937843909984 ], [ 78.479309943339118, 13.301290302686835 ], [ 78.483347057565879, 13.321179223582897 ], [ 78.444205658616312, 13.308111015772127 ], [ 78.440384732945816, 13.328429447576363 ], [ 78.401104198433515, 13.315469505045325 ], [ 78.377147946199543, 13.331970970808314 ], [ 78.408683406656507, 13.342883023646417 ], [ 78.365077128318262, 13.361798964418446 ], [ 78.381675471401181, 13.396983211226702 ], [ 78.375316320861074, 13.508954048296454 ], [ 78.402001414179722, 13.587970970011758 ], [ 78.258604898562837, 13.583005823324536 ], [ 78.236340103041968, 13.598581764430142 ], [ 78.192972014797959, 13.564846535582022 ], [ 78.204196657410833, 13.628421535117111 ], [ 78.168223814996054, 13.632851692704142 ], [ 78.16757823083563, 13.655825034738038 ], [ 78.087108711651126, 13.643066246318048 ], [ 78.089742985289192, 13.659099093260112 ], [ 78.066483492440739, 13.67818046842855 ], [ 78.069076123775503, 13.697808478368016 ], [ 78.113220101303426, 13.692735261727858 ], [ 78.120799844024035, 13.715617975875251 ], [ 78.091523369825509, 13.742276859588072 ], [ 78.126401030263352, 13.786376754290936 ], [ 78.114776209750985, 13.862888292978496 ], [ 78.08233330533001, 13.861071985769859 ], [ 78.078998649400887, 13.881155063750416 ], [ 78.048865250693282, 13.896092289414961 ], [ 78.046180287818672, 13.862133458960798 ], [ 78.000483776239705, 13.872928339392463 ], [ 77.976352702868297, 13.829790515098656 ], [ 77.952815980041692, 13.827493864162371 ], [ 77.949078772864084, 13.886448963779099 ], [ 77.984587806114533, 13.897401322179023 ], [ 77.98752580464172, 13.955498159676866 ], [ 77.967430961554882, 13.960156575108307 ], [ 77.926766999945428, 13.905326781901817 ], [ 77.895817804297408, 13.920361912113442 ], [ 77.89569453927075, 13.941042035818295 ], [ 77.826588313171627, 13.944724612353987 ], [ 77.813492449279209, 13.914623194867595 ], [ 77.837072444851373, 13.869740977379726 ], [ 77.782518417010195, 13.844297556883165 ], [ 77.781534618043651, 13.818293185841119 ], [ 77.719308669553953, 13.800274866629202 ], [ 77.717362738985514, 13.741074236287625 ], [ 77.703294545816107, 13.769788583937839 ], [ 77.671718199437294, 13.760480765851906 ], [ 77.680078253847981, 13.786777671299307 ], [ 77.651293712370403, 13.78407462769203 ], [ 77.617692675630607, 13.762676276432394 ], [ 77.642233982642836, 13.746801929422904 ], [ 77.630832639616955, 13.736087059866673 ], [ 77.599681056230352, 13.750601333283399 ], [ 77.560567482596724, 13.722406553081726 ], [ 77.547959888993859, 13.752281720119852 ], [ 77.525360753100642, 13.753240149998962 ], [ 77.536637041655823, 13.730601300237526 ], [ 77.528336904874593, 13.693010836256137 ], [ 77.512369915739683, 13.697247456141175 ], [ 77.514168557635855, 13.713210850894654 ], [ 77.485039871572937, 13.714782506965623 ], [ 77.492114874291602, 13.68980929058084 ], [ 77.455334070940609, 13.682261569586936 ], [ 77.464590845227434, 13.806076807590591 ], [ 77.422567746966152, 13.799091894704777 ], [ 77.432519959216734, 13.843216487090675 ], [ 77.381898027155756, 13.839362786008316 ], [ 77.362430404868277, 13.854246004632948 ], [ 77.325381457099922, 13.833237755266149 ], [ 77.311495029943387, 13.866582830849874 ], [ 77.256694559185505, 13.846522347102766 ], [ 77.248268755282552, 13.901211006857064 ], [ 77.235621870267479, 13.904136340675439 ], [ 77.219850484794122, 13.867717254407475 ], [ 77.213126894929786, 13.886189960803733 ], [ 77.200430770559038, 13.863037152202391 ], [ 77.181389138362434, 13.869843484113275 ], [ 77.184709638639305, 13.925185884397534 ], [ 77.161934183218747, 13.906624852179766 ], [ 77.168579873876595, 13.864490562177259 ], [ 77.128199001057567, 13.85645838801447 ], [ 77.168684986646298, 13.829619536397429 ], [ 77.157517765244719, 13.806030289752764 ], [ 77.178858745005485, 13.781590933097529 ], [ 77.173052152688243, 13.762009767359555 ], [ 77.090442994718984, 13.767140056133632 ], [ 77.085634363308756, 13.742435861252233 ], [ 77.064700433559381, 13.74383225991887 ], [ 77.043370696214382, 13.777793741763602 ], [ 77.024472495324247, 13.779223564582832 ], [ 77.016317097796559, 13.73843233132069 ], [ 76.998503301794884, 13.745573542636315 ], [ 76.978021246193009, 13.826866589742931 ], [ 77.014223243446878, 13.860308891737242 ], [ 77.023029366193342, 13.902595297401856 ], [ 77.047292830576382, 13.906599690193838 ], [ 77.041657064588506, 13.933433166053131 ], [ 76.993765868159116, 13.96256409336187 ], [ 77.000330069044281, 13.989417515139142 ], [ 76.931134634847538, 14.030200854800094 ], [ 76.932384717820483, 14.053924810243416 ], [ 76.971739516955665, 14.058016026383498 ], [ 76.977570137410154, 14.071288751136885 ], [ 76.924981107777668, 14.137108575366044 ], [ 76.88591403812967, 14.138238190041415 ], [ 76.894534366817524, 14.167811338162839 ], [ 76.94237118732444, 14.173330466415235 ], [ 76.947566194918153, 14.198175404613911 ], [ 76.960604659158861, 14.181771253796153 ], [ 77.022055092063752, 14.177437282978888 ], [ 77.01467369466296, 14.100002111986944 ], [ 77.029801138096261, 14.088173015577176 ], [ 77.027683616732119, 14.06174644799311 ], [ 77.07892157838063, 14.042639036163129 ], [ 77.127401935787461, 14.047014347357655 ], [ 77.149222702148194, 14.001162941189648 ], [ 77.245354088698249, 14.011944362028476 ], [ 77.269936545736982, 14.034392086364468 ], [ 77.274997528283563, 14.011283746708125 ], [ 77.322230511137974, 14.029994571907833 ], [ 77.336220376604501, 13.995367688194193 ], [ 77.361091042830779, 13.990812066932165 ], [ 77.349487910344308, 13.958140156273039 ], [ 77.371286540419874, 13.952751392656801 ], [ 77.347838800213708, 13.915963662094455 ], [ 77.360117364284207, 13.902931696320451 ], [ 77.397876243435093, 13.906183236955339 ], [ 77.39874265235693, 13.888125901211115 ], [ 77.435041437692789, 13.915006558869701 ], [ 77.412085827836961, 13.945558782829609 ], [ 77.43536386191289, 13.947514811029308 ], [ 77.437881360852231, 13.975521624138191 ], [ 77.425888390075158, 13.986112831799604 ], [ 77.381643165228184, 13.976233715396857 ], [ 77.390157796343047, 14.016696192734662 ], [ 77.332302634105929, 14.03068820386693 ], [ 77.340504900335247, 14.060191208604575 ], [ 77.360027081801547, 14.062240734206716 ], [ 77.400300339144465, 14.115988034060129 ], [ 77.390613135292597, 14.126640050359766 ], [ 77.347466565309432, 14.103635562388908 ], [ 77.35171478811958, 14.131104375193217 ], [ 77.378943605628521, 14.135841475945 ], [ 77.393719175371814, 14.174245151224637 ], [ 77.503505956760293, 14.157117859836989 ], [ 77.517031011440935, 14.182811551582802 ], [ 77.494485153728917, 14.224240314895781 ], [ 77.498281498798306, 14.278848272207494 ], [ 77.478926878285336, 14.292161518250072 ], [ 77.450279811385585, 14.280706768730724 ], [ 77.446221793362156, 14.317466537129713 ], [ 77.43152881113285, 14.312856249117869 ], [ 77.406444712381585, 14.337747331244612 ], [ 77.377031058252655, 14.307601765833109 ], [ 77.417692959126825, 14.225842458982285 ], [ 77.418278257348533, 14.209067158947743 ], [ 77.392595256288899, 14.198843112758869 ], [ 77.359485958233932, 14.234006508627466 ], [ 77.363820631313786, 14.275827232946524 ], [ 77.283536942120506, 14.28273653821852 ], [ 77.286566713435434, 14.34009899179723 ], [ 77.238200677428324, 14.317360014973485 ], [ 77.138904052720193, 14.339971428058282 ], [ 77.110246448582188, 14.267949483275853 ], [ 77.11666634859165, 14.226380853383079 ], [ 77.100804749805874, 14.217137804418609 ], [ 77.081172434885801, 14.214152106372619 ], [ 77.052463139889682, 14.245502994892547 ], [ 76.940055863222938, 14.244607367678116 ], [ 76.924897400064566, 14.273783641600103 ], [ 76.956724450967798, 14.294346461390674 ], [ 76.884641494579654, 14.347542000920527 ], [ 76.884817868005911, 14.39570872678763 ], [ 76.915829828942833, 14.420692549432458 ], [ 76.9427147453099, 14.399336267673016 ], [ 76.944790806728733, 14.450896294864604 ], [ 76.959913260918967, 14.450593361809629 ], [ 76.97481429925628, 14.485330367733312 ], [ 76.900688090618416, 14.489208135156042 ], [ 76.867961595248758, 14.474038376997408 ], [ 76.855602536738928, 14.509591444054324 ], [ 76.8061475566562, 14.531367622263282 ], [ 76.781842671853724, 14.596496031766891 ], [ 76.764994956447964, 14.602123662142866 ], [ 76.775270890085892, 14.680960038890978 ], [ 76.802943695432447, 14.741884212796046 ], [ 76.782686874421756, 14.785938034175114 ], [ 76.836748368569033, 14.790774783876431 ], [ 76.837368136944804, 14.810564109010521 ], [ 76.853977328083062, 14.80944424109982 ], [ 76.84571331974594, 14.890869944933945 ], [ 76.863843692833512, 14.895581905572767 ], [ 76.869621483366117, 14.937710050707802 ], [ 76.867458809980874, 14.969822332692896 ], [ 76.828503536568277, 14.956457303385525 ], [ 76.7665387453997, 14.975616820070265 ], [ 76.760569096281969, 14.989857617704205 ], [ 76.790130246594018, 15.020714739388463 ], [ 76.776693784665014, 15.07840063126204 ], [ 76.800235013441053, 15.095832062418102 ], [ 76.836015878693104, 15.079234455668542 ], [ 76.877162730581858, 15.030207564721845 ], [ 76.918365907737211, 15.035523045631837 ], [ 76.985222201697624, 15.015188754166994 ], [ 77.00407818176943, 15.033832918725883 ], [ 77.04956248971871, 15.033076094010383 ], [ 77.04411746840502, 15.009842723148386 ], [ 77.082451321440018, 15.006080550214921 ], [ 77.084747595867583, 15.030708690619722 ], [ 77.112929189024754, 15.034056399914231 ], [ 77.130119851561631, 15.100768506625005 ], [ 77.156327627748965, 15.122931569228337 ], [ 77.157278939143282, 15.140468984264023 ], [ 77.134721143719418, 15.148292789367657 ], [ 77.16913361158737, 15.171348618305947 ], [ 77.147656526281267, 15.223909428902919 ], [ 77.125120396425473, 15.226939321683046 ], [ 77.166931031443923, 15.268584178703858 ], [ 77.147135523179415, 15.272921429288729 ], [ 77.151577560207045, 15.292434960732326 ], [ 77.118255236563925, 15.295395305347981 ], [ 77.113100982839711, 15.333678202756419 ], [ 77.063727323646404, 15.328018269878818 ], [ 77.041828914099, 15.361922241182381 ], [ 77.047248410682201, 15.390021922942534 ], [ 77.029228596849933, 15.404360258822633 ], [ 77.033527993088512, 15.432889192745028 ], [ 76.973825671845063, 15.500403138870618 ], [ 76.974530804427303, 15.510506497868349 ], [ 77.030039824060509, 15.502647875597479 ], [ 77.030432367178435, 15.634492664588906 ], [ 77.083189430278054, 15.659145353326085 ], [ 77.121423168769581, 15.631084866206479 ], [ 77.128883675407579, 15.665864694246627 ], [ 77.078693907558403, 15.695144031771719 ], [ 77.079754081290446, 15.727388843786542 ], [ 77.045944796203145, 15.740355933937037 ], [ 77.067172422049808, 15.787735582251942 ], [ 77.065204534859149, 15.828193943954471 ], [ 77.025185489961885, 15.837509233836967 ], [ 77.072444459280831, 15.910261026669744 ], [ 77.155069559651452, 15.950033803986734 ], [ 77.248866415220888, 15.964555371325021 ], [ 77.379475187291163, 15.939802045235382 ], [ 77.429596597838767, 15.94906345092109 ], [ 77.612790885332146, 15.917519661147971 ], [ 77.657423132251324, 15.885922854100441 ], [ 77.724095900399192, 15.895814230387362 ], [ 77.803516584387211, 15.874134860177415 ], [ 77.856687163571706, 15.8831695565987 ], [ 77.887978812277382, 15.906083986309037 ], [ 78.008863097716571, 15.861753782661026 ], [ 78.031889569376958, 15.907346116180591 ], [ 78.083554561365503, 15.840922799944121 ], [ 78.134219283776716, 15.836619682601139 ], [ 78.135536113371913, 15.854704419038619 ], [ 78.175343823310428, 15.858075265726008 ], [ 78.1844292547366, 15.909817215106807 ], [ 78.252185550118938, 15.936221274969366 ], [ 78.260863511122125, 16.025817026889676 ], [ 78.312261630707724, 16.011509622196996 ], [ 78.326556796708402, 16.036737570288587 ], [ 78.407891993586134, 16.074809213601625 ], [ 78.551760900871571, 16.042801772767909 ], [ 78.627238743432002, 16.087636843377197 ], [ 78.681192281641671, 16.034789675996365 ], [ 78.735495917572123, 16.008151848043852 ], [ 78.785481325880681, 16.02114570219932 ], [ 78.840291167863597, 16.078138129003509 ], [ 78.834670337265663, 16.145160962429902 ], [ 78.872880825560983, 16.143255259223753 ], [ 78.894244084439151, 16.084872785410138 ], [ 78.922178599570685, 16.105843272416102 ], [ 78.904887738048728, 16.182875631430655 ], [ 78.986541694918515, 16.211213865390707 ], [ 79.009094045653384, 16.239954134744188 ], [ 79.101577684651716, 16.222823103084398 ], [ 79.11972469813162, 16.231938164595192 ], [ 79.156947353126426, 16.209286903028108 ], [ 79.217521049178657, 16.22865382568996 ], [ 79.234295890553653, 16.333839090085512 ], [ 79.210594452636542, 16.356174747723546 ], [ 79.210052383142965, 16.429187807050802 ], [ 79.212369881167433, 16.448939295301116 ], [ 79.23318948772048, 16.459724802015295 ], [ 79.214480712777657, 16.484681940183048 ], [ 79.256837957375168, 16.565818557168591 ], [ 79.418640014424199, 16.580245186574199 ], [ 79.447173444440466, 16.619712763160166 ], [ 79.542090941140316, 16.632246528926775 ], [ 79.598923449579928, 16.673225428826996 ], [ 79.633090575865666, 16.660424083369644 ], [ 79.681541728144282, 16.694372432162794 ], [ 79.722894121756525, 16.690276528623418 ], [ 79.772766657647935, 16.730572077858387 ], [ 79.818084131380999, 16.691648029164906 ], [ 79.852062210808469, 16.705873643662052 ], [ 79.877528680155379, 16.697298191572219 ], [ 79.911205358635328, 16.633418558115885 ], [ 79.961609036913202, 16.642579275723115 ], [ 79.99741122817008, 16.702092772353005 ], [ 80.054955282264785, 16.744646289392691 ], [ 80.070601944745775, 16.801692277319606 ], [ 80.04684381594771, 16.853342326991125 ], [ 79.998761482280372, 16.865214053023738 ], [ 80.017383675799493, 16.914974788223905 ], [ 80.040741168557247, 16.918825154791502 ], [ 80.055444827263685, 16.971421623717266 ], [ 80.091556132403085, 16.968315582235206 ], [ 80.095160577564869, 16.990651500840436 ], [ 80.140236850050854, 16.990592273202942 ], [ 80.187287081440473, 17.019955017899434 ], [ 80.196452765659231, 17.044033653693095 ], [ 80.211429607433445, 17.010273474149226 ], [ 80.292470823447943, 16.997683406900762 ], [ 80.316215178377746, 16.948125010790264 ], [ 80.321698864977904, 16.879629862770546 ], [ 80.374065605595021, 16.852394452188435 ], [ 80.381286342002198, 16.816821737606059 ], [ 80.407794213884927, 16.8489839068788 ], [ 80.380913461209218, 16.850725214817867 ], [ 80.384126404400504, 16.86524745927364 ], [ 80.464240217681976, 16.81997775799195 ], [ 80.464454927611285, 16.795448656331402 ], [ 80.570240801370517, 16.768009017805358 ], [ 80.612544445291647, 16.794310008741785 ], [ 80.562847694429976, 16.832840779861655 ], [ 80.568306138370673, 16.86938808121328 ], [ 80.595621013585514, 16.884246943625779 ], [ 80.587120006320262, 16.904177807598614 ], [ 80.601941608433606, 16.918589703990879 ], [ 80.534472069663011, 16.961365642584195 ], [ 80.526103483952099, 16.947881379142824 ], [ 80.499689482423292, 16.956705446367874 ], [ 80.49344611574017, 16.927428587790676 ], [ 80.449667707617081, 16.954763944670557 ], [ 80.363404568686349, 16.976065558360357 ], [ 80.407034862585377, 17.015796036246368 ], [ 80.385784664770568, 17.068383631199218 ], [ 80.409387627569615, 17.091759297941653 ], [ 80.43862848087214, 17.03758329388252 ], [ 80.464859311422956, 17.030023780238366 ], [ 80.471375926750866, 17.050369373891574 ], [ 80.505397159447938, 17.068463716405475 ], [ 80.514079910268279, 17.122052935409528 ], [ 80.562421998986522, 17.132765615094971 ], [ 80.580019248004106, 17.153071996641753 ], [ 80.670554774426137, 17.101187541022469 ], [ 80.653810762333379, 17.068611512155851 ], [ 80.738881325740692, 17.079588911590946 ], [ 80.845309452707255, 17.039967155625565 ], [ 80.876746549437229, 17.071371977703979 ], [ 80.867740615320457, 17.123130612100969 ], [ 80.879438053843742, 17.160830095208098 ], [ 80.923994594344009, 17.15784625705194 ], [ 80.918877273056069, 17.21973729138443 ], [ 81.031271110926156, 17.19032989380602 ], [ 81.054518964303497, 17.224544349626495 ], [ 81.079565139776719, 17.215547527601796 ], [ 81.173220054344768, 17.2304479429129 ], [ 81.190410494997721, 17.324814107011232 ], [ 81.274028841916703, 17.317192697760269 ], [ 81.322641314552357, 17.374547703943225 ], [ 81.313387545130155, 17.408114170099278 ], [ 81.205263609112947, 17.449587931150312 ], [ 81.193297151213173, 17.435625159383129 ], [ 81.172327070561849, 17.44904328961481 ], [ 81.175547262259144, 17.463636376714344 ], [ 81.148253675319879, 17.463653285257383 ], [ 81.159605090880575, 17.484302473399847 ], [ 81.142145378424573, 17.488587539247771 ], [ 81.126173741406404, 17.526855621103753 ], [ 81.099283427062772, 17.504409324968833 ], [ 81.014826400418102, 17.522126209973198 ], [ 80.969395203563352, 17.598055471146296 ], [ 80.983746861917297, 17.625866781221696 ], [ 81.00704490057629, 17.62171467174084 ], [ 81.003562282238406, 17.649794286273657 ], [ 80.938780324931471, 17.632632153374601 ], [ 80.880078812254467, 17.647956975946837 ], [ 80.894749560282122, 17.702909980421001 ], [ 80.885546322891287, 17.735677953882352 ], [ 80.927490137642195, 17.760962259934381 ], [ 80.973421817382786, 17.780122162356033 ], [ 80.991317969133036, 17.749917129739959 ], [ 81.058165013141007, 17.733085766340569 ], [ 81.104262259574966, 17.772006361699631 ], [ 81.085587500238688, 17.798023476819935 ], [ 81.093965068204128, 17.809272767764472 ], [ 81.166233478189426, 17.857528126581386 ], [ 81.263844304672446, 17.810284339028811 ], [ 81.354332791712906, 17.812190483604326 ], [ 81.392571793433703, 17.794163222124073 ], [ 81.396550775881806, 17.820232663830208 ], [ 81.415596718195147, 17.813423173096176 ], [ 81.473920065290372, 17.837965742578252 ], [ 81.490045472325662, 17.812694885151487 ], [ 81.573169038864279, 17.836994765204366 ], [ 81.617232407866837, 17.822299572247196 ], [ 81.66973111818568, 17.886551508411443 ], [ 81.699649988423673, 17.900966211405091 ], [ 81.708181329101109, 17.872894409627506 ], [ 81.72562016740487, 17.87886325616002 ], [ 81.790128629030292, 17.920806548819758 ], [ 81.809894123682867, 17.950984259119537 ], [ 81.962966528870609, 17.999251462157712 ], [ 82.009347193776705, 18.030072722367251 ], [ 82.007389947130605, 18.056323285618962 ], [ 82.032323887092232, 18.069318402137917 ], [ 82.061564106184207, 18.055450353575743 ], [ 82.076635718424271, 18.075217357719694 ], [ 82.132947745683211, 18.060051509417097 ], [ 82.137175973791742, 18.04393603186271 ], [ 82.16883885578018, 18.051952952698798 ], [ 82.186591355238392, 18.015448040316294 ], [ 82.265575114841923, 17.998627307195836 ], [ 82.27261171368383, 18.057221007007794 ], [ 82.301165567796446, 18.069307251301097 ], [ 82.299584284961369, 18.054714516382045 ], [ 82.320133337815435, 18.044788539008614 ], [ 82.32225385955266, 18.059905889189736 ], [ 82.343883044907713, 18.057994506614961 ], [ 82.338795368024137, 18.146922268625406 ], [ 82.363881597579265, 18.134836044881155 ], [ 82.372316831097748, 18.148163525686865 ], [ 82.315452570806144, 18.184029240960289 ], [ 82.310842539837211, 18.204094774258664 ], [ 82.33705506092592, 18.224304637380367 ], [ 82.324412414162325, 18.231210426344742 ], [ 82.344664973565315, 18.280548197838172 ], [ 82.376495948309696, 18.280678499733934 ], [ 82.39233587523924, 18.297949549732007 ], [ 82.38896125865304, 18.328507437676326 ], [ 82.355870203584857, 18.315922942791481 ], [ 82.338218336998011, 18.326710416642406 ], [ 82.385549003554743, 18.367505296631947 ], [ 82.364212421047256, 18.421537644074327 ], [ 82.482753123182775, 18.548722118719166 ], [ 82.503847218055697, 18.51426954567226 ], [ 82.532034825433698, 18.511156500930554 ], [ 82.534190212583695, 18.477734441937734 ], [ 82.519420046206861, 18.465596657683975 ], [ 82.538524048433658, 18.444452952237672 ], [ 82.543152688003673, 18.457593745423225 ], [ 82.561126111936389, 18.449011856645971 ], [ 82.535528565813095, 18.406170600783938 ], [ 82.594384751314038, 18.389322744714669 ], [ 82.621227537592603, 18.359708283599979 ], [ 82.601915667903995, 18.351622329342472 ], [ 82.60829297159934, 18.326545023640218 ], [ 82.581610042322254, 18.31419506937425 ], [ 82.598485572264181, 18.303735928744707 ], [ 82.58765615334201, 18.276416989037266 ], [ 82.637322682182557, 18.236811531058446 ], [ 82.652486708607498, 18.249999356011131 ], [ 82.642119399237188, 18.301436719015857 ], [ 82.666765921427057, 18.29802922873132 ], [ 82.774253797222499, 18.340550089853497 ], [ 82.799538370300766, 18.406749760041905 ], [ 82.782163268364741, 18.430787768383492 ], [ 82.803142591782034, 18.449246031582799 ], [ 82.852416119363909, 18.41920145866267 ], [ 82.894999663954522, 18.42410257969091 ], [ 82.894193665837193, 18.381568108344432 ], [ 82.93972706671677, 18.360818663825189 ], [ 82.970471461751373, 18.360006129346861 ], [ 83.021920664035591, 18.391703806878649 ], [ 83.054488809776871, 18.379985821334092 ], [ 83.077051993295782, 18.403469631180581 ], [ 83.057856663845627, 18.418960961371322 ], [ 83.067311613670682, 18.430091421744148 ], [ 83.04253037473093, 18.424225818808548 ], [ 83.020947663717081, 18.456241954064989 ], [ 83.095039209961357, 18.546642411934332 ], [ 83.045224784289061, 18.544459226380447 ], [ 83.029756750005674, 18.573507805163679 ], [ 83.052663734953498, 18.600996962754724 ], [ 83.023790247686364, 18.589647176213827 ], [ 83.000570555594905, 18.607899244761608 ], [ 83.013128417565326, 18.646054184683326 ], [ 83.057894598801781, 18.665234794940847 ], [ 83.072597351108115, 18.705225907113423 ], [ 83.139029676187036, 18.785364556411061 ], [ 83.206547864120139, 18.751438431580816 ], [ 83.212552251988228, 18.73053386758793 ], [ 83.224607488590877, 18.775088236400549 ], [ 83.271354608640721, 18.764635364354099 ], [ 83.284337853440888, 18.79787815977236 ], [ 83.330616307135642, 18.806346744030048 ], [ 83.365700327662239, 18.843147355635629 ], [ 83.378325654008805, 18.830662856234309 ], [ 83.405882582073602, 18.842515212163921 ], [ 83.414751379379155, 18.874963245200171 ], [ 83.381915414410628, 18.891756434582611 ], [ 83.39317751856747, 18.907380738879457 ], [ 83.368082113620019, 18.908686953880576 ], [ 83.352483990707086, 18.943463125377537 ], [ 83.370146991013598, 18.941716308103139 ], [ 83.370604274815705, 18.926036204035718 ], [ 83.387358065070302, 18.932594912881044 ], [ 83.354735959326547, 18.967296289285262 ], [ 83.348437710071124, 18.926286429914573 ], [ 83.326497972630762, 18.931981963958545 ], [ 83.338778387230747, 18.953697922838035 ], [ 83.310646221177137, 18.998672857627096 ], [ 83.338784838032794, 18.997005093934366 ], [ 83.342921488288027, 19.018136553659847 ], [ 83.373452004334965, 19.002185281831167 ], [ 83.400055619558998, 19.009410066799138 ], [ 83.461829066877101, 18.954781357951841 ], [ 83.467835431937132, 18.991083066647235 ], [ 83.449941250192268, 19.00965865661448 ], [ 83.48250820925908, 19.015094199395822 ], [ 83.462294348380198, 19.063766509576656 ], [ 83.478372035110937, 19.079273928618317 ], [ 83.468225521756011, 19.093241059777863 ], [ 83.500604054700375, 19.060631971335877 ], [ 83.51122275490799, 19.070439549422797 ], [ 83.519304391767719, 19.039245547634561 ], [ 83.497292947208095, 19.035805913630963 ], [ 83.50057762716304, 19.021154070670125 ], [ 83.536705174741087, 19.009495076640363 ], [ 83.557567374015022, 19.05620236660771 ], [ 83.549045515953665, 19.080517676130246 ], [ 83.561064464212109, 19.086315603592709 ], [ 83.563419234236051, 19.057850455689845 ], [ 83.584455092227429, 19.057565877593763 ], [ 83.584953206255847, 19.085394902617644 ], [ 83.610614150980282, 19.096063334627175 ], [ 83.598893347276444, 19.129528123693348 ], [ 83.626101918555548, 19.161852771814111 ], [ 83.700615854443043, 19.025001751999461 ], [ 83.729918080645803, 19.022011033654366 ], [ 83.709635156389581, 19.00215561274242 ], [ 83.733012704036071, 18.987711752744023 ], [ 83.753858746211279, 18.925131044670486 ], [ 83.787890799115942, 18.91586879936278 ], [ 83.744853466966305, 18.987978776289211 ], [ 83.794688029274013, 19.017976999979471 ], [ 83.826870960353489, 18.915805836647628 ], [ 83.845787686301406, 18.9135828469526 ], [ 83.846005115431097, 18.869097375644667 ], [ 83.893162279577183, 18.814473184910046 ], [ 83.915587948992425, 18.827899321581786 ], [ 83.950161534198159, 18.805177269758861 ], [ 84.038483300943014, 18.816432844849505 ], [ 84.089462533416679, 18.756780404363248 ], [ 84.226308191723646, 18.79876710713674 ], [ 84.260966735097355, 18.78322007288498 ], [ 84.288661542880149, 18.804659320306587 ], [ 84.321258361048677, 18.786492427866559 ], [ 84.344545352226291, 18.801797145290557 ], [ 84.331055249196751, 18.817849680683274 ], [ 84.363849640133907, 18.837121916400562 ], [ 84.333060305080565, 18.86051372564938 ], [ 84.331073909900113, 18.883823291711973 ], [ 84.374226910922388, 18.8613883782951 ], [ 84.384202176638098, 18.874139654030131 ], [ 84.372312293828116, 18.878324574362384 ], [ 84.36035592490731, 18.893989573288827 ], [ 84.392132483305048, 18.876296432143153 ], [ 84.397830071350768, 18.889118137594071 ], [ 84.378933892568327, 18.904217533227577 ], [ 84.418018146089409, 18.897202117591366 ], [ 84.418969076598017, 18.91777783707116 ], [ 84.437652880172564, 18.919639605043841 ], [ 84.424219830943343, 18.947253904410783 ], [ 84.431072936312063, 18.969189415161253 ], [ 84.452319315388593, 18.97645472996123 ], [ 84.432218842559863, 18.995050605922138 ], [ 84.421085397812931, 19.021991447987446 ], [ 84.478893166732306, 18.988459171935574 ], [ 84.494367358068672, 19.029001168014766 ], [ 84.572864847930788, 19.073719982366903 ], [ 84.581666241945584, 19.030088266697401 ], [ 84.600901128709268, 19.024789393633455 ], [ 84.618309762958219, 19.065873005786131 ], [ 84.661131033214048, 19.063038861305696 ], [ 84.670852346995574, 19.07633014129846 ], [ 84.658970860738549, 19.094428000742834 ], [ 84.625494770671622, 19.084913615790189 ], [ 84.595530035150205, 19.132449534059731 ], [ 84.667318409702133, 19.129856736414151 ], [ 84.670906112063648, 19.166042340392085 ], [ 84.710977393994696, 19.159158391059155 ], [ 84.701881696621456, 19.119354594993982 ], [ 84.761463755906277, 19.079122968397655 ], [ 84.719818863650985, 19.015721669662661 ], [ 84.603622881188045, 18.889717085413256 ], [ 84.551118315650157, 18.790039618214937 ], [ 84.368391839315692, 18.593131620254081 ], [ 84.355715917157383, 18.556211588272934 ], [ 84.150652383922264, 18.377267930010522 ], [ 84.126895146252991, 18.343853074791642 ], [ 84.126859351982176, 18.313365503278483 ], [ 83.860722805822263, 18.174445824913683 ], [ 83.810371837990346, 18.156106822328709 ], [ 83.794901563308628, 18.168151320996394 ], [ 83.805263810672329, 18.154038770254292 ], [ 83.612428746057574, 18.04249322199027 ], [ 83.569374207576985, 18.011799412256245 ], [ 83.531803535359614, 17.951216250802716 ], [ 83.458652866577594, 17.901088997023496 ], [ 83.407096374007409, 17.841032983647214 ], [ 83.410869590153169, 17.809358187628661 ], [ 83.351569079946401, 17.752031884615018 ], [ 83.346698357882062, 17.726575406387408 ], [ 83.296237481175083, 17.692397768604632 ], [ 83.294874341630376, 17.674520785791838 ], [ 83.216469989096936, 17.59549707726293 ], [ 83.032549773920763, 17.514395671853837 ], [ 82.974781970150062, 17.46610782314789 ], [ 82.726352103979011, 17.354882899004956 ], [ 82.561936541443004, 17.261570264388538 ], [ 82.443092580643977, 17.1748086688124 ], [ 82.319055329830093, 17.057398878219733 ], [ 82.286760384224607, 17.012533573887328 ], [ 82.271145260694922, 16.941296092652433 ], [ 82.241444283117332, 16.908036596828083 ], [ 82.248266814325348, 16.87646511835257 ], [ 82.260078053225484, 16.884218259897047 ], [ 82.31422884081033, 16.845879807109171 ], [ 82.361571128871901, 16.854447140384757 ], [ 82.357714838325265, 16.950026763197531 ], [ 82.325812632568741, 16.987646949341215 ], [ 82.355645717290344, 16.96779431960546 ], [ 82.36636497940242, 16.911358526785939 ], [ 82.365315990594041, 16.876976004577298 ], [ 82.357363567404789, 16.806646730577029 ], [ 82.33342308329901, 16.716808998691196 ], [ 82.344890053646267, 16.704471909058249 ], [ 82.331372479237004, 16.687014569426655 ], [ 82.354095809014879, 16.70582535283889 ], [ 82.346449335841697, 16.715637895887081 ], [ 82.365234103765985, 16.707070983037529 ], [ 82.316851805557292, 16.660741491327059 ], [ 82.329029852639067, 16.615036182168865 ], [ 82.318874297740805, 16.576826301608101 ], [ 82.312260596988523, 16.667080587396999 ], [ 82.312228293570911, 16.627305260282576 ], [ 82.306801160409449, 16.637572461064849 ], [ 82.284259143893621, 16.626027164599172 ], [ 82.298404894909694, 16.585684116181227 ], [ 82.263138477752875, 16.562756606046026 ], [ 82.296903822646343, 16.567624540181864 ], [ 82.281240646435478, 16.558743131709178 ], [ 82.292031350663791, 16.555735213334593 ], [ 82.299991084342864, 16.571397415829143 ], [ 82.300607870311865, 16.562934951964834 ], [ 82.310326543046457, 16.567786414587374 ], [ 82.31343646384768, 16.564820107344165 ], [ 82.312588691374685, 16.559820893875163 ], [ 82.289643514552566, 16.55406836782478 ], [ 82.244573546443235, 16.550032059617475 ], [ 82.232322923571331, 16.544897448994085 ], [ 81.957731890301474, 16.392374455669273 ], [ 81.878150961239811, 16.382631288958489 ], [ 81.719530828555335, 16.306591446983614 ], [ 81.690639904090247, 16.327471792365344 ], [ 81.486022758092858, 16.354777652708542 ], [ 81.39379109473515, 16.34247315181165 ], [ 81.303012028751382, 16.302095276307206 ], [ 81.265055658578575, 16.278138211234907 ], [ 81.213763665960641, 16.207218328814051 ], [ 81.191365327787921, 16.102823685066372 ], [ 81.145541136860984, 16.012945119425453 ], [ 81.147490853828387, 15.972857332317238 ], [ 81.004771416407479, 15.837804229893317 ], [ 81.020504522869956, 15.79405260992178 ], [ 81.008237333267573, 15.797406769923635 ], [ 81.012215987830601, 15.76624828984925 ], [ 80.998451330005807, 15.769691432588882 ], [ 81.008998261110435, 15.753619197014928 ], [ 80.937219266766704, 15.714404116628421 ], [ 80.932000614616385, 15.723682207140055 ], [ 80.850668534892705, 15.705963236932119 ], [ 80.831837375272201, 15.705496204061962 ], [ 80.816263768281658, 15.712865160605691 ], [ 80.788429645273013, 15.757228854260493 ], [ 80.787715977797248, 15.7642628619625 ], [ 80.79092467465216, 15.770662785673284 ], [ 80.799336431599031, 15.776869971984402 ], [ 80.791217248753696, 15.753633850659554 ], [ 80.821872415029432, 15.710572671187327 ], [ 80.779629014826213, 15.835295984842602 ], [ 80.80091240359414, 15.805791357687221 ], [ 80.814963618604651, 15.811338418922874 ], [ 80.806498058860498, 15.841052493020879 ], [ 80.779221394384564, 15.864297118363821 ], [ 80.680607013185266, 15.885399672773755 ], [ 80.464029599578765, 15.821199768596678 ], [ 80.306349552042448, 15.713556777313562 ], [ 80.243384873978897, 15.630256540226057 ], [ 80.237211842687572, 15.600669928884946 ], [ 80.226922202555045, 15.603908772708538 ], [ 80.220933982565427, 15.601209902111938 ], [ 80.235064647274655, 15.590590498122001 ], [ 80.224854113684344, 15.53369468886433 ], [ 80.201961099335819, 15.506857382836946 ], [ 80.204962614143525, 15.47389098920373 ], [ 80.11024914101435, 15.345474660175602 ], [ 80.083319961059971, 15.26995938860771 ], [ 80.087646396588667, 15.205589840193895 ], [ 80.047039494169425, 15.082709262166459 ], [ 80.097542094028071, 14.780194183191604 ], [ 80.141689196794871, 14.704284131612249 ], [ 80.171178922058687, 14.611659799143601 ], [ 80.195513240161432, 14.58582695374337 ], [ 80.171649791082842, 14.373419380858412 ], [ 80.130195912097989, 14.230808434914703 ], [ 80.126413156742231, 14.164324223053809 ], [ 80.149778179178682, 14.03176943763247 ], [ 80.253089049701387, 13.785916683600437 ], [ 80.233649623734038, 13.658447694435765 ], [ 80.268539317105123, 13.564537465327678 ], [ 80.241814011601122, 13.470646954258143 ], [ 80.214598561921903, 13.490271830056368 ], [ 80.161982748120906, 13.488268192848324 ], [ 80.138469179370745, 13.504332540654824 ], [ 80.078190069646283, 13.488811434832847 ], [ 80.0812594297158, 13.549751227867816 ], [ 80.056934603212326, 13.536636520031355 ], [ 79.998599713664035, 13.542723824169109 ], [ 80.000519071168071, 13.525675412747459 ], [ 80.048423213219024, 13.512250755762567 ], [ 80.046618298387216, 13.49368380476529 ], [ 80.015904553870115, 13.497951506782625 ], [ 80.007490536761992, 13.478640515578974 ], [ 79.972420332324475, 13.469091660565198 ], [ 79.973338715972062, 13.429672477225353 ], [ 79.939609608218845, 13.425029410286685 ], [ 79.941373859012671, 13.400242876910077 ], [ 79.962570540592722, 13.388438399302967 ], [ 79.933114696188184, 13.351917721220486 ], [ 79.91597242320077, 13.359869173380279 ], [ 79.862065969288338, 13.31696670836231 ], [ 79.808999068264043, 13.31723539359534 ], [ 79.791732806207847, 13.293524142388486 ], [ 79.760756110434031, 13.318444364183692 ], [ 79.756746684080923, 13.295288373357268 ], [ 79.73062778900443, 13.28293404398679 ], [ 79.794732020430104, 13.242103946059435 ], [ 79.794493038920123, 13.226321734797427 ], [ 79.754552882274453, 13.206459825309805 ], [ 79.737317082089518, 13.236534770817668 ], [ 79.718385746840099, 13.216515849908422 ], [ 79.702707822987236, 13.222396149130065 ], [ 79.709124576198278, 13.251043491679205 ], [ 79.684273823825208, 13.244428815654945 ], [ 79.678293341923478, 13.261653601744545 ], [ 79.69543127964134, 13.269183734641112 ], [ 79.682923653258243, 13.295552904653405 ], [ 79.665852233990506, 13.279403399637733 ], [ 79.642481736322409, 13.29014819721467 ], [ 79.63183620164061, 13.269783920304167 ], [ 79.595590806775363, 13.284663931702354 ], [ 79.579824725853754, 13.257680265176075 ], [ 79.533978899003216, 13.276996526867871 ], [ 79.537300643446713, 13.338647720712283 ], [ 79.499693139404386, 13.333008257941836 ] ], [ [ 79.84267505773623, 13.322576735273017 ], [ 79.843374833664456, 13.32167316221078 ], [ 79.849771424188958, 13.323175002912951 ], [ 79.8456676612563, 13.327576679365761 ], [ 79.84267505773623, 13.322576735273017 ] ], [ [ 82.235235842932468, 16.716772769314804 ], [ 82.28417364673642, 16.705328761813927 ], [ 82.308853449710924, 16.745508532425415 ], [ 82.301500388767437, 16.755181105987486 ], [ 82.288505668887822, 16.734907334000024 ], [ 82.228238225583979, 16.73039747615973 ], [ 82.225467506837376, 16.763695154417107 ], [ 82.182447266932641, 16.737110124746291 ], [ 82.235235842932468, 16.716772769314804 ] ], [ [ 84.329272907231413, 18.787198741731398 ], [ 84.334394644637285, 18.784355324606949 ], [ 84.339361606811295, 18.778691964683407 ], [ 84.339591571930754, 18.789400542949394 ], [ 84.329272907231413, 18.787198741731398 ] ], [ [ 84.349678059858434, 18.791918983613904 ], [ 84.349676147345178, 18.788704124759768 ], [ 84.35171316708346, 18.785771136116796 ], [ 84.353274639371548, 18.789892993823006 ], [ 84.349678059858434, 18.791918983613904 ] ] ] } },
{ "type": "Feature", "properties": { "stname": "MIZORAM", "num_caaqms": 1, "num_manual": 19 }, "geometry": { "type": "Polygon", "coordinates": [ [ [ 92.848055228658467, 22.061619453750556 ], [ 92.699105551635668, 22.155049684368869 ], [ 92.689629389891806, 22.071881628093529 ], [ 92.687860586436116, 22.104093611109345 ], [ 92.681753162703259, 22.103085795878695 ], [ 92.679902908102449, 22.011864394103647 ], [ 92.651612651135252, 22.015908899273981 ], [ 92.63471534962413, 21.98305384872134 ], [ 92.603219901028226, 21.977625102359859 ], [ 92.612760690268587, 21.990114923029537 ], [ 92.592616329348303, 22.037438212031194 ], [ 92.602659052253614, 22.061100549950829 ], [ 92.562674128964105, 22.127803977876791 ], [ 92.578642552708516, 22.14283968304315 ], [ 92.605746380425458, 22.123392339967609 ], [ 92.609226464615915, 22.16401863961072 ], [ 92.594505892429297, 22.181555187339743 ], [ 92.580225869329396, 22.324979511343951 ], [ 92.550693220764686, 22.42257401101541 ], [ 92.551281489714995, 22.513296356340991 ], [ 92.521747690408418, 22.559522586376758 ], [ 92.539226471402969, 22.588849817937405 ], [ 92.528667071682193, 22.664669848626801 ], [ 92.513195899583508, 22.732785208951839 ], [ 92.473844173584894, 22.746208516985234 ], [ 92.449236043593686, 22.895008986970016 ], [ 92.433730775938358, 22.885791059707024 ], [ 92.420511493407403, 22.91805339977838 ], [ 92.400185086199855, 22.912414227043683 ], [ 92.397586220557031, 22.929698804800267 ], [ 92.372364631956586, 22.935110485328092 ], [ 92.392384503446465, 23.056450740838269 ], [ 92.358333800618141, 23.106321258363472 ], [ 92.368199653328887, 23.127264335162891 ], [ 92.3468357521553, 23.235725051172729 ], [ 92.403992501208478, 23.241103206680002 ], [ 92.385183017037491, 23.306974429156561 ], [ 92.364572487078661, 23.322426760041235 ], [ 92.37905781025529, 23.36182777028618 ], [ 92.357292973004107, 23.370902637166129 ], [ 92.357401039434464, 23.410698267167007 ], [ 92.31711988140863, 23.471774036289144 ], [ 92.313484978867137, 23.55594923817927 ], [ 92.302101223057903, 23.591898151201491 ], [ 92.287259168102139, 23.596038789789667 ], [ 92.295765480817479, 23.621627864670877 ], [ 92.273030322922267, 23.641664696698996 ], [ 92.290916721663521, 23.690551190807586 ], [ 92.265490546248685, 23.72500719715055 ], [ 92.257098313286235, 23.812770007853089 ], [ 92.28233697077539, 23.814632602776449 ], [ 92.268870468284987, 23.84554232490175 ], [ 92.285111731042434, 23.867149053251545 ], [ 92.3152367466718, 23.860863165904277 ], [ 92.325067832784413, 23.91376421521597 ], [ 92.307965319231442, 23.960559024755675 ], [ 92.326148120693929, 23.997438017892545 ], [ 92.312312919068177, 24.054401132288675 ], [ 92.332057446143693, 24.179561224401137 ], [ 92.28959251600152, 24.25235339265091 ], [ 92.422532126976577, 24.254856121609787 ], [ 92.41889658124137, 24.192697235395777 ], [ 92.436195921062961, 24.153511608666225 ], [ 92.478679233430796, 24.14202221288042 ], [ 92.483567154639601, 24.162874893906928 ], [ 92.534178192831106, 24.180413529818608 ], [ 92.550654821379524, 24.247001163967166 ], [ 92.612303216023591, 24.2534676303193 ], [ 92.624179657342012, 24.333253127196159 ], [ 92.684835927433468, 24.346536737218191 ], [ 92.76342645311459, 24.521135308037991 ], [ 92.799219260570027, 24.419421986293692 ], [ 92.829945454838665, 24.400289629882653 ], [ 92.829595020249684, 24.37359271616662 ], [ 92.86177442095007, 24.398566725390658 ], [ 92.902879688027681, 24.391065924114102 ], [ 92.909344634955431, 24.412909024922531 ], [ 92.934000415182581, 24.392280815279168 ], [ 92.976457224554622, 24.408233791886875 ], [ 93.020354625316827, 24.387850224224902 ], [ 93.017545704814509, 24.344219188633993 ], [ 93.039317161751001, 24.3407418429519 ], [ 93.002612211244283, 24.251391845643688 ], [ 93.022453033226668, 24.23001739473785 ], [ 92.972339606006983, 24.112345638769892 ], [ 93.049387146728563, 24.088047082922522 ], [ 93.075164649657779, 24.100270904122745 ], [ 93.097948221356916, 24.071263315596834 ], [ 93.096506872686916, 24.042336723645111 ], [ 93.143468681106484, 24.085238625663681 ], [ 93.165394510829643, 24.072170226096965 ], [ 93.165335773586477, 24.052055542666395 ], [ 93.212169212751945, 24.047062755226502 ], [ 93.219292137896048, 24.080995743913554 ], [ 93.243449276783736, 24.082273217614006 ], [ 93.261986167181789, 24.057152314061241 ], [ 93.250638484121083, 24.020712362617264 ], [ 93.283530450064404, 24.048397032698762 ], [ 93.337507539405919, 24.041168654032031 ], [ 93.328888974110981, 23.984799553082993 ], [ 93.351696501183824, 23.941144571996162 ], [ 93.394237011980763, 23.923860314312321 ], [ 93.384963835355109, 23.848127476358279 ], [ 93.403262332639699, 23.807045625381196 ], [ 93.391553958924433, 23.756691970912513 ], [ 93.410952640903773, 23.729403778011694 ], [ 93.407255149143168, 23.707625869020141 ], [ 93.436809824398651, 23.686486235230898 ], [ 93.417007612905479, 23.648071048253453 ], [ 93.428561144913544, 23.58828122170717 ], [ 93.409774815717313, 23.563009424683308 ], [ 93.418307208321949, 23.539041483084091 ], [ 93.394842680399805, 23.504045955728124 ], [ 93.388012843193579, 23.446377599608134 ], [ 93.401647264166783, 23.383748554633097 ], [ 93.387630686396946, 23.359396960759426 ], [ 93.355772619361915, 23.351891917170757 ], [ 93.372882703017765, 23.329417940156667 ], [ 93.362614712283587, 23.279137561391259 ], [ 93.388549432963927, 23.215908813363029 ], [ 93.368234326562643, 23.144098716101471 ], [ 93.385612985827223, 23.133835432030846 ], [ 93.355664594254051, 23.116052167314301 ], [ 93.339260615157585, 23.07383377899367 ], [ 93.351742586554522, 23.070113037106747 ], [ 93.294378841405347, 23.006933450697897 ], [ 93.23047211357806, 23.011428592119454 ], [ 93.210332208301594, 23.04785304321258 ], [ 93.185469550556036, 23.059205296867354 ], [ 93.1560919161751, 23.043180603739728 ], [ 93.137120665184369, 23.060767016130853 ], [ 93.125812601420961, 23.040722719593166 ], [ 93.120180755680977, 23.002973875630985 ], [ 93.141051473678729, 22.988957373322599 ], [ 93.138039114408926, 22.950564520922786 ], [ 93.164527546748928, 22.910987375151993 ], [ 93.131173888072098, 22.906093462174347 ], [ 93.110546891095723, 22.818053121904175 ], [ 93.094854993050305, 22.806682717981637 ], [ 93.107355932374404, 22.752615439190219 ], [ 93.095459403827959, 22.672487894309054 ], [ 93.140313752014578, 22.59226517431841 ], [ 93.106550387007999, 22.527025056195136 ], [ 93.128207117404628, 22.523653353333433 ], [ 93.138114200990287, 22.455439605165164 ], [ 93.185290100399968, 22.428153075909819 ], [ 93.201789449138545, 22.262566382042561 ], [ 93.1420954292266, 22.245464090310318 ], [ 93.161255108136416, 22.197810765138758 ], [ 93.150827493064412, 22.176260318828763 ], [ 93.123562397991023, 22.173546027686179 ], [ 93.110826479151527, 22.204039100317999 ], [ 93.038045093409778, 22.194797714341657 ], [ 93.049100152063303, 22.168902210359764 ], [ 93.037149408392793, 22.14475110679766 ], [ 93.059566568965664, 22.101727464598568 ], [ 93.004960102868083, 22.104376266729052 ], [ 92.994860857066769, 22.03265859377866 ], [ 93.007186905184867, 21.982202835391959 ], [ 92.980561337830224, 21.980058241145528 ], [ 92.952249205987542, 22.029710340597397 ], [ 92.927490842646492, 22.015906059391984 ], [ 92.935897024648682, 22.0065276650135 ], [ 92.90301141967592, 21.94074625965245 ], [ 92.891330449966702, 22.011252737208295 ], [ 92.865064797122201, 22.023692212293369 ], [ 92.863529807168675, 22.062364372043664 ], [ 92.848055228658467, 22.061619453750556 ] ] ] } },
{ "type": "Feature", "properties": { "stname": "JAMMU & KASHMIR", "num_caaqms": 1, "num_manual": 31 }, "geometry": { "type": "Polygon", "coordinates": [ [ [ 74.875861272836943, 32.491993933277229 ], [ 74.818753364287403, 32.497913610163152 ], [ 74.812818564412851, 32.479636865130175 ], [ 74.727458683296888, 32.475815301344319 ], [ 74.682725363331883, 32.49223856208404 ], [ 74.69060917589465, 32.53296104170515 ], [ 74.662882443783289, 32.544521644674248 ], [ 74.673835266970954, 32.567976359343199 ], [ 74.652539851558004, 32.562964289278383 ], [ 74.658770753218235, 32.596845390296323 ], [ 74.639045701618102, 32.614642230117127 ], [ 74.695268692357615, 32.661313145018589 ], [ 74.65349777455279, 32.696685252167832 ], [ 74.704773710683341, 32.841947858961291 ], [ 74.640521703698482, 32.818944482688451 ], [ 74.63462640813681, 32.806623869706627 ], [ 74.658357449135792, 32.787654347354959 ], [ 74.63229336566468, 32.776397259350986 ], [ 74.634258355788489, 32.749540604368867 ], [ 74.619196728322805, 32.760683009829464 ], [ 74.576842322401617, 32.747901425168784 ], [ 74.562890851828655, 32.760119076825085 ], [ 74.511591086088558, 32.745501114651439 ], [ 74.510189909179743, 32.764869589233285 ], [ 74.486075766356493, 32.764446332238599 ], [ 74.458978404712965, 32.787579837913178 ], [ 74.415261134131498, 32.784558795340082 ], [ 74.391003298592054, 32.763163396043382 ], [ 74.355048147598467, 32.766998443661066 ], [ 74.314479697564977, 32.796837810929304 ], [ 74.303397745148473, 32.829840508880906 ], [ 74.219641003776772, 32.848817997376223 ], [ 74.211264467077271, 32.873433730817474 ], [ 74.17880371941979, 32.889495938686288 ], [ 74.068952398569692, 32.909555743827845 ], [ 74.058162847778192, 32.93453760601794 ], [ 73.999681008222453, 32.935400059257525 ], [ 74.006184290754916, 32.954906814187964 ], [ 73.972370632668856, 32.96720658997004 ], [ 73.964644689135781, 32.987123695321046 ], [ 73.825662925118095, 33.004011441761286 ], [ 73.825970436406124, 32.977239447015691 ], [ 73.790430846062989, 32.966809253238267 ], [ 73.794510948269405, 33.003591207297269 ], [ 73.749106705364753, 33.033620025642428 ], [ 73.742830892431869, 33.066153764231821 ], [ 73.631859560170383, 33.095298659273276 ], [ 73.631201123813213, 33.139516365122184 ], [ 73.648687657268667, 33.137472363300596 ], [ 73.664482020748693, 33.16134611603853 ], [ 73.668008932318273, 33.20185730337451 ], [ 73.647621713657571, 33.222823096249627 ], [ 73.633549832005613, 33.207636055705365 ], [ 73.637563343896616, 33.230409457773128 ], [ 73.606514355301982, 33.273713277739333 ], [ 73.614171854396943, 33.292891944876686 ], [ 73.589295894398703, 33.323537059894861 ], [ 73.598028020220269, 33.337518733782559 ], [ 73.578419816980713, 33.328623781063122 ], [ 73.570487914007487, 33.342977176264654 ], [ 73.583768531709396, 33.355675736814057 ], [ 73.565154536215587, 33.366251323174801 ], [ 73.603160125082852, 33.419082509220203 ], [ 73.586708104983316, 33.422805304938322 ], [ 73.596064366789548, 33.438983499234332 ], [ 73.631892077387036, 33.447594472156766 ], [ 73.602067744052931, 33.496683217245632 ], [ 73.618683298856666, 33.495350417206886 ], [ 73.611447061120955, 33.513059057249677 ], [ 73.641772703790949, 33.52850685922094 ], [ 73.624414488385625, 33.540868233169483 ], [ 73.628706340572478, 33.571058813736848 ], [ 73.604983486818981, 33.588694798672975 ], [ 73.611903245385179, 33.603779539349965 ], [ 73.567154998115058, 33.617735817717879 ], [ 73.577743248129494, 33.638057760321381 ], [ 73.567458699648014, 33.668486068177522 ], [ 73.603135988249463, 33.715087014303499 ], [ 73.594645994329596, 33.75123299835839 ], [ 73.559922503659109, 33.781329070910921 ], [ 73.592840795630167, 33.89379776877275 ], [ 73.54760974970894, 33.936933857084831 ], [ 73.516453627135206, 33.998826320188293 ], [ 73.490933411584848, 34.139668130209273 ], [ 73.498538902716419, 34.211216054113798 ], [ 73.472833662065312, 34.252302193988861 ], [ 73.48083596870228, 34.289420715316645 ], [ 73.456709281804436, 34.276454056303521 ], [ 73.429943029293128, 34.346297677659457 ], [ 73.407860692386251, 34.350280583986489 ], [ 73.396060031148608, 34.373082227167828 ], [ 73.427737532319981, 34.42603761687689 ], [ 73.421942290216322, 34.466051004759535 ], [ 73.450462860849342, 34.569944637933226 ], [ 73.532176932977919, 34.570984079752748 ], [ 73.556131499972423, 34.589836464733018 ], [ 73.611149843627757, 34.584821364120813 ], [ 73.650263617585694, 34.561964252708286 ], [ 73.653755165177472, 34.60052805134886 ], [ 73.695000294554944, 34.650052737999644 ], [ 73.659053747625151, 34.673097205247309 ], [ 73.729942180942317, 34.772221993277569 ], [ 73.772306834844258, 34.796108085690669 ], [ 73.821776014596679, 34.792098793275279 ], [ 73.837712339739383, 34.813155602023315 ], [ 73.919373641234927, 34.81164782487172 ], [ 73.930468142217606, 34.832389831685369 ], [ 73.960997544353603, 34.838559281677462 ], [ 73.967435589433492, 34.863826206197238 ], [ 74.029915700063171, 34.876281129356968 ], [ 74.03720021056732, 34.919227870718288 ], [ 74.071170448600654, 34.935481570239226 ], [ 74.059324834767892, 34.992675532271463 ], [ 74.109746957255183, 35.016074679319118 ], [ 74.066775625227748, 35.046819970932525 ], [ 74.10143039208404, 35.099141507751945 ], [ 74.215142940621547, 35.093715367004677 ], [ 74.265173092217751, 35.0408571922666 ], [ 74.305231203948424, 35.067627359034454 ], [ 74.381976349287484, 35.067819745302934 ], [ 74.438739207749848, 35.130067549110301 ], [ 74.499441475177107, 35.115586258073549 ], [ 74.539797322728944, 35.074976735288153 ], [ 74.530730348088568, 35.046176246841618 ], [ 74.585093494711643, 35.0181215691482 ], [ 74.570532085128718, 34.97563068105525 ], [ 74.577011238912704, 34.913919074247012 ], [ 74.604228655902375, 34.924799213288601 ], [ 74.662527473600463, 34.906771105097725 ], [ 74.684151965258152, 34.878801102303051 ], [ 74.711452071271424, 34.880917716175048 ], [ 74.750170216398473, 34.844985370276014 ], [ 74.798460987059485, 34.852068084726682 ], [ 74.872153427094403, 34.830187123692255 ], [ 74.918599350114306, 34.785110647190393 ], [ 75.016343774046362, 34.848251173878531 ], [ 75.06403469018484, 34.847110969262154 ], [ 75.064117814891361, 34.905237445167039 ], [ 75.071644276735796, 34.919204073209279 ], [ 75.101301774955346, 34.919098223267156 ], [ 75.141970326057546, 34.874950998810831 ], [ 75.144234329406871, 34.850283759997012 ], [ 75.223244594701143, 34.817523678245522 ], [ 75.256250875755953, 34.773886583720589 ], [ 75.25826644642018, 34.697574237969484 ], [ 75.232067825862202, 34.690815811638558 ], [ 75.206025264228629, 34.64378461627922 ], [ 75.241503614622246, 34.637779127222856 ], [ 75.253367306151787, 34.604125232675933 ], [ 75.344163980911759, 34.56303035110912 ], [ 75.365567720571548, 34.538099619284928 ], [ 75.342916962092204, 34.488686857307549 ], [ 75.353182980126036, 34.469091202671571 ], [ 75.327539088120631, 34.439768425791499 ], [ 75.372335518327617, 34.412598004882874 ], [ 75.366974946735468, 34.391030077689528 ], [ 75.38570816843044, 34.366139974281282 ], [ 75.37596171080412, 34.34226920500555 ], [ 75.403497763818336, 34.284687782191284 ], [ 75.474854825761355, 34.277591315078666 ], [ 75.495358500218856, 34.232399560301445 ], [ 75.579933999378156, 34.213971060024768 ], [ 75.593363399650713, 34.197694109686402 ], [ 75.648119463989161, 34.212002519949891 ], [ 75.68528726336119, 34.199557952222008 ], [ 75.667948002408352, 34.144289387849952 ], [ 75.718803232338516, 34.103250842944099 ], [ 75.742544370401262, 34.073259267758182 ], [ 75.737032723737897, 34.058907692193614 ], [ 75.768523794843404, 34.054918835214984 ], [ 75.817815698362693, 34.007869097367937 ], [ 75.843061450746006, 34.004776820086448 ], [ 75.819625211670456, 33.972208655923474 ], [ 75.830653027116327, 33.95874405696798 ], [ 75.908538259416773, 33.968884823852953 ], [ 75.965686876920003, 33.954453579206167 ], [ 75.977738062120736, 33.971740023038478 ], [ 76.02435758995918, 33.982124794992146 ], [ 76.049535011092061, 33.932711318670734 ], [ 76.032568222198776, 33.919659041046074 ], [ 76.122964116289666, 33.889049550081452 ], [ 76.155401423308092, 33.847245154655312 ], [ 76.161378583239923, 33.801850086280645 ], [ 76.184164195911379, 33.800583424956507 ], [ 76.212579563044827, 33.761176968108366 ], [ 76.265471130891981, 33.746378728909683 ], [ 76.266343288133328, 33.679031886165966 ], [ 76.284645228660381, 33.66185332920486 ], [ 76.229371820956558, 33.62982521812534 ], [ 76.24033716126938, 33.604845867269901 ], [ 76.205494687841238, 33.567714558711572 ], [ 76.2237607882834, 33.548934463180061 ], [ 76.309780303210758, 33.571462241089613 ], [ 76.306513918344933, 33.609557257140942 ], [ 76.359270700271892, 33.603259272739308 ], [ 76.38028281489197, 33.552527331670717 ], [ 76.415203050084401, 33.539082349029414 ], [ 76.450715556221724, 33.562493554373873 ], [ 76.458426290378739, 33.534579618280567 ], [ 76.502625943691328, 33.515529663685889 ], [ 76.549637166638078, 33.464053232751105 ], [ 76.568666005028419, 33.465253368347881 ], [ 76.58184676330842, 33.425785852270685 ], [ 76.628964760009822, 33.434895000359603 ], [ 76.659290917414467, 33.356696947349022 ], [ 76.691577686554254, 33.330081107325746 ], [ 76.717746251279465, 33.328973192664684 ], [ 76.737050939835669, 33.261095620774775 ], [ 76.779413414424752, 33.238115088212211 ], [ 76.746820143703275, 33.17841447698477 ], [ 76.644435550324516, 33.161869160637806 ], [ 76.612573568431458, 33.173379815738727 ], [ 76.597323227382432, 33.204984835110643 ], [ 76.561647168574623, 33.209538906194844 ], [ 76.47937894910342, 33.178745106048929 ], [ 76.404234634838318, 33.185859371770896 ], [ 76.285945964038973, 33.10238771624703 ], [ 76.290405442756153, 33.059845610634632 ], [ 76.271448042888778, 33.036189604748273 ], [ 76.107123614438322, 33.005830397354266 ], [ 76.083309770329706, 32.955638466280014 ], [ 75.9501091574421, 32.872832769665308 ], [ 75.919822250127197, 32.905159746005268 ], [ 75.837089577399624, 32.927772316678499 ], [ 75.796252812268847, 32.884255883373292 ], [ 75.878563091759943, 32.811661718091415 ], [ 75.885441407448823, 32.782878801977674 ], [ 75.921747499681175, 32.747173398282968 ], [ 75.886036877294472, 32.651156471269907 ], [ 75.932587531300072, 32.64713170601447 ], [ 75.930190044587775, 32.630987288045993 ], [ 75.878217758703485, 32.585984802713 ], [ 75.873509320888459, 32.550028187947952 ], [ 75.833764090574604, 32.503730545767027 ], [ 75.729793666190488, 32.453201528237145 ], [ 75.743720156412053, 32.432579404315369 ], [ 75.727407376079867, 32.431029232195264 ], [ 75.72275976229443, 32.405598845272308 ], [ 75.595311579600647, 32.377038955355552 ], [ 75.550325918380722, 32.348750007201467 ], [ 75.532242678099479, 32.277831456850357 ], [ 75.503930652257992, 32.291316291022532 ], [ 75.511531975206665, 32.308592411282426 ], [ 75.481915325179727, 32.3202923788646 ], [ 75.489104970894928, 32.345562772012826 ], [ 75.430740110853804, 32.315063770195472 ], [ 75.349276764809218, 32.345260794154257 ], [ 75.327771438267192, 32.326116686268634 ], [ 75.322670356722966, 32.343527759677855 ], [ 75.288302360851446, 32.354481047653657 ], [ 75.289748313387292, 32.36984226816967 ], [ 75.25812933925333, 32.371412403701626 ], [ 75.255943922321691, 32.38926534215377 ], [ 75.193954847894332, 32.400469011852913 ], [ 75.189765644398378, 32.425805865348977 ], [ 75.131420765584082, 32.40886425530055 ], [ 75.101353277167206, 32.477694539971957 ], [ 75.085538528218436, 32.468760272867861 ], [ 75.028022753088905, 32.497085801327472 ], [ 75.019301601985163, 32.466162166289621 ], [ 74.952661501970894, 32.44749575174216 ], [ 74.937935054802324, 32.471297262371337 ], [ 74.897456124581836, 32.468437999642568 ], [ 74.875861272836943, 32.491993933277229 ] ] ] } },
{ "type": "Feature", "properties": { "stname": "CHANDIGARH", "num_caaqms": 3, "num_manual": 5 }, "geometry": { "type": "Polygon", "coordinates": [ [ [ 76.837453587389561, 30.754149186297798 ], [ 76.848354514903278, 30.714463508292432 ], [ 76.804023392250528, 30.666362152371345 ], [ 76.739319079926844, 30.69285563336836 ], [ 76.731096912420725, 30.723557734626649 ], [ 76.705183371319862, 30.742919864345886 ], [ 76.710759228661402, 30.760976358740116 ], [ 76.771507979413059, 30.795208562106527 ], [ 76.783476863662401, 30.770567630264679 ], [ 76.813515172103891, 30.780167292096614 ], [ 76.815605522125637, 30.75270700472311 ], [ 76.837453587389561, 30.754149186297798 ] ] ] } },
{ "type": "Feature", "properties": { "stname": "DELHI", "num_caaqms": 39, "num_manual": 10 }, "geometry": { "type": "Polygon", "coordinates": [ [ [ 77.243297111089305, 28.478819956290018 ], [ 77.232915831119669, 28.458104727033128 ], [ 77.249523983805489, 28.424467837027304 ], [ 77.174483150071211, 28.404667591347575 ], [ 77.16229597520784, 28.428939373854156 ], [ 77.123629407751181, 28.445455659628319 ], [ 77.110777561324241, 28.471311989916593 ], [ 77.120732131652417, 28.495940199174843 ], [ 77.093447789275757, 28.513949696793755 ], [ 77.058949567332476, 28.512641718393009 ], [ 77.006653084852047, 28.541407168740726 ], [ 77.010221781557107, 28.514347324234695 ], [ 76.880737977801942, 28.505451723647163 ], [ 76.887126398148922, 28.52057298218876 ], [ 76.845357405433774, 28.550407339662794 ], [ 76.839533107322254, 28.582792343701744 ], [ 76.866066715937905, 28.58795701305295 ], [ 76.888333606330008, 28.631955727006261 ], [ 76.934569563423608, 28.618354410067408 ], [ 76.942994762760378, 28.627997455861198 ], [ 76.924964334434691, 28.650146274995748 ], [ 76.953799907406932, 28.667721799203399 ], [ 76.967743877047255, 28.699537803952989 ], [ 76.948336968296559, 28.713608590636344 ], [ 76.960060469641178, 28.732735878311924 ], [ 76.944490061551406, 28.754072741114097 ], [ 76.951013997250584, 28.81818314333314 ], [ 76.994814158976553, 28.839509461131986 ], [ 77.040232262886036, 28.832063140158407 ], [ 77.082659892282678, 28.883499628015027 ], [ 77.120930547939125, 28.858310833924715 ], [ 77.140476523082356, 28.861850058690088 ], [ 77.145546530104269, 28.837971899369293 ], [ 77.175404861078604, 28.858322344205956 ], [ 77.215874784790032, 28.854072192049443 ], [ 77.223682887340701, 28.823644737895805 ], [ 77.19992108622975, 28.796218765808099 ], [ 77.234147668410913, 28.783718369383461 ], [ 77.221868073972786, 28.777390784329683 ], [ 77.290767294094465, 28.722384377974681 ], [ 77.291516621093791, 28.706153177050716 ], [ 77.330716078160151, 28.712751671182552 ], [ 77.316280400377678, 28.64120142675706 ], [ 77.3425626891229, 28.62197339019961 ], [ 77.297094460118856, 28.565969541631585 ], [ 77.34543353678599, 28.513244169834504 ], [ 77.314100432626546, 28.483606564618459 ], [ 77.290265755688182, 28.496535276714411 ], [ 77.243297111089305, 28.478819956290018 ] ] ] } },
{ "type": "Feature", "properties": { "stname": "RAJASTHAN", "num_caaqms": 45, "num_manual": 39 }, "geometry": { "type": "MultiPolygon", "coordinates": [ [ [ [ 75.219401359370551, 24.875608293637654 ], [ 75.2506706481105, 24.880508416325132 ], [ 75.222636628391584, 24.844093586979199 ], [ 75.200732487592674, 24.867840600966723 ], [ 75.208473601874275, 24.894300437776391 ], [ 75.219401359370551, 24.875608293637654 ] ] ], [ [ [ 73.938007718566922, 23.367937742019038 ], [ 73.936811406051916, 23.340768414771716 ], [ 73.8919259330373, 23.334111788161646 ], [ 73.828930840713156, 23.446911586123356 ], [ 73.786277361379348, 23.430225283962955 ], [ 73.755730688233726, 23.454322668833012 ], [ 73.720106199011411, 23.41036521613626 ], [ 73.698137842144419, 23.456323393322233 ], [ 73.647455954724734, 23.436452169107291 ], [ 73.627209457153299, 23.448571338052368 ], [ 73.656364756704789, 23.50745751406815 ], [ 73.633067744820181, 23.528685902644817 ], [ 73.655655427193537, 23.621288518730669 ], [ 73.615160541096969, 23.652206157155661 ], [ 73.57265586319842, 23.653766271967474 ], [ 73.522681834747914, 23.607140183628101 ], [ 73.493765477180503, 23.632398296645992 ], [ 73.508723676217627, 23.644197309202074 ], [ 73.496635215424192, 23.649117010096312 ], [ 73.507164246698494, 23.703132658036605 ], [ 73.473518399297376, 23.705232622158928 ], [ 73.447731836858523, 23.752868907966533 ], [ 73.413356294240344, 23.779136974148624 ], [ 73.370151585291993, 23.765968274231756 ], [ 73.351843953937632, 23.791396263392809 ], [ 73.367912084390383, 23.814234418305553 ], [ 73.355723827955401, 23.859230882124717 ], [ 73.387460245134676, 23.91590622431972 ], [ 73.420476217214741, 23.926825161733486 ], [ 73.414957209755954, 23.985780506614184 ], [ 73.399219122135193, 23.990510182320236 ], [ 73.404631483400138, 24.041165519325222 ], [ 73.360540023180334, 24.081977680645544 ], [ 73.361427812904253, 24.104969226042115 ], [ 73.327300561037347, 24.109291918659871 ], [ 73.316289727343559, 24.052186495131014 ], [ 73.243051977674554, 24.002245649337368 ], [ 73.193141222061072, 24.040996061277344 ], [ 73.213225676131685, 24.078040510137882 ], [ 73.158920283096549, 24.098326188615911 ], [ 73.07664711839972, 24.179119926324642 ], [ 73.078453613368083, 24.219374047257393 ], [ 73.098712645132721, 24.226159145241603 ], [ 73.087870635423542, 24.234919079639873 ], [ 73.125447994699883, 24.273429706372543 ], [ 73.1354379658368, 24.308432401617146 ], [ 73.169220862912596, 24.300304946850844 ], [ 73.176348808740826, 24.337878745927622 ], [ 73.198565691717704, 24.331933314256101 ], [ 73.219262044023864, 24.36389544861947 ], [ 73.1991882475658, 24.376510358854659 ], [ 73.15257023788017, 24.353842772113886 ], [ 73.076502937898312, 24.396600704032888 ], [ 73.111957692244331, 24.4593629796328 ], [ 73.107762385594327, 24.487196472079283 ], [ 73.086592857390372, 24.49814393302816 ], [ 73.035228406661616, 24.463847150266794 ], [ 72.993302625590005, 24.479653210099713 ], [ 72.967963098074236, 24.450907309896788 ], [ 72.981214270797793, 24.434381351327126 ], [ 72.94930053336796, 24.398184337118217 ], [ 72.97755127614073, 24.374639387883587 ], [ 72.910726884051016, 24.337211931864854 ], [ 72.849760140925994, 24.37204138104558 ], [ 72.730860804379631, 24.364301029300968 ], [ 72.689145727649517, 24.411732281886607 ], [ 72.683357996359945, 24.463877205249634 ], [ 72.575942814033951, 24.478854709628123 ], [ 72.539886634011935, 24.519240760629891 ], [ 72.493192750820782, 24.45908386202191 ], [ 72.500423892413892, 24.417054611125909 ], [ 72.457243013075086, 24.41479872960447 ], [ 72.430217619960573, 24.480174401392404 ], [ 72.441080634077707, 24.515326068948909 ], [ 72.38857906801455, 24.507679928346189 ], [ 72.353729788051481, 24.563761949232063 ], [ 72.330934972139929, 24.569305007075371 ], [ 72.328991093323566, 24.55240837221724 ], [ 72.295435005585659, 24.546625794399077 ], [ 72.246395736172019, 24.585607133087262 ], [ 72.276343690265634, 24.607526910663793 ], [ 72.335585537789413, 24.59858430095904 ], [ 72.34801600158454, 24.62783770597779 ], [ 72.304985128321789, 24.617545762196158 ], [ 72.230367629258438, 24.64060954213576 ], [ 72.196571805425677, 24.614719426779985 ], [ 72.164809662293294, 24.621276723374113 ], [ 72.150257285270584, 24.643669450983506 ], [ 72.124570510388494, 24.638602584944742 ], [ 72.089816766255865, 24.658695079930837 ], [ 72.085198620805031, 24.706411088164845 ], [ 72.061329215896066, 24.712108770300489 ], [ 71.994082008361673, 24.695165478292772 ], [ 71.988296429435565, 24.657532524930811 ], [ 71.939873039590822, 24.633804579150407 ], [ 71.915442805670224, 24.649513040710108 ], [ 71.918611923652051, 24.672113623377982 ], [ 71.87175127182168, 24.681766648645237 ], [ 71.85216726111102, 24.609362613270232 ], [ 71.80589955036875, 24.626750871798833 ], [ 71.810385612930133, 24.656064280050295 ], [ 71.791528781255451, 24.677338600095112 ], [ 71.655366045583705, 24.639188869856198 ], [ 71.607599512857831, 24.676553632306611 ], [ 71.479832345593181, 24.679655667919473 ], [ 71.378293306746983, 24.626188784286093 ], [ 71.358638933695076, 24.630751728895032 ], [ 71.348168523781254, 24.660935404720696 ], [ 71.287823359137334, 24.616229047713443 ], [ 71.107177236372138, 24.679707287376019 ], [ 71.065299095654993, 24.71746093735236 ], [ 71.026480143383452, 24.80884939334533 ], [ 70.937627759766542, 24.938558418915218 ], [ 70.888670578403591, 25.148173493255054 ], [ 70.751580966411524, 25.277815450083413 ], [ 70.736795340927017, 25.332557286358274 ], [ 70.664813860928319, 25.396882652903042 ], [ 70.678453295399137, 25.525196237680589 ], [ 70.667136073311426, 25.531338643180508 ], [ 70.673933669982091, 25.675841859103212 ], [ 70.660074251572937, 25.702152567034837 ], [ 70.608851755320316, 25.714973220675432 ], [ 70.530154862821348, 25.683480351377668 ], [ 70.387002158057413, 25.673831537047423 ], [ 70.268652013746518, 25.713600200819208 ], [ 70.247241350770821, 25.761605257403229 ], [ 70.174454814987541, 25.828365831814939 ], [ 70.099763228269452, 25.938263047253987 ], [ 70.083387220016007, 26.083288984623934 ], [ 70.143424108905577, 26.152747291362889 ], [ 70.175047297934881, 26.251528463246931 ], [ 70.163509411884135, 26.294930852809998 ], [ 70.185362727800907, 26.374334460130999 ], [ 70.174176378572, 26.551443370213544 ], [ 70.117196418865021, 26.586880574984036 ], [ 70.056233293255644, 26.600568523220144 ], [ 69.886766902729022, 26.578870097980317 ], [ 69.791895930676063, 26.598311312609912 ], [ 69.722492714357472, 26.653310647609334 ], [ 69.510309727068545, 26.74350376567466 ], [ 69.484425669573596, 26.804835288605307 ], [ 69.51331289028478, 27.009983515371935 ], [ 69.586415889966233, 27.182646592328926 ], [ 69.862484679726236, 27.401807499120192 ], [ 69.933890909159686, 27.49783075976476 ], [ 70.025899699597119, 27.562919935347068 ], [ 70.132396196441633, 27.805955562920264 ], [ 70.227011574440084, 27.901370580287281 ], [ 70.296184936131965, 27.936015539924281 ], [ 70.372192349027088, 28.011832144615017 ], [ 70.505820639041701, 28.037038001625778 ], [ 70.58946000833501, 28.01043969568688 ], [ 70.677399182600354, 27.921846194017274 ], [ 70.684371928293572, 27.828185801339959 ], [ 70.739767924592655, 27.741921845626251 ], [ 70.759316072760527, 27.721265819952475 ], [ 70.871839430626594, 27.705597885254726 ], [ 70.963199269119627, 27.729377535714715 ], [ 71.205535365950112, 27.835417479038639 ], [ 71.38306322615837, 27.872630068302808 ], [ 71.666433383308814, 27.877756409771969 ], [ 71.889973978245706, 27.954807037323061 ], [ 71.92715887525253, 28.121261329063131 ], [ 72.004290317723331, 28.218656613282597 ], [ 72.132243521591747, 28.313098394334055 ], [ 72.20613068314259, 28.394268820679613 ], [ 72.299237599336166, 28.669754062740097 ], [ 72.390702636837148, 28.770357250171518 ], [ 72.73308527017835, 28.948087888955936 ], [ 72.945840499574615, 29.027947567175417 ], [ 73.004357590818771, 29.152954134332667 ], [ 73.084428525715083, 29.236265625233187 ], [ 73.282097229040914, 29.572031894630651 ], [ 73.396925235429634, 29.945997697671874 ], [ 73.597001880061114, 30.018977276784035 ], [ 73.806560414992987, 30.068029040629391 ], [ 73.972560712589711, 30.19814808900016 ], [ 73.975648448596658, 30.120990875167717 ], [ 73.904053201949353, 30.050122320967404 ], [ 73.886534686673158, 30.012494089251749 ], [ 73.895391721438358, 29.974003460225035 ], [ 74.527159094778227, 29.942939440330772 ], [ 74.509864170176272, 29.908320642111239 ], [ 74.543713848010285, 29.901715065213352 ], [ 74.561056183896326, 29.869776083043764 ], [ 74.544189361324456, 29.844394723117066 ], [ 74.484640504670878, 29.814893369812495 ], [ 74.473342916161982, 29.770070066325406 ], [ 74.477866802288418, 29.746807313368311 ], [ 74.500000020671294, 29.743207566300487 ], [ 74.578656500660585, 29.748179834186374 ], [ 74.587488237969083, 29.766907634711405 ], [ 74.615826546719148, 29.752392596794497 ], [ 74.574979100619672, 29.565182647258247 ], [ 74.621893935234738, 29.522247527004208 ], [ 74.58466471984336, 29.458490836085087 ], [ 74.543218016601003, 29.467750297933303 ], [ 74.534656391020377, 29.447716292233565 ], [ 74.53662283910991, 29.424546368949748 ], [ 74.566170104162595, 29.420643165972983 ], [ 74.602910795939522, 29.364909025244724 ], [ 74.599286367754274, 29.327456369976826 ], [ 74.654509050288965, 29.332940238765428 ], [ 74.658225881879304, 29.371966653135267 ], [ 74.762203045424641, 29.354376369985548 ], [ 74.850581157199073, 29.403593998912253 ], [ 74.938470306981216, 29.361799004822121 ], [ 74.960895255049252, 29.320254025955229 ], [ 74.948412194894232, 29.301472134095484 ], [ 74.9585004929272, 29.282752097134779 ], [ 74.999228555620363, 29.270306240030482 ], [ 75.050000770438487, 29.286076003311837 ], [ 75.075321231212371, 29.229779489356332 ], [ 75.119610696290437, 29.222865157751933 ], [ 75.124389949197621, 29.239869630325536 ], [ 75.162832571145543, 29.24401623794769 ], [ 75.188006400813933, 29.268190803000635 ], [ 75.210142583637264, 29.234649366788588 ], [ 75.238394488830039, 29.230238110906857 ], [ 75.245185666139704, 29.25018148818021 ], [ 75.283887125958657, 29.249850801954821 ], [ 75.287784660854882, 29.273545747180787 ], [ 75.322047690382064, 29.289491923013642 ], [ 75.340642266096083, 29.280770639972552 ], [ 75.328122306742429, 29.235313717992515 ], [ 75.34984180242796, 29.223773632363031 ], [ 75.378022916783095, 29.256833343684576 ], [ 75.410698427370505, 29.255475102323171 ], [ 75.396823384563589, 29.217536737376214 ], [ 75.414380709755008, 29.184314529696856 ], [ 75.406773987931501, 29.169747956723199 ], [ 75.381252130260776, 29.168952063157594 ], [ 75.371500233335411, 29.138102677276521 ], [ 75.402163293107577, 29.127900912364524 ], [ 75.391256990075206, 29.062731320761316 ], [ 75.441819160813608, 29.057538070684352 ], [ 75.445596521786101, 29.008527995193706 ], [ 75.520592431671304, 29.004364584841532 ], [ 75.527261912412811, 28.970453748025587 ], [ 75.511564162741593, 28.942061502905119 ], [ 75.473396183623805, 28.923379820121109 ], [ 75.496540270806037, 28.896313512233085 ], [ 75.498468069778809, 28.848956228155085 ], [ 75.520401460621684, 28.833103546916902 ], [ 75.503543758644923, 28.781813958695423 ], [ 75.535389000432644, 28.746173622034576 ], [ 75.541210351171685, 28.660488057124383 ], [ 75.561518792971881, 28.613214592222043 ], [ 75.621708684717277, 28.602067786170682 ], [ 75.633476622125755, 28.54443793068987 ], [ 75.665799111874506, 28.53599087420455 ], [ 75.700897086830707, 28.492574486358762 ], [ 75.739473131954483, 28.484761002661571 ], [ 75.735669647075227, 28.468841261681494 ], [ 75.7882944997246, 28.453549384937443 ], [ 75.766557798606428, 28.413452478625594 ], [ 75.776794401306304, 28.400372793646721 ], [ 75.818669503921143, 28.409913273168872 ], [ 75.918254504005134, 28.371641788797398 ], [ 75.957794154866207, 28.313919856967832 ], [ 75.972364299666935, 28.318603950351982 ], [ 75.985935384022724, 28.293462460141019 ], [ 76.026319511438018, 28.27503196078181 ], [ 76.016109144934376, 28.23695181286341 ], [ 76.055926817189359, 28.22018859288125 ], [ 76.047336374552714, 28.198142411776754 ], [ 76.071915786302654, 28.194335174331361 ], [ 76.095453344562472, 28.150862020064391 ], [ 76.073006446160463, 28.137619524983098 ], [ 76.070130746696535, 28.165296742642663 ], [ 76.031785353903402, 28.16785984062831 ], [ 76.00748991937769, 28.153148559851878 ], [ 75.998994372971055, 28.122771372657905 ], [ 75.945931853030402, 28.107660670906576 ], [ 75.938603318789134, 28.08794209931315 ], [ 75.983433527447445, 28.081350461151462 ], [ 75.984410401301474, 28.047085182307903 ], [ 76.023242512993647, 28.085985191980249 ], [ 76.040797187256658, 28.074057619741328 ], [ 76.025359530402909, 28.054241136214237 ], [ 76.008532496011625, 28.058822808993593 ], [ 76.016392158266328, 28.030509201799873 ], [ 75.995726850838039, 28.038600668860518 ], [ 75.97273427800323, 28.023637573761775 ], [ 75.995389138190134, 28.006495082205642 ], [ 75.989928581411903, 27.994712184100322 ], [ 75.966718187781922, 28.000028785940732 ], [ 75.966234373136217, 27.982980035218834 ], [ 75.999935220788913, 27.977578491614906 ], [ 75.972715096276985, 27.932666440227152 ], [ 75.951678948129768, 27.947726816229419 ], [ 75.932381209838894, 27.929947699354052 ], [ 75.939189111982543, 27.91372568762613 ], [ 75.986747106205044, 27.903051273895741 ], [ 75.971373089599311, 27.851966257292215 ], [ 76.004642197943298, 27.834445662801798 ], [ 76.048549301408897, 27.835087185193967 ], [ 76.1046490873089, 27.856518860328585 ], [ 76.178669223776325, 27.797391393270665 ], [ 76.199217591215842, 27.821162990868899 ], [ 76.217707026312354, 27.817214543932636 ], [ 76.225178929876336, 27.833256513027603 ], [ 76.193805836313743, 27.859511695700341 ], [ 76.201249691779594, 27.892811987314669 ], [ 76.168206897801753, 27.903380116628217 ], [ 76.186640732572116, 27.965478475699939 ], [ 76.158308750656559, 27.991410246387513 ], [ 76.176889753724936, 28.021549429092659 ], [ 76.214802626573388, 28.026582664166884 ], [ 76.177944862755396, 28.045598187863046 ], [ 76.189496331333245, 28.056454604088358 ], [ 76.238042640353228, 28.049715574367621 ], [ 76.260962084934022, 28.067528756847214 ], [ 76.293555964713264, 28.049201821101583 ], [ 76.298977536404777, 28.022706752628558 ], [ 76.318954267201448, 28.015530767877166 ], [ 76.342363396020062, 28.030575723948271 ], [ 76.355669684877881, 28.070732447653342 ], [ 76.301441764349477, 28.097869328879483 ], [ 76.336594441316564, 28.10260780508538 ], [ 76.359861188060975, 28.124918692172653 ], [ 76.297582924384074, 28.149115291673802 ], [ 76.303810086357799, 28.158515125271411 ], [ 76.280802602387553, 28.16542463223356 ], [ 76.292265916591631, 28.179216354351901 ], [ 76.3452508328715, 28.169398697697467 ], [ 76.380729646795785, 28.133402420832187 ], [ 76.475735593415138, 28.148583185804149 ], [ 76.47204815290425, 28.135077650044721 ], [ 76.502676240364096, 28.118711158290939 ], [ 76.499047232567506, 28.100198432966746 ], [ 76.463694896943679, 28.109158736957838 ], [ 76.447840911379927, 28.088959813214796 ], [ 76.501243747286182, 28.059687277305013 ], [ 76.46253960869106, 28.059105595125349 ], [ 76.454674348135498, 28.042326460841938 ], [ 76.543819929284723, 28.034206124905499 ], [ 76.535952542416908, 27.979515113267851 ], [ 76.548135691031163, 27.963843681616119 ], [ 76.58988532056037, 27.997857361163398 ], [ 76.66815758122118, 28.013829227093424 ], [ 76.654390971357287, 28.034682111351067 ], [ 76.657158521745842, 28.089170709311958 ], [ 76.6873568632586, 28.08765323913142 ], [ 76.716048391375011, 28.127841450208219 ], [ 76.743558772335035, 28.121030118788777 ], [ 76.762447752018815, 28.14263914430218 ], [ 76.794810845618372, 28.148382625036593 ], [ 76.808399236018133, 28.210863812725947 ], [ 76.874901559620639, 28.217769125212314 ], [ 76.87099520416659, 28.206589039214748 ], [ 76.906766652379503, 28.200309466148305 ], [ 76.891624346319816, 28.190291623391957 ], [ 76.906539157627066, 28.171885567683365 ], [ 76.970548750639267, 28.13842802593372 ], [ 76.930609757311856, 27.993347865766008 ], [ 76.931538072733218, 27.92234852936496 ], [ 76.951619851620904, 27.918025308965923 ], [ 76.950593459933444, 27.895800244256691 ], [ 76.93765904485717, 27.896221805702616 ], [ 76.94231799627984, 27.842617835306573 ], [ 76.935701387680993, 27.828809807987408 ], [ 76.91358440544856, 27.831701025676637 ], [ 76.919003752911436, 27.804140270119365 ], [ 76.892681673290696, 27.733457411997563 ], [ 76.924726209917509, 27.69992143189252 ], [ 76.889876014571158, 27.7007490622244 ], [ 76.910828178324138, 27.654673874677105 ], [ 76.933357277066222, 27.656030988613018 ], [ 76.943770160665835, 27.673722759102013 ], [ 76.979372933116196, 27.653598979242393 ], [ 76.999999913024524, 27.736767629109689 ], [ 77.036473231138615, 27.748611162989491 ], [ 77.059633403554315, 27.726483824991782 ], [ 77.085661007340065, 27.738088984668881 ], [ 77.076353319237882, 27.766315913196227 ], [ 77.026576642570433, 27.779239155296125 ], [ 77.044798833361497, 27.820982162802711 ], [ 77.135219201153987, 27.775086133770603 ], [ 77.15855274033467, 27.787345984308114 ], [ 77.159967675840363, 27.816650935309465 ], [ 77.189502639363596, 27.808392285962643 ], [ 77.169096728558443, 27.79089838014416 ], [ 77.177023956698946, 27.785467620956883 ], [ 77.198569071421502, 27.798822232879488 ], [ 77.202072573793103, 27.823758055667518 ], [ 77.236699878252821, 27.784516102196015 ], [ 77.268757082921738, 27.814937698250709 ], [ 77.303609115322843, 27.79338972072755 ], [ 77.319451528789116, 27.736669228170133 ], [ 77.30442257484691, 27.709857952980808 ], [ 77.341230165061347, 27.703204202761331 ], [ 77.352583009841666, 27.651237428328674 ], [ 77.317059336747064, 27.606751580242854 ], [ 77.358218056279, 27.588960774148596 ], [ 77.337272838299796, 27.569761068126589 ], [ 77.349163773036992, 27.543152373302032 ], [ 77.339992996268919, 27.526619628899354 ], [ 77.387390952928627, 27.512892754636599 ], [ 77.400514821800016, 27.478306113972597 ], [ 77.437813994392442, 27.456318362990309 ], [ 77.421102033290722, 27.422017974165882 ], [ 77.439529401987642, 27.390715735755581 ], [ 77.507188352332534, 27.377090044892075 ], [ 77.578783394163978, 27.322663907715739 ], [ 77.622709549100108, 27.336185602303416 ], [ 77.621898356025525, 27.313048311246611 ], [ 77.598667353246299, 27.297204238850693 ], [ 77.616828816127551, 27.286449976088235 ], [ 77.616429459288184, 27.257802410679563 ], [ 77.652821169950286, 27.234842652156409 ], [ 77.646714306766157, 27.210218337329536 ], [ 77.681130447845305, 27.194403790258075 ], [ 77.658402533066251, 27.170105943177521 ], [ 77.619956812828917, 27.17355035693166 ], [ 77.597845054299825, 27.117999837305721 ], [ 77.517741126978081, 27.102459551947984 ], [ 77.505443167382268, 27.092297869889535 ], [ 77.526358903552193, 27.084619201161001 ], [ 77.519345919622438, 27.066619534158445 ], [ 77.571689834048186, 27.071868278681908 ], [ 77.563207826151171, 27.029370679154095 ], [ 77.579191581442544, 27.038206935679739 ], [ 77.629585173436411, 27.010319097994813 ], [ 77.641938307556956, 27.025599616387478 ], [ 77.665583475004638, 27.017252050294516 ], [ 77.679766508799986, 27.047083461122202 ], [ 77.711363529905029, 26.997414706031694 ], [ 77.730059122071069, 26.993888298381069 ], [ 77.737686675826012, 27.029751049095328 ], [ 77.758790205704372, 27.018009549813559 ], [ 77.762242569681803, 27.000959180148982 ], [ 77.743474327165487, 26.983166146961143 ], [ 77.722400320418956, 26.987846487811311 ], [ 77.670981056288213, 26.960634327362282 ], [ 77.660883024110802, 26.971218364118343 ], [ 77.583196830629589, 26.924160951323348 ], [ 77.490256384834552, 26.900491434336764 ], [ 77.427283772850416, 26.864086717973638 ], [ 77.429683436180653, 26.847078454895254 ], [ 77.397871970149268, 26.830367749713734 ], [ 77.429087654619622, 26.801570008397693 ], [ 77.43268565526752, 26.767837956751762 ], [ 77.466908207606309, 26.773734004137413 ], [ 77.454577361586274, 26.741946974925209 ], [ 77.502769548433108, 26.769311445891592 ], [ 77.487466058560273, 26.788154072874132 ], [ 77.501172353739392, 26.844454231064791 ], [ 77.517683570121193, 26.844229275320622 ], [ 77.525686210931454, 26.818871625608516 ], [ 77.608370484228132, 26.839120755616403 ], [ 77.612794641188344, 26.829541483725702 ], [ 77.686651265409409, 26.875249472373856 ], [ 77.722610005172569, 26.874318263608057 ], [ 77.724918252346271, 26.910381778215534 ], [ 77.760599026411015, 26.932621403262871 ], [ 77.850497119087208, 26.912724985091547 ], [ 77.89648912968228, 26.883997608079561 ], [ 77.908901879598346, 26.890617833398519 ], [ 77.906360128841257, 26.917778842672707 ], [ 77.948405295115791, 26.893577663386434 ], [ 78.014586366799648, 26.902911197243245 ], [ 78.035588184929964, 26.869903437160986 ], [ 78.025699293127161, 26.849628402375117 ], [ 78.055908586001536, 26.86831944517359 ], [ 78.048806620349637, 26.910132686015345 ], [ 78.111197521983343, 26.895877079932351 ], [ 78.101759880897205, 26.917828521613796 ], [ 78.121817051336009, 26.922578762069165 ], [ 78.111830077877187, 26.940276891946535 ], [ 78.124510389204005, 26.949284904714435 ], [ 78.208807345946511, 26.931338015677873 ], [ 78.224203017340514, 26.94646150089228 ], [ 78.238620402728856, 26.926644602140502 ], [ 78.254958884759603, 26.935310006274211 ], [ 78.272257343333919, 26.919185410987765 ], [ 78.232644657643618, 26.874275866150981 ], [ 78.196496786580568, 26.880916357271609 ], [ 78.222279997405053, 26.831322411148278 ], [ 78.168722521014217, 26.820394937068702 ], [ 78.184001565033213, 26.783821202132298 ], [ 78.105961333820389, 26.788882858237283 ], [ 78.103454062200555, 26.763321943698223 ], [ 78.123527026818678, 26.746882236911478 ], [ 78.095930109350689, 26.72780171433763 ], [ 78.092673650868733, 26.676255430154519 ], [ 78.001450085906001, 26.694773350859098 ], [ 77.953176346404447, 26.658938750894972 ], [ 77.904259414956073, 26.659063514399381 ], [ 77.89593503444199, 26.61609427581752 ], [ 77.82732613275212, 26.596046983963216 ], [ 77.823908591068374, 26.550650401628324 ], [ 77.746532561600219, 26.539008328689004 ], [ 77.727011258686275, 26.502316802948908 ], [ 77.673716482922202, 26.502834284768841 ], [ 77.538380808166224, 26.411296540800841 ], [ 77.436682789972593, 26.402800963892606 ], [ 77.443265920157401, 26.361117822667467 ], [ 77.366850337051702, 26.363454145897649 ], [ 77.328466135241655, 26.342026793699596 ], [ 77.271054728178456, 26.26758047130059 ], [ 77.210775490893198, 26.23270987710319 ], [ 77.134718343670698, 26.232947732042643 ], [ 77.09871822570895, 26.184435003109545 ], [ 77.02913608295205, 26.171193665698642 ], [ 76.99761369837239, 26.129066691663546 ], [ 76.899775438222363, 26.092504907169008 ], [ 76.883703150366472, 26.046865852778087 ], [ 76.806779752325582, 25.989808109949031 ], [ 76.789027577159146, 25.941092521212564 ], [ 76.749996992586432, 25.940930813106085 ], [ 76.756615200186474, 25.921010901965488 ], [ 76.716331976035491, 25.901159271766396 ], [ 76.64026441194892, 25.907609917891442 ], [ 76.623222372980891, 25.870553305396736 ], [ 76.582052755087901, 25.870421264194 ], [ 76.521011397895421, 25.79359949092694 ], [ 76.523767241439202, 25.729831791866843 ], [ 76.474266485006225, 25.711422209390804 ], [ 76.479451078430856, 25.684203413293613 ], [ 76.503838343236453, 25.673201388099645 ], [ 76.50375872824776, 25.579772143934271 ], [ 76.517219139262252, 25.525747023052308 ], [ 76.555464004286875, 25.482565116637041 ], [ 76.555189529441705, 25.453492036354884 ], [ 76.586272813018951, 25.433558913083388 ], [ 76.598465534080901, 25.392329669020654 ], [ 76.622787487772044, 25.376782858324393 ], [ 76.639762998408472, 25.383532859394599 ], [ 76.669497190295374, 25.349103370186189 ], [ 76.700282462268675, 25.351626530057548 ], [ 76.728870396666522, 25.328818163136081 ], [ 76.776424741034049, 25.315735186943062 ], [ 76.857284767754024, 25.332784630603339 ], [ 76.901538950601037, 25.323634739788147 ], [ 76.929408256127772, 25.303186360095971 ], [ 76.923274205431568, 25.285455298126859 ], [ 76.942246260414493, 25.2821599177393 ], [ 76.973738475973661, 25.300405867756282 ], [ 77.031690395750076, 25.294387369393295 ], [ 77.045897342698268, 25.321439036289853 ], [ 77.070050940427095, 25.318492856285641 ], [ 77.083673388654219, 25.336557702932659 ], [ 77.209417570560277, 25.306305135620747 ], [ 77.205713333350246, 25.326561778279942 ], [ 77.223368661145869, 25.318790918630743 ], [ 77.233946929080886, 25.333772557057632 ], [ 77.233604767975706, 25.378110320618863 ], [ 77.293803404820395, 25.424295004907947 ], [ 77.315458840744682, 25.431469269151286 ], [ 77.370968966203989, 25.408493189018778 ], [ 77.350501091407182, 25.384068842382785 ], [ 77.366685038954586, 25.36031076198082 ], [ 77.34212153816496, 25.32177073520154 ], [ 77.36761676078747, 25.328588295990425 ], [ 77.377852417561328, 25.315719670372644 ], [ 77.373951386421979, 25.274521234178739 ], [ 77.354174691574485, 25.273601653975547 ], [ 77.355893420241259, 25.262368539284882 ], [ 77.411696462958545, 25.224010531690858 ], [ 77.426615973353037, 25.188074275308665 ], [ 77.400143311836175, 25.183880633931821 ], [ 77.393001107947754, 25.159229519003375 ], [ 77.390581969142133, 25.123386295237601 ], [ 77.40661691492997, 25.111686448242953 ], [ 77.394376009134504, 25.119922270741295 ], [ 77.31098334955756, 25.079925202776444 ], [ 77.270010847190761, 25.116093996273602 ], [ 77.174424780239008, 25.111808970284834 ], [ 77.167124263553106, 25.08460979901481 ], [ 77.1482659667262, 25.095079999914407 ], [ 77.08482889879069, 25.054239462773467 ], [ 76.998855192552924, 25.074799286123437 ], [ 76.968205047859598, 25.051100898394274 ], [ 76.876158699758449, 25.041400296727669 ], [ 76.875363073589398, 25.007970874937996 ], [ 76.857734192195721, 25.002098316858572 ], [ 76.862457010241826, 24.960452124322138 ], [ 76.89048788585724, 24.919689153066987 ], [ 76.920415505686094, 24.916774205389501 ], [ 76.913154910131439, 24.887771367245922 ], [ 76.948563252119982, 24.869071534859092 ], [ 76.897886167093816, 24.838225622898339 ], [ 76.825080087563222, 24.835548342803719 ], [ 76.800368498600719, 24.823402470299843 ], [ 76.801996777698179, 24.810133730179366 ], [ 76.847519909037445, 24.769271456373204 ], [ 76.856129839725853, 24.742486390657284 ], [ 76.890928945187028, 24.746786577117373 ], [ 76.907493605938342, 24.731594410262094 ], [ 76.95469153383543, 24.760218874650409 ], [ 77.001663389911457, 24.716039283130179 ], [ 77.031666329883606, 24.711316024211019 ], [ 77.064985848088099, 24.643844296011096 ], [ 77.071331216675091, 24.572763261620107 ], [ 77.054709586565096, 24.52627657538773 ], [ 77.03689410712056, 24.527899522210046 ], [ 77.028972803369399, 24.496079630822408 ], [ 76.977609549196615, 24.461383798819391 ], [ 76.918420404033924, 24.480691129932211 ], [ 76.917896512848444, 24.543475083903235 ], [ 76.901866053247105, 24.545850773219676 ], [ 76.884307567432373, 24.521450767028735 ], [ 76.863591371341599, 24.548500302221747 ], [ 76.81638907224233, 24.533583303810342 ], [ 76.852829017045266, 24.466721230102955 ], [ 76.837507257236226, 24.407364105181902 ], [ 76.851385185431837, 24.370524922103087 ], [ 76.831884932739953, 24.357968116239189 ], [ 76.841054159015854, 24.322414536703416 ], [ 76.862614978086214, 24.273319403108193 ], [ 76.947397356560501, 24.201310549112865 ], [ 76.935767654602884, 24.18372659300714 ], [ 76.916292818843644, 24.187855050379973 ], [ 76.900600150941997, 24.127432388942065 ], [ 76.85458873494018, 24.135825460640771 ], [ 76.80246153638177, 24.116604783921535 ], [ 76.757920499006673, 24.168256719219706 ], [ 76.698312614055766, 24.168467276144042 ], [ 76.67588520640048, 24.190846692592444 ], [ 76.702730363333075, 24.243199331638227 ], [ 76.692941059660953, 24.286418650625372 ], [ 76.665131636729342, 24.261934338705707 ], [ 76.617645809563498, 24.258829526987626 ], [ 76.611198535192358, 24.238652050813936 ], [ 76.583544846893375, 24.242865760260692 ], [ 76.595231820941919, 24.223320838197726 ], [ 76.564273468766217, 24.190945212654462 ], [ 76.57772749455566, 24.179174349678831 ], [ 76.526586164682215, 24.156629850849015 ], [ 76.504534984942666, 24.203086999333497 ], [ 76.470509895778051, 24.226150428918903 ], [ 76.452266281964071, 24.209363532786352 ], [ 76.416216427878325, 24.22063441711482 ], [ 76.411682582130325, 24.200506199203812 ], [ 76.35720967395595, 24.239744833804583 ], [ 76.322914458690477, 24.245544860619937 ], [ 76.287360389301597, 24.229860479378928 ], [ 76.281364416851076, 24.207056087259314 ], [ 76.24213025966192, 24.218781867202683 ], [ 76.212554846798128, 24.209939898923103 ], [ 76.194589850859401, 24.27319285030924 ], [ 76.204727199601848, 24.300904579190497 ], [ 76.185515748087283, 24.329276457008049 ], [ 76.163392712108134, 24.285838490145533 ], [ 76.136716718723321, 24.270805462268452 ], [ 76.148426252163645, 24.232025081146546 ], [ 76.117546086655295, 24.19465483298001 ], [ 76.126792338076896, 24.088730458315887 ], [ 76.036685191264425, 24.062798179188682 ], [ 75.997019455564981, 24.017688414896259 ], [ 75.963455180581562, 24.018706918855724 ], [ 75.984401260045146, 23.975214067329802 ], [ 75.981763879134519, 23.929351201708009 ], [ 75.937514930770661, 23.896689397098424 ], [ 75.887376164771752, 23.879167295648084 ], [ 75.853024711376236, 23.887481061596013 ], [ 75.781249452227428, 23.84872712261571 ], [ 75.764353622156747, 23.852105816859869 ], [ 75.752700845174417, 23.887345209754237 ], [ 75.706087163571809, 23.899095456242794 ], [ 75.701574017702939, 23.87283309184 ], [ 75.736405899993883, 23.856245823035383 ], [ 75.718952658102864, 23.84066681983202 ], [ 75.721217281289739, 23.811595754674933 ], [ 75.690089399951901, 23.812885237368082 ], [ 75.701636061644678, 23.783045390186825 ], [ 75.686718709901797, 23.755939340357767 ], [ 75.653928417078973, 23.798293343396196 ], [ 75.583447740747374, 23.794823048034502 ], [ 75.589012107738142, 23.809781808953023 ], [ 75.559895315369602, 23.816790854128822 ], [ 75.579482487251738, 23.836927998236188 ], [ 75.563222894370895, 23.857577111302394 ], [ 75.462056403941006, 23.914762644593463 ], [ 75.474680148354352, 23.982840066189574 ], [ 75.52150399530926, 24.024941519947298 ], [ 75.59566359073294, 23.990000370390678 ], [ 75.67433848888048, 24.017675999319938 ], [ 75.701731681018444, 23.966592785358397 ], [ 75.717518087221677, 23.966858494077954 ], [ 75.741130263142267, 23.976938694618422 ], [ 75.742247947917065, 23.992729902029286 ], [ 75.765339809743651, 23.992675109743537 ], [ 75.782919252355654, 24.043394196968435 ], [ 75.836723392648764, 24.05706342691342 ], [ 75.835696515871078, 24.092115986186212 ], [ 75.792859690387814, 24.091847402033551 ], [ 75.750959213061137, 24.143326996280113 ], [ 75.777444507585855, 24.209982512739995 ], [ 75.83023174868913, 24.233759068192438 ], [ 75.814427616928697, 24.244361510342198 ], [ 75.810521251593187, 24.296244987406492 ], [ 75.766465532643622, 24.298018008887617 ], [ 75.739838139912308, 24.33214787470876 ], [ 75.727751019405289, 24.390515649232515 ], [ 75.753070680678576, 24.4050000591131 ], [ 75.747600114871446, 24.424183431315498 ], [ 75.789403590317121, 24.471531102651209 ], [ 75.813473288093363, 24.462024616996647 ], [ 75.809860843433967, 24.434042903966422 ], [ 75.83879020860671, 24.414179316173044 ], [ 75.909059699998167, 24.455009272718968 ], [ 75.911639023690327, 24.491912347649862 ], [ 75.887855092582356, 24.508070491743236 ], [ 75.920550119069304, 24.521660318222587 ], [ 75.903738589599826, 24.548407655886148 ], [ 75.91441657232798, 24.572238934192324 ], [ 75.878366112777712, 24.583385346785253 ], [ 75.863023678242399, 24.610033938625804 ], [ 75.832528006048719, 24.595593676285464 ], [ 75.824700840349408, 24.614493388696172 ], [ 75.848080177439925, 24.64915038865918 ], [ 75.847763786305279, 24.663019072283955 ], [ 75.824939959301631, 24.667453854628107 ], [ 75.83320330198714, 24.732303789194123 ], [ 75.802566272696964, 24.756262608664787 ], [ 75.757204171558911, 24.761583123131128 ], [ 75.68342069355819, 24.725118607988772 ], [ 75.645962067307849, 24.684915681804615 ], [ 75.610786182365374, 24.680407401948688 ], [ 75.582972139398294, 24.713264919716831 ], [ 75.533434499038066, 24.712049385698641 ], [ 75.455189972065014, 24.680440283964629 ], [ 75.265949209734174, 24.71731822568713 ], [ 75.228383074907299, 24.717619569235641 ], [ 75.219443244218994, 24.702554937324262 ], [ 75.184464550261168, 24.74844083937267 ], [ 75.215200412198868, 24.802118146971932 ], [ 75.252320273874091, 24.813105403266672 ], [ 75.225060415978803, 24.843511958640651 ], [ 75.272937022869669, 24.842836170077845 ], [ 75.311595315944231, 24.80117632462516 ], [ 75.425755132068431, 24.869066552668958 ], [ 75.418918319444032, 24.886281089905825 ], [ 75.373631662416784, 24.867743062156141 ], [ 75.326639385837737, 24.874874874125574 ], [ 75.308050426390849, 24.856043784210929 ], [ 75.263434292552944, 24.874855322004116 ], [ 75.267308470353527, 24.899435757847311 ], [ 75.294067341408109, 24.907545051600977 ], [ 75.266617248183437, 24.948647544338378 ], [ 75.273892349733273, 24.964041390043214 ], [ 75.285306707551001, 24.96478308701175 ], [ 75.318447257096352, 24.894155995906917 ], [ 75.336912791616456, 24.955395834047231 ], [ 75.311766075798289, 24.995372352260112 ], [ 75.350351536164581, 25.017534248346504 ], [ 75.331689091832558, 25.041572332004517 ], [ 75.225119480208733, 25.03409571902678 ], [ 75.167081031110897, 25.048414191665994 ], [ 75.151360296246523, 25.02618307925944 ], [ 75.168569473061368, 25.005930520085901 ], [ 75.113561152807989, 24.966810290312463 ], [ 75.116548598201689, 24.877710986962242 ], [ 75.076534360189484, 24.880681019707634 ], [ 75.033047555987437, 24.84440939307834 ], [ 74.959117245658533, 24.858010398837244 ], [ 74.952605966323404, 24.880682428737121 ], [ 74.923208204290162, 24.878988643886256 ], [ 74.902447293657829, 24.930004453924877 ], [ 74.880325370691295, 24.937260591789784 ], [ 74.869375516435639, 24.925073496787956 ], [ 74.859416705160982, 24.96157577888879 ], [ 74.842634381718028, 24.968849334349873 ], [ 74.825286199596121, 24.900149177034592 ], [ 74.858760383437996, 24.838507407037064 ], [ 74.861517905034745, 24.804439382380245 ], [ 74.838695488386094, 24.798036756948978 ], [ 74.849372853073362, 24.776134461903588 ], [ 74.860570987300491, 24.798483332737408 ], [ 74.91453343769615, 24.769200584213866 ], [ 75.001488752807802, 24.774524098198313 ], [ 75.016032967737843, 24.732120346886724 ], [ 74.992387031332242, 24.731745785297708 ], [ 75.001720001619816, 24.686418352200707 ], [ 74.96018634235628, 24.677765222325768 ], [ 74.9622783147354, 24.656424319092967 ], [ 74.942758554228817, 24.638653102740093 ], [ 74.888460789687102, 24.634093377279363 ], [ 74.799777771738917, 24.779068128388907 ], [ 74.803967342645834, 24.733966962080423 ], [ 74.780635558773213, 24.728136448152238 ], [ 74.787612813110826, 24.704177200094236 ], [ 74.771936755058789, 24.661480748689026 ], [ 74.814584974756599, 24.665752535211528 ], [ 74.814138574942461, 24.650181776177817 ], [ 74.779400089593267, 24.615440323630082 ], [ 74.78642991244304, 24.58593084292065 ], [ 74.743512850336884, 24.571458815772008 ], [ 74.755534924732487, 24.534882579308881 ], [ 74.708727011195805, 24.486473464337294 ], [ 74.777217307420401, 24.460510297741951 ], [ 74.815345202811855, 24.468474828310953 ], [ 74.813752584136239, 24.436740214754145 ], [ 74.853872559247293, 24.444528846809003 ], [ 74.855098593421772, 24.424138703114735 ], [ 74.781179574017671, 24.338337923018265 ], [ 74.781322983764611, 24.289174610675705 ], [ 74.74711030840237, 24.253468549268096 ], [ 74.774827111434888, 24.238710846618549 ], [ 74.867577302137548, 24.243086095997761 ], [ 74.897104029906259, 24.227289323653078 ], [ 74.907676310569883, 24.201949054171745 ], [ 74.879754571278298, 24.173607737341438 ], [ 74.903521205325475, 24.109303718608615 ], [ 74.939341394329077, 24.053920291824067 ], [ 74.982298168258978, 24.025410747388442 ], [ 74.959143008442567, 23.972161248972249 ], [ 74.916645757814791, 23.931981691797443 ], [ 74.9026676917195, 23.87251774334365 ], [ 74.91379607176485, 23.842938619967565 ], [ 74.903707656052561, 23.794306209096916 ], [ 74.924339994411611, 23.796621012029561 ], [ 74.940363101302296, 23.764733568407955 ], [ 74.924521046263848, 23.75638566059915 ], [ 74.936375307279576, 23.729580434936814 ], [ 74.920277543202232, 23.719229721409793 ], [ 74.921592759423177, 23.694652151182005 ], [ 74.899460702561939, 23.682201764796016 ], [ 74.936538730592659, 23.628770654694435 ], [ 74.903315999571845, 23.625326640880861 ], [ 74.846831351149618, 23.551860919348577 ], [ 74.803296095414396, 23.533084195077432 ], [ 74.794109390618033, 23.550880899944744 ], [ 74.772719261333094, 23.543992662346028 ], [ 74.761510429069233, 23.521140872360188 ], [ 74.735288121733845, 23.520565223938497 ], [ 74.729239180122619, 23.496617884850625 ], [ 74.703491690805379, 23.50500767694972 ], [ 74.651883666378936, 23.462279707283667 ], [ 74.605054266937273, 23.458062806142767 ], [ 74.599067381844208, 23.428749693929536 ], [ 74.572350180042378, 23.420666733326492 ], [ 74.56865304760791, 23.375984787246374 ], [ 74.539816562845672, 23.361865606988509 ], [ 74.535267513111521, 23.330819825608696 ], [ 74.514036808738396, 23.328045553310428 ], [ 74.546669072631389, 23.277121008292387 ], [ 74.574365788435841, 23.295169616763552 ], [ 74.63855545862819, 23.255409299074699 ], [ 74.676760572303181, 23.273807076330645 ], [ 74.700642374861346, 23.267224181771375 ], [ 74.715127875904429, 23.23699483872652 ], [ 74.692065768975013, 23.21915161621212 ], [ 74.747521870651482, 23.22665309078274 ], [ 74.74441354615648, 23.21131432179244 ], [ 74.714927924396889, 23.190717767628644 ], [ 74.671544137195013, 23.199959906655302 ], [ 74.606614557042491, 23.142559156364136 ], [ 74.53937328467714, 23.129301621402419 ], [ 74.545513866125447, 23.109844045724348 ], [ 74.505863345191997, 23.085141287177866 ], [ 74.463843829412085, 23.081792975763836 ], [ 74.432254813194518, 23.104897485972739 ], [ 74.386202009112637, 23.111517900349085 ], [ 74.318901134426497, 23.05866122717622 ], [ 74.278890328877011, 23.092185379051575 ], [ 74.287121554994457, 23.117121780407082 ], [ 74.240798616726835, 23.184691648643856 ], [ 74.202924091161236, 23.190309241723092 ], [ 74.17887766064915, 23.147279368829665 ], [ 74.151689114614371, 23.153015949216901 ], [ 74.116376968718043, 23.184658408180891 ], [ 74.134469184965596, 23.223025288589429 ], [ 74.132640188097668, 23.266191221874521 ], [ 74.085929584564141, 23.298038829945174 ], [ 74.038163860322044, 23.293446572007049 ], [ 74.044855779182697, 23.308809388176826 ], [ 74.031966449652231, 23.307583416352596 ], [ 74.028654727712336, 23.331672177084858 ], [ 73.981395449372926, 23.338139099258655 ], [ 73.974214724826794, 23.372744826244947 ], [ 73.938007718566922, 23.367937742019038 ] ], [ [ 76.436227607269501, 28.126832947997094 ], [ 76.428899862647356, 28.138395182842753 ], [ 76.422974567846794, 28.114182742846651 ], [ 76.4396425474322, 28.110115203611009 ], [ 76.436227607269501, 28.126832947997094 ] ] ] ] } },
{ "type": "Feature", "properties": { "stname": "KERALA", "num_caaqms": 7, "num_manual": 29 }, "geometry": { "type": "Polygon", "coordinates": [ [ [ 76.836175228146402, 10.330062985377108 ], [ 76.830313442439788, 10.303626844591431 ], [ 76.848715687054863, 10.285278131007596 ], [ 76.873330971229024, 10.298239887667219 ], [ 76.903004702904042, 10.240296354779257 ], [ 76.982167820137164, 10.220228980968759 ], [ 77.050595263037948, 10.261750202407113 ], [ 77.042876735097522, 10.283767206653659 ], [ 77.175978042823729, 10.35806393270269 ], [ 77.235167314648891, 10.351254406386559 ], [ 77.227747139672204, 10.315416049048235 ], [ 77.262925960309047, 10.263331916396822 ], [ 77.259723053096124, 10.230274146040665 ], [ 77.28089310501791, 10.236849180839158 ], [ 77.294955628021228, 10.217898372624026 ], [ 77.267776409194056, 10.121613612924895 ], [ 77.237839062407332, 10.129970420752272 ], [ 77.201264888639685, 10.105821445610236 ], [ 77.261899707860479, 10.029725212381049 ], [ 77.253193599046156, 10.012812329418445 ], [ 77.272854758870025, 9.964194675367807 ], [ 77.246542361291432, 9.951396482045391 ], [ 77.218252564261661, 9.904294420681232 ], [ 77.212450056584018, 9.87688481491778 ], [ 77.237184028868455, 9.851380753635748 ], [ 77.221777820236213, 9.822451408589 ], [ 77.246666026966722, 9.797886555973388 ], [ 77.222663455800088, 9.787791772396885 ], [ 77.223451369932405, 9.729999889178387 ], [ 77.20345930219888, 9.721907873605538 ], [ 77.206615147572393, 9.69443529883409 ], [ 77.165862977690253, 9.612862728952683 ], [ 77.208957289978358, 9.613443529086252 ], [ 77.234301795957478, 9.581545290178026 ], [ 77.269713722224012, 9.572769118882999 ], [ 77.317818741945516, 9.602504873256226 ], [ 77.339490822753731, 9.573313943422807 ], [ 77.361269279362958, 9.60212160669049 ], [ 77.350263199553623, 9.567081123181623 ], [ 77.365618381182827, 9.534999140564844 ], [ 77.385178373637757, 9.519231526043496 ], [ 77.400507319070769, 9.527363841204041 ], [ 77.412396414956561, 9.508977436802807 ], [ 77.39261336363009, 9.459350173316754 ], [ 77.366000163381955, 9.460082177417526 ], [ 77.349405854633005, 9.441175442810092 ], [ 77.325288319771261, 9.337114704363787 ], [ 77.299972744934195, 9.33665303427974 ], [ 77.299537424940752, 9.310911975367404 ], [ 77.282987344744825, 9.301332729272824 ], [ 77.281712427845846, 9.216570057227351 ], [ 77.251617482422276, 9.189377373965591 ], [ 77.266470946880474, 9.151915493244191 ], [ 77.212406956315007, 9.100482391584451 ], [ 77.197455747967396, 9.046972728408109 ], [ 77.167467040004297, 9.045299484392826 ], [ 77.146555346253166, 9.021815243201674 ], [ 77.196288147405497, 8.954583135260741 ], [ 77.192795590107309, 8.926195976900269 ], [ 77.256570912374841, 8.877566842937702 ], [ 77.262816394590473, 8.842544736101081 ], [ 77.229708876996426, 8.784587517316591 ], [ 77.197961937850224, 8.769438633666852 ], [ 77.192463853052672, 8.744440972095155 ], [ 77.170011870186158, 8.741794721415726 ], [ 77.206716738047874, 8.684195526405913 ], [ 77.200710859874746, 8.669076265730654 ], [ 77.283846844723826, 8.546728597348274 ], [ 77.262191096185802, 8.506538213074002 ], [ 77.240124248031051, 8.497053689715502 ], [ 77.214309047300958, 8.512813256585087 ], [ 77.202384089770703, 8.501190418220897 ], [ 77.228099987136034, 8.447252374977978 ], [ 77.206599868127725, 8.444702573378454 ], [ 77.181670964121565, 8.395794284581768 ], [ 77.151257137433404, 8.384937372616223 ], [ 77.153017211061155, 8.355144172814622 ], [ 77.174294246943376, 8.358632821415636 ], [ 77.166943438076316, 8.342746849029602 ], [ 77.180884314817135, 8.324187102148928 ], [ 77.13939841807894, 8.329650878409428 ], [ 77.096070822294678, 8.293168044026586 ], [ 76.975343367432728, 8.386238662117629 ], [ 76.631433187578466, 8.836529686376142 ], [ 76.546730547162042, 8.903905088362885 ], [ 76.499131697560429, 9.058222517975379 ], [ 76.330247607577363, 9.441248479939388 ], [ 76.240024068748468, 9.967967476239725 ], [ 76.101790991231269, 10.373572520256923 ], [ 76.030534775958699, 10.526158575076874 ], [ 76.038284367641623, 10.549017464431769 ], [ 76.026805644635502, 10.574784609349484 ], [ 76.009499994149039, 10.566846468810262 ], [ 75.910101001922683, 10.786134818190245 ], [ 75.846701991114173, 11.062867829580986 ], [ 75.731848135703146, 11.355813175133136 ], [ 75.681605194775713, 11.449621276277549 ], [ 75.61678020906497, 11.476408938419725 ], [ 75.536226103614993, 11.693542204571225 ], [ 75.54423234666956, 11.704542142396631 ], [ 75.530036710409092, 11.703569904113863 ], [ 75.453696769941857, 11.770275044211541 ], [ 75.385758515408838, 11.856338021921463 ], [ 75.355682351062953, 11.859804394421872 ], [ 75.250332867190636, 12.008188888757459 ], [ 75.229109691597884, 12.022605802157809 ], [ 75.201056338337438, 12.006088967343906 ], [ 75.057115307114472, 12.353589683129801 ], [ 74.973813708859552, 12.500389615090457 ], [ 74.864585107350976, 12.760191657919453 ], [ 75.003162559422194, 12.791667309167492 ], [ 75.00944829963727, 12.76751232825093 ], [ 74.983267278872319, 12.737196294307962 ], [ 75.013399624754399, 12.727954546836759 ], [ 75.000986522698753, 12.716393164105385 ], [ 75.052457764250164, 12.72008110018891 ], [ 75.046642001032168, 12.667565674285292 ], [ 75.085166105566245, 12.6747608187525 ], [ 75.086009140324407, 12.70403456312911 ], [ 75.111457480770568, 12.68181922917084 ], [ 75.152002592572998, 12.683240573699267 ], [ 75.162033532276752, 12.671956426331485 ], [ 75.138506962209476, 12.643436386617134 ], [ 75.160683099401709, 12.622126922351775 ], [ 75.201741893036399, 12.630022551843973 ], [ 75.201142228956684, 12.587733181053709 ], [ 75.220318333561465, 12.569102548921213 ], [ 75.237497390763124, 12.569758048570764 ], [ 75.276349463919232, 12.618507456121721 ], [ 75.327013390423119, 12.592393809812556 ], [ 75.31624773032658, 12.573045533606249 ], [ 75.29053690125609, 12.582609026596019 ], [ 75.272886586059698, 12.568968930132451 ], [ 75.273957917765856, 12.53559815518474 ], [ 75.304097654986094, 12.523281857904417 ], [ 75.315028393990843, 12.497110670591949 ], [ 75.332337453583804, 12.499075344203703 ], [ 75.336604266130436, 12.464082326076658 ], [ 75.360817619791945, 12.464968383185074 ], [ 75.382230848356116, 12.502015757340196 ], [ 75.417872770284845, 12.497522156747209 ], [ 75.424868753597821, 12.468919377345079 ], [ 75.413315585407474, 12.458567036579975 ], [ 75.365630385249148, 12.456745247167092 ], [ 75.372398135394533, 12.400772923304329 ], [ 75.421928474248119, 12.372663630840963 ], [ 75.41040451208427, 12.347193196303659 ], [ 75.432195041152582, 12.309501012396336 ], [ 75.413559896622004, 12.291201906008062 ], [ 75.4794029592139, 12.295413386803007 ], [ 75.539689641736231, 12.216807343014462 ], [ 75.53261306516923, 12.201446220387538 ], [ 75.591917218044472, 12.148479551135368 ], [ 75.636053929100072, 12.149174938126713 ], [ 75.661981660887506, 12.099182935924086 ], [ 75.703262596213833, 12.108171381345496 ], [ 75.714731286834919, 12.070442778646379 ], [ 75.802550872878058, 12.078562815398206 ], [ 75.801070648715807, 12.037006041897111 ], [ 75.858859449707964, 11.959418227380915 ], [ 76.003198547789538, 11.931391668807661 ], [ 76.112356714193353, 11.978611461369159 ], [ 76.120154786155538, 11.850338204960327 ], [ 76.19038625365765, 11.871213435899687 ], [ 76.207721212578576, 11.860930848242802 ], [ 76.22371917472617, 11.808204883965763 ], [ 76.280011978038004, 11.811688738570634 ], [ 76.339738034567901, 11.739004333439253 ], [ 76.414233776875989, 11.758802253319478 ], [ 76.427443046784788, 11.725977081127455 ], [ 76.403462125016489, 11.707759669919193 ], [ 76.443428037259693, 11.643623442364484 ], [ 76.388095820447461, 11.629667433427031 ], [ 76.377981435338668, 11.601909715581135 ], [ 76.335876505944896, 11.595736198049858 ], [ 76.302383786265409, 11.571225579433365 ], [ 76.27890633428126, 11.600942130350084 ], [ 76.234519878101935, 11.57214717819692 ], [ 76.251372845957164, 11.53697194117608 ], [ 76.2384032196167, 11.524784396961195 ], [ 76.247573398106795, 11.468540697273246 ], [ 76.28443504444347, 11.482920296402867 ], [ 76.325470516016765, 11.453328887562922 ], [ 76.342225960069797, 11.467592623756625 ], [ 76.398002577944666, 11.434937073671652 ], [ 76.418704948064885, 11.441783227094355 ], [ 76.415078257921763, 11.422627320091362 ], [ 76.462082306922639, 11.387469769859948 ], [ 76.517752327112589, 11.371563303994021 ], [ 76.508184554277776, 11.354123438217485 ], [ 76.547857263598758, 11.358885576414837 ], [ 76.545755587617919, 11.300310349189104 ], [ 76.522177834240708, 11.271338082080826 ], [ 76.453087897292619, 11.239367346241407 ], [ 76.438622752073897, 11.198961219900044 ], [ 76.458442866990666, 11.187681469409384 ], [ 76.472366394568382, 11.208750705349891 ], [ 76.50328008520313, 11.211608953011989 ], [ 76.534217279358984, 11.196771030701292 ], [ 76.600900823697003, 11.206594471904147 ], [ 76.629722639868945, 11.19417374961262 ], [ 76.698269817417312, 11.239601638611081 ], [ 76.731416142231666, 11.215585793360905 ], [ 76.7284984770709, 11.191104258352786 ], [ 76.70023854004117, 11.181819436891381 ], [ 76.689556405299768, 11.159574426365607 ], [ 76.728388020223562, 11.130876642223489 ], [ 76.748296114342651, 11.135837326049661 ], [ 76.746128929618038, 11.054823562044582 ], [ 76.778159902582331, 11.042090982952059 ], [ 76.800859567142368, 11.05396555408357 ], [ 76.766599849703624, 11.029093007612316 ], [ 76.710887375133311, 11.038721694304037 ], [ 76.659094843035732, 10.930496453092873 ], [ 76.740787417581259, 10.890970033232016 ], [ 76.828315440127568, 10.871909633829107 ], [ 76.853783530933583, 10.838958580764567 ], [ 76.848172264698448, 10.8188045506359 ], [ 76.900887336050133, 10.807150635940857 ], [ 76.90721024855165, 10.782688014014717 ], [ 76.892940071885548, 10.721460458259335 ], [ 76.867589094443147, 10.694775140349147 ], [ 76.882206336117591, 10.639531707075069 ], [ 76.814344629724872, 10.635537868994799 ], [ 76.810097342959239, 10.624180958279908 ], [ 76.838362348283837, 10.596409473282428 ], [ 76.843096095233662, 10.537285306397179 ], [ 76.81637855656362, 10.423519041146616 ], [ 76.848785384642795, 10.368228672200214 ], [ 76.836175228146402, 10.330062985377108 ] ], [ [ 75.531891376636281, 11.757594538112967 ], [ 75.541691428650765, 11.74294813769836 ], [ 75.526687940150239, 11.726633677079816 ], [ 75.531763535591551, 11.708964801721995 ], [ 75.555615003839179, 11.72760282082486 ], [ 75.546333666019223, 11.756614827435641 ], [ 75.531891376636281, 11.757594538112967 ] ] ] } },
{ "type": "Feature", "properties": { "stname": "WEST BENGAL", "num_caaqms": 15, "num_manual": 83 }, "geometry": { "type": "MultiPolygon", "coordinates": [ [ [ [ 88.009638813331605, 21.556118749730452 ], [ 88.017280534416898, 21.562220196689236 ], [ 88.015944997405924, 21.547285730287182 ], [ 88.011705862851485, 21.548633094031608 ], [ 88.009638813331605, 21.556118749730452 ] ] ], [ [ [ 88.18745336996443, 21.56749236616627 ], [ 88.196970220899104, 21.5409721518152 ], [ 88.175615126808566, 21.55004290627965 ], [ 88.163943001911676, 21.586104106905587 ], [ 88.166632088951715, 21.602762010022381 ], [ 88.18745336996443, 21.56749236616627 ] ] ], [ [ [ 88.351420366848188, 21.677283512883786 ], [ 88.339559381044268, 21.619409411392937 ], [ 88.309101461448705, 21.608002161076321 ], [ 88.306610851780746, 21.705634832644051 ], [ 88.351420366848188, 21.677283512883786 ] ] ], [ [ [ 88.428138772036206, 21.702507843164348 ], [ 88.413432429163677, 21.6930920027017 ], [ 88.410810719363184, 21.659942928673676 ], [ 88.431949049077318, 21.620447465608564 ], [ 88.396724576956061, 21.590091709084295 ], [ 88.380976674342548, 21.662466201769167 ], [ 88.404010040572715, 21.715762538387942 ], [ 88.369268509036402, 21.728227863666426 ], [ 88.389117911726416, 21.735750568886054 ], [ 88.395828859599746, 21.754637628978465 ], [ 88.401152953303153, 21.738129042378475 ], [ 88.428138772036206, 21.702507843164348 ] ] ], [ [ [ 88.044376718369108, 21.698668841951829 ], [ 88.046024716385389, 21.698127717230701 ], [ 88.042925967931353, 21.692346178283206 ], [ 88.04265503244838, 21.692937519117105 ], [ 88.044376718369108, 21.698668841951829 ] ] ], [ [ [ 88.051547014373099, 21.699105744959283 ], [ 88.051331157295152, 21.696229130989796 ], [ 88.049302410142332, 21.695017992878146 ], [ 88.051965648160106, 21.702655171975557 ], [ 88.051547014373099, 21.699105744959283 ] ] ], [ [ [ 88.043346871761074, 21.708142113406065 ], [ 88.044684105689669, 21.701829909012595 ], [ 88.043641135593646, 21.700592071635416 ], [ 88.042359202852296, 21.703057059079949 ], [ 88.043346871761074, 21.708142113406065 ] ] ], [ [ [ 88.204023478997968, 21.725065254372339 ], [ 88.207185300863046, 21.709882098615797 ], [ 88.180855882006441, 21.688854286415445 ], [ 88.185811133742405, 21.707673888225028 ], [ 88.204023478997968, 21.725065254372339 ] ] ], [ [ [ 88.052177100798218, 21.704908661855598 ], [ 88.053710717227688, 21.710879005051677 ], [ 88.055546661666, 21.711439790627971 ], [ 88.053308678018908, 21.703057681718615 ], [ 88.052177100798218, 21.704908661855598 ] ] ], [ [ [ 88.382573860053085, 21.737932060203359 ], [ 88.36353212634684, 21.724691712814689 ], [ 88.392179266010118, 21.708340284807527 ], [ 88.35706616342452, 21.686461452225821 ], [ 88.338438847711686, 21.711583352986544 ], [ 88.348531505268724, 21.722540364669872 ], [ 88.344701125728122, 21.757241106021745 ], [ 88.385871800938205, 21.763877444762464 ], [ 88.382573860053085, 21.737932060203359 ] ] ], [ [ [ 88.295964124136262, 21.716919216611732 ], [ 88.279758202898734, 21.734923467230171 ], [ 88.289035511774642, 21.778620616603838 ], [ 88.304686987428951, 21.736191466417083 ], [ 88.295964124136262, 21.716919216611732 ] ] ], [ [ [ 88.167418200165287, 21.822722940363438 ], [ 88.170607927296359, 21.736321479411831 ], [ 88.153241980989719, 21.681956512736544 ], [ 88.13411511035072, 21.67782802080696 ], [ 88.145076285175605, 21.63897728068277 ], [ 88.114996517687089, 21.625593328650311 ], [ 88.047309912706197, 21.645236154140616 ], [ 88.041366076678116, 21.674526469288232 ], [ 88.055213341779819, 21.72094506614296 ], [ 88.13134269199162, 21.873203146739094 ], [ 88.167418200165287, 21.822722940363438 ] ] ], [ [ [ 88.19029384918106, 21.770140351084805 ], [ 88.193189143596271, 21.779576897311109 ], [ 88.19360528904997, 21.75951380631869 ], [ 88.192401563637219, 21.759387798977105 ], [ 88.19029384918106, 21.770140351084805 ] ] ], [ [ [ 88.180823833710377, 21.784051859778668 ], [ 88.176340403212791, 21.793459335087842 ], [ 88.179050154199345, 21.799333319398325 ], [ 88.18569014774161, 21.790214015661739 ], [ 88.180823833710377, 21.784051859778668 ] ] ], [ [ [ 88.192061967222159, 21.831226918203061 ], [ 88.197289859443487, 21.840522373382012 ], [ 88.201792659415247, 21.8179026647706 ], [ 88.195463163161023, 21.823675381631404 ], [ 88.192061967222159, 21.831226918203061 ] ] ], [ [ [ 88.167922955438598, 21.862694758373802 ], [ 88.194102762579575, 21.841205540124857 ], [ 88.190721961092621, 21.830559094149546 ], [ 88.182362990948505, 21.83840116422942 ], [ 88.167922955438598, 21.862694758373802 ] ] ], [ [ [ 88.171645471568041, 21.870650286129329 ], [ 88.174274402925093, 21.863689343743175 ], [ 88.165281312021918, 21.879163731107614 ], [ 88.166771303566236, 21.878689229607417 ], [ 88.171645471568041, 21.870650286129329 ] ] ], [ [ [ 88.139739426411992, 21.908216316119749 ], [ 88.126625850437108, 21.899971420747779 ], [ 88.116424187710237, 21.923388801791624 ], [ 88.131504254893798, 21.92968370596251 ], [ 88.139739426411992, 21.908216316119749 ] ] ], [ [ [ 87.968016776013769, 22.240448098965853 ], [ 88.011841820174794, 22.200844273110995 ], [ 88.034776804711726, 22.208932336408381 ], [ 88.066688302641552, 22.188840152117443 ], [ 88.135886141628305, 22.184778034629911 ], [ 88.190108839351637, 22.116266960777637 ], [ 88.183412592407933, 22.094450828694757 ], [ 88.086265338832362, 22.023377556985501 ], [ 88.055692878648188, 22.020181445587358 ], [ 87.968083931369492, 21.854770635100291 ], [ 87.883266549141808, 21.79334983461073 ], [ 87.805074048996758, 21.703417983726858 ], [ 87.746989039319487, 21.699775576585456 ], [ 87.733137203589621, 21.675463580269263 ], [ 87.673962567117073, 21.652528725085183 ], [ 87.646636468351033, 21.649057153339822 ], [ 87.64393317625138, 21.663105771952875 ], [ 87.631952374053157, 21.647802931784803 ], [ 87.484786955102209, 21.611261208128287 ], [ 87.485425832440697, 21.63263356024558 ], [ 87.460370400726759, 21.651397279276672 ], [ 87.469184392715135, 21.732516541329893 ], [ 87.444754243236176, 21.734650719862152 ], [ 87.445553264138681, 21.768164288891001 ], [ 87.385700871242165, 21.776758041847931 ], [ 87.369660365781016, 21.765432938109956 ], [ 87.355516459904536, 21.792173265980754 ], [ 87.277377908982203, 21.805005191862367 ], [ 87.23426084865612, 21.901053819643458 ], [ 87.249812637365025, 21.934972662150034 ], [ 87.231190618119086, 21.957391643808613 ], [ 87.170413721352958, 21.979937904618996 ], [ 87.161770564677141, 21.935335662218083 ], [ 87.097099673275295, 21.913937529124791 ], [ 87.097849520399166, 21.866937426815262 ], [ 87.035602969048441, 21.869170346753577 ], [ 86.999721833844362, 21.913245487143861 ], [ 87.030073353384424, 21.984232110635237 ], [ 87.026695643898663, 22.037085657619034 ], [ 86.957959663833776, 22.088552598272944 ], [ 86.833738198199555, 22.098699813290089 ], [ 86.824621355382803, 22.118921867018653 ], [ 86.806700139737799, 22.119587983332668 ], [ 86.793845301022643, 22.157484373082674 ], [ 86.719710715594786, 22.14728147974737 ], [ 86.724961979284856, 22.218020086216772 ], [ 86.776413574680973, 22.217864633645746 ], [ 86.777675285447003, 22.236594183891793 ], [ 86.794905144174621, 22.227787730302435 ], [ 86.779073329032101, 22.216915513325119 ], [ 86.80241458204614, 22.217549780288248 ], [ 86.811503693870037, 22.240811282337244 ], [ 86.794861769021125, 22.24316935712497 ], [ 86.792261748144838, 22.266301960039904 ], [ 86.803992463859544, 22.243584584008847 ], [ 86.813592056818351, 22.267390985282901 ], [ 86.818671047891456, 22.25372567768062 ], [ 86.823345171859259, 22.266704744011442 ], [ 86.886981572363069, 22.258218280770404 ], [ 86.88779015403513, 22.297459435023754 ], [ 86.832110739263925, 22.327227837062438 ], [ 86.846354156016019, 22.399083087612901 ], [ 86.761865915610159, 22.431704145963565 ], [ 86.749871307204359, 22.48294763562075 ], [ 86.792567904773435, 22.477755949129048 ], [ 86.802295964902768, 22.502498523843236 ], [ 86.766855245834734, 22.575022743673152 ], [ 86.659517825272957, 22.575035821321435 ], [ 86.634109714080182, 22.610388083810541 ], [ 86.636036491668463, 22.664969871197648 ], [ 86.545033985029136, 22.721297934306577 ], [ 86.511325078590033, 22.704995767973049 ], [ 86.459403578062023, 22.76252052734235 ], [ 86.417608696798709, 22.783676331814256 ], [ 86.438840836679645, 22.831118122590357 ], [ 86.43497122142243, 22.860512397012922 ], [ 86.450771682666584, 22.861535270677368 ], [ 86.466996402049787, 22.899502604758915 ], [ 86.435340084949431, 22.925185171274759 ], [ 86.471309749124757, 22.949092646046029 ], [ 86.488061766104963, 22.93829096033447 ], [ 86.525980009082204, 22.947605258768675 ], [ 86.545606163356098, 22.990278276401881 ], [ 86.521194203863331, 22.970709654637819 ], [ 86.501235350439117, 22.993504630349815 ], [ 86.419824527990883, 23.000088794643151 ], [ 86.394797965435274, 22.980218878675245 ], [ 86.372751759667409, 22.99815325627447 ], [ 86.325929423678829, 22.994903430056631 ], [ 86.303611588928632, 23.015908102648581 ], [ 86.247348118305766, 22.995064717804048 ], [ 86.183908906091659, 23.005889770181021 ], [ 86.142609416063138, 23.053635579383059 ], [ 86.145525094150443, 23.075234573199232 ], [ 86.05187650192542, 23.105409127239568 ], [ 86.044521898574587, 23.144237815016343 ], [ 85.957004041364016, 23.16105035408399 ], [ 85.894542227620065, 23.155128288123557 ], [ 85.882523176055372, 23.198729003342237 ], [ 85.863814532266588, 23.22238179219562 ], [ 85.836580954584946, 23.220526154066778 ], [ 85.838605654827404, 23.246834409296593 ], [ 85.819717097351841, 23.268883090965442 ], [ 85.882549424827985, 23.349797926031659 ], [ 85.870812513432767, 23.38881423081013 ], [ 85.902542875967029, 23.397114748364743 ], [ 85.882582473847279, 23.430584223904205 ], [ 85.863892385659, 23.431355859301547 ], [ 85.870001236814844, 23.47494553710041 ], [ 86.053836427347662, 23.487056709063538 ], [ 86.01627777369049, 23.547317205697883 ], [ 86.042064379248444, 23.586881388114847 ], [ 86.07742904604622, 23.579212687992804 ], [ 86.080867363965851, 23.565678932591055 ], [ 86.158346800302994, 23.559714119881782 ], [ 86.148824967311768, 23.46525728431892 ], [ 86.178288308157377, 23.469841651026222 ], [ 86.228637781192703, 23.442940963615886 ], [ 86.23261660104572, 23.462243060361665 ], [ 86.245567915229117, 23.459317243154359 ], [ 86.22987118694239, 23.430822794896692 ], [ 86.247393482329301, 23.411135168260632 ], [ 86.264092786168661, 23.430768435369732 ], [ 86.310553337354676, 23.411359253194849 ], [ 86.305766346359633, 23.434824556908698 ], [ 86.351737786432977, 23.442391680963354 ], [ 86.363620389295917, 23.471043290189922 ], [ 86.379462767727873, 23.473639770044617 ], [ 86.362654949198827, 23.483286985301024 ], [ 86.37486659956042, 23.509177718184517 ], [ 86.365107758657928, 23.532689588596551 ], [ 86.388158870208215, 23.573948699878127 ], [ 86.447084420022165, 23.598135931195191 ], [ 86.461238067229615, 23.629974721589555 ], [ 86.535397419209843, 23.631236918128081 ], [ 86.59757012006105, 23.673756568826896 ], [ 86.714947702431289, 23.698875559987432 ], [ 86.746948304254161, 23.678877195793536 ], [ 86.798660254775839, 23.688761474037467 ], [ 86.828331905054341, 23.759644554363724 ], [ 86.803357460056574, 23.80129900519109 ], [ 86.804760800108568, 23.836846609149031 ], [ 86.826535621235834, 23.813939767306028 ], [ 86.874215531215427, 23.847309702308738 ], [ 86.890296768088177, 23.820502232990496 ], [ 86.880243219585338, 23.862324713361517 ], [ 86.91555783495042, 23.882431647209021 ], [ 86.944402458449147, 23.847272251921552 ], [ 86.973239226180667, 23.868772683924057 ], [ 87.121776212670383, 23.796654690343562 ], [ 87.150487845082836, 23.797564769211188 ], [ 87.167109215579742, 23.82514930985219 ], [ 87.130020322425622, 23.85391170509989 ], [ 87.133918469074601, 23.870168100260759 ], [ 87.19587864020771, 23.857823710602883 ], [ 87.188582428248665, 23.843154846115031 ], [ 87.233683893088497, 23.857133847384578 ], [ 87.216535781051704, 23.831994837062187 ], [ 87.238448303132245, 23.826418662133459 ], [ 87.254938658836508, 23.847035327709047 ], [ 87.245123212392997, 23.908201707161385 ], [ 87.26914962125403, 23.874583957102409 ], [ 87.294881169068233, 23.902038483151948 ], [ 87.283544658354714, 23.920906813709109 ], [ 87.293249050571234, 23.95863468119968 ], [ 87.261531669591122, 23.967575222094609 ], [ 87.264155818317633, 24.000607960718057 ], [ 87.250503419360641, 23.997036406055887 ], [ 87.233269681707611, 24.024080941639937 ], [ 87.245396071168955, 24.045064757320837 ], [ 87.287458196737745, 24.028862465194198 ], [ 87.337123011592752, 24.034309488865894 ], [ 87.319130236152191, 24.007781985911699 ], [ 87.328166062608389, 23.998665061161148 ], [ 87.360423946420212, 24.013091779885993 ], [ 87.460649975307788, 23.984014016160021 ], [ 87.438337891572047, 24.013554152081952 ], [ 87.476129052581001, 24.01227022506151 ], [ 87.511980473312093, 24.035835708165614 ], [ 87.490614217654141, 24.070594312160079 ], [ 87.510715072266891, 24.082056923051105 ], [ 87.489914036585731, 24.090633894327105 ], [ 87.497616737109141, 24.118973271983922 ], [ 87.560190719889349, 24.082086380395364 ], [ 87.58025552421141, 24.086946587112493 ], [ 87.574577057704815, 24.108929468407808 ], [ 87.607844781744973, 24.13091278569949 ], [ 87.574320236551628, 24.160184596977647 ], [ 87.694423443139485, 24.150242426352605 ], [ 87.702558855847073, 24.180610563855009 ], [ 87.675268683404198, 24.2084521522712 ], [ 87.63860585939274, 24.213989425158896 ], [ 87.638777088167359, 24.254382791916214 ], [ 87.659166259765485, 24.236119626270824 ], [ 87.687537374989716, 24.246439485280263 ], [ 87.713501189407154, 24.294015673104681 ], [ 87.761602378712311, 24.308467138729799 ], [ 87.764402614302497, 24.339328163669844 ], [ 87.801102767805574, 24.382217193346907 ], [ 87.794205901007771, 24.400130133793546 ], [ 87.812585288888727, 24.413911604387476 ], [ 87.789794899874892, 24.420662409274033 ], [ 87.803136214045665, 24.454001613913448 ], [ 87.823570312187769, 24.458077344614853 ], [ 87.810798252327743, 24.475677356358464 ], [ 87.828151000586232, 24.498615402069742 ], [ 87.812388272177273, 24.491603674043063 ], [ 87.809339503290687, 24.514517574991121 ], [ 87.79898910560388, 24.493985318879279 ], [ 87.80858811555612, 24.546694770664729 ], [ 87.771426325015042, 24.583217001349926 ], [ 87.812179937591509, 24.578559487189338 ], [ 87.849407785747033, 24.553835090830393 ], [ 87.88872407410598, 24.564906079156419 ], [ 87.892288968242411, 24.584450421867473 ], [ 87.913276831044769, 24.593463808738303 ], [ 87.910767506774519, 24.610434376710732 ], [ 87.875975870804936, 24.614569357628369 ], [ 87.906034250304856, 24.615005452266139 ], [ 87.905771566746083, 24.62927570796953 ], [ 87.88791677432981, 24.630343964989184 ], [ 87.914141665219944, 24.637709481591937 ], [ 87.916608986962444, 24.665753013593225 ], [ 87.887749148697779, 24.679987246173983 ], [ 87.908351945060389, 24.721617520600386 ], [ 87.816394099879332, 24.75968905163538 ], [ 87.835727766289978, 24.789952273222877 ], [ 87.836551144113102, 24.76633122617514 ], [ 87.869233242046477, 24.775025636157267 ], [ 87.881604400863196, 24.805368173750789 ], [ 87.869121546422349, 24.824637820966949 ], [ 87.900271223583943, 24.824098974399607 ], [ 87.891327841855301, 24.856035716336752 ], [ 87.95292795834105, 24.907763533827911 ], [ 87.962825303290714, 24.934534047628084 ], [ 87.940538281653048, 24.990854795223274 ], [ 87.899360353445388, 25.006784673251076 ], [ 87.857275146563694, 25.05463092787241 ], [ 87.805790447351015, 25.072652256184377 ], [ 87.774364443916483, 25.121363930121866 ], [ 87.790916485134673, 25.230159222199937 ], [ 87.776326436362226, 25.256591344622997 ], [ 87.827303429335885, 25.235288631117683 ], [ 87.862408440795704, 25.274105802346664 ], [ 87.855434971958687, 25.296885084860431 ], [ 87.795960124806399, 25.326202871016996 ], [ 87.792311996369008, 25.37354800819551 ], [ 87.769662615006993, 25.378976649849413 ], [ 87.764513153794837, 25.41377659101888 ], [ 87.775063184087188, 25.408765192231517 ], [ 87.787257609253246, 25.450401146777665 ], [ 87.822683719019764, 25.437080998233078 ], [ 87.839221800418471, 25.467579296287497 ], [ 87.863231813228936, 25.464112535985883 ], [ 87.884370674745753, 25.520572803679819 ], [ 87.902030578559447, 25.50524759288702 ], [ 87.927722445092613, 25.537196091933687 ], [ 87.96364219078589, 25.539304942757855 ], [ 87.993798565703514, 25.522412614284733 ], [ 87.995397253397186, 25.499811139391046 ], [ 88.013521260124364, 25.511211527805909 ], [ 88.048671096618534, 25.486157558380736 ], [ 88.073306274882995, 25.484308200927373 ], [ 88.076534944879938, 25.508096163964876 ], [ 88.037275721101096, 25.538322164658393 ], [ 88.025821440355514, 25.558855296301189 ], [ 88.038318058783148, 25.568905746059347 ], [ 88.020264884216132, 25.59114943122151 ], [ 88.055260826725757, 25.637820995948093 ], [ 88.03662334298221, 25.646083781744426 ], [ 88.048165285824751, 25.646221258711154 ], [ 88.04865012814318, 25.697087056678043 ], [ 88.020645582148731, 25.695864355689253 ], [ 88.021066785117441, 25.709689006605867 ], [ 87.965701064738397, 25.725620452961074 ], [ 87.938102073958717, 25.773616192253268 ], [ 87.904171133625795, 25.771130677665205 ], [ 87.899457755975035, 25.80748603600335 ], [ 87.915914692554082, 25.816211217136381 ], [ 87.888116787821076, 25.831019617090561 ], [ 87.914690225041454, 25.853946861192593 ], [ 87.830152079628292, 25.870499117752868 ], [ 87.807399620180718, 25.928850569207405 ], [ 87.819585653285372, 25.933942156669751 ], [ 87.833109440443152, 25.927908113043031 ], [ 87.838433839573753, 25.93149313824733 ], [ 87.855525496088191, 26.03558818802184 ], [ 87.928048425742901, 26.083067347388166 ], [ 87.945502103316841, 26.060760796954 ], [ 87.954231842314698, 26.076452938936736 ], [ 87.985621621185402, 26.077660177154225 ], [ 87.964209599058663, 26.09392186185017 ], [ 87.986803250737069, 26.101407168313806 ], [ 87.969271490700351, 26.117621506618022 ], [ 87.98139699891442, 26.126057111610862 ], [ 87.974902192884954, 26.143373813666958 ], [ 87.991454974314962, 26.150582474383381 ], [ 87.999879417270265, 26.13839577080897 ], [ 88.037234049153383, 26.178707170159853 ], [ 88.071983198403288, 26.174328783353495 ], [ 88.115607281350449, 26.22463187237086 ], [ 88.13936506609376, 26.227041567135331 ], [ 88.144397879269661, 26.252241173898458 ], [ 88.210631767400628, 26.27779141081847 ], [ 88.246911784235238, 26.327746532359928 ], [ 88.268381108995627, 26.337985069169608 ], [ 88.273092861594051, 26.327896747033801 ], [ 88.293532843701271, 26.350818012700454 ], [ 88.27541268984838, 26.379462233661343 ], [ 88.232215035369961, 26.379598202678903 ], [ 88.227781378725609, 26.391686935886142 ], [ 88.269517976394994, 26.420106640783626 ], [ 88.209778325659883, 26.469681145110766 ], [ 88.223828951375594, 26.482389507849536 ], [ 88.210733584251557, 26.473092330777707 ], [ 88.179886615984543, 26.487643108283699 ], [ 88.229683319692938, 26.535044709688474 ], [ 88.226029050372262, 26.556207846020563 ], [ 88.211495546953643, 26.56124002131294 ], [ 88.21076236357834, 26.539926481004166 ], [ 88.179392906395975, 26.548254211385917 ], [ 88.129646784126308, 26.516010953323139 ], [ 88.103748450604897, 26.537914487379116 ], [ 88.112168975108887, 26.571203592329571 ], [ 88.130400320631011, 26.573900781694189 ], [ 88.142098475111595, 26.62575465435615 ], [ 88.160299400084966, 26.636439054222183 ], [ 88.187851615587789, 26.771805897799393 ], [ 88.167867562623215, 26.837238158343485 ], [ 88.173975979892774, 26.86508687613421 ], [ 88.136357615218657, 26.898520142796059 ], [ 88.144703907439194, 26.922477957015801 ], [ 88.120350607036144, 26.95026929739948 ], [ 88.134404090292804, 26.986239906374639 ], [ 88.091670245877012, 27.005133108357775 ], [ 88.077686013745648, 27.035422150682098 ], [ 88.037771868717343, 27.036398469306025 ], [ 88.020270735841891, 27.086574374278193 ], [ 87.991201850627448, 27.105073159004288 ], [ 88.019222240208592, 27.171051013855333 ], [ 88.014256640778882, 27.212914406871842 ], [ 88.063635329639453, 27.214636464177868 ], [ 88.09630732332252, 27.133135042995281 ], [ 88.151780736432769, 27.109576442891814 ], [ 88.181007906596903, 27.132473212235613 ], [ 88.233442190641924, 27.11888768791518 ], [ 88.279006133342833, 27.131870596272066 ], [ 88.315024687429158, 27.126151153989863 ], [ 88.322660234393538, 27.104580210266569 ], [ 88.432946589572779, 27.079259571306984 ], [ 88.532035864248698, 27.149821136982897 ], [ 88.520765512659224, 27.172889598305694 ], [ 88.542982481874404, 27.183183855969709 ], [ 88.593271366238724, 27.190979503259999 ], [ 88.660259488865407, 27.160552034901901 ], [ 88.68505956278176, 27.17987958091673 ], [ 88.728961995007865, 27.136268794623273 ], [ 88.802033265295179, 27.139495204336825 ], [ 88.843292446120302, 27.11118767796054 ], [ 88.867707709616653, 27.112442620139202 ], [ 88.881171880080601, 27.061996614334596 ], [ 88.877132172417603, 26.944359152654982 ], [ 88.921683757810783, 26.993927236180745 ], [ 88.95247525780394, 26.968406945374646 ], [ 88.944388173560327, 26.933886546731738 ], [ 88.980346215332503, 26.917185947308919 ], [ 89.021572487275492, 26.940685890820379 ], [ 89.050895955041454, 26.915969950264849 ], [ 89.049026159388248, 26.899058485265122 ], [ 89.095698829762298, 26.891673151668801 ], [ 89.100747642831735, 26.842510547063966 ], [ 89.134483490644541, 26.80763888261658 ], [ 89.262395262415424, 26.813777934238711 ], [ 89.318495326793169, 26.851319990107086 ], [ 89.37898177038015, 26.86217826739691 ], [ 89.389770782182495, 26.841854052341052 ], [ 89.439479194074849, 26.84033518861165 ], [ 89.469526332057285, 26.802692964335105 ], [ 89.560096155258577, 26.812865412375789 ], [ 89.565900988674471, 26.799353426916756 ], [ 89.650578958658215, 26.77629616966647 ], [ 89.643522401945631, 26.748541214900342 ], [ 89.617448496295168, 26.729306894347289 ], [ 89.623779050764824, 26.718448907906051 ], [ 89.659702909843816, 26.71947341377016 ], [ 89.671755497314678, 26.739809586707519 ], [ 89.723534385799752, 26.722577245744439 ], [ 89.752804682284051, 26.735313000685366 ], [ 89.771371669837379, 26.701004269110122 ], [ 89.863334029951019, 26.700847334200787 ], [ 89.876934268231054, 26.648506215628252 ], [ 89.858251132104741, 26.623377997027934 ], [ 89.878421554049751, 26.615533795082914 ], [ 89.882602190312824, 26.583393107066573 ], [ 89.864487458690988, 26.573243307097172 ], [ 89.85397361343658, 26.491834468288936 ], [ 89.872145203026008, 26.45207325700332 ], [ 89.849155112236332, 26.42279113038753 ], [ 89.857477122994709, 26.41197964594053 ], [ 89.835254436901081, 26.412020309400091 ], [ 89.829953522426933, 26.39700407216257 ], [ 89.849881228565309, 26.403588936276662 ], [ 89.858899667230858, 26.384026860102153 ], [ 89.82801574856127, 26.381131465136725 ], [ 89.822763323349534, 26.351633103285607 ], [ 89.82192243736155, 26.371810160018128 ], [ 89.783181074377694, 26.351396289373454 ], [ 89.781066470741592, 26.327855379263266 ], [ 89.751240404557308, 26.320950182733242 ], [ 89.759804991883428, 26.289700612215139 ], [ 89.719813097667299, 26.307319907903089 ], [ 89.738539273875475, 26.269943541273001 ], [ 89.72202042540701, 26.257459077694168 ], [ 89.705852685263977, 26.270430175110338 ], [ 89.702615835208064, 26.257863327213002 ], [ 89.731957199211124, 26.237080910204309 ], [ 89.700393552315475, 26.2184483846234 ], [ 89.733230323971128, 26.21199209625679 ], [ 89.699124937996544, 26.189926711170028 ], [ 89.709237292014478, 26.172807761398232 ], [ 89.73088845555128, 26.177974596324631 ], [ 89.735229877673845, 26.172492546940681 ], [ 89.701378069934279, 26.151754835169072 ], [ 89.681302641237338, 26.163620965859359 ], [ 89.702059972981615, 26.173976648204192 ], [ 89.673471778970637, 26.201428099656749 ], [ 89.691504208742785, 26.211671109293796 ], [ 89.679453729617862, 26.21464222838279 ], [ 89.68587774930127, 26.230728389344918 ], [ 89.661996529749729, 26.219220161768561 ], [ 89.634439966400919, 26.229410090322311 ], [ 89.649996139786737, 26.190205659302546 ], [ 89.630181780375992, 26.195762137156517 ], [ 89.627813063108945, 26.183909091671534 ], [ 89.658584694164645, 26.17616692165754 ], [ 89.646096245016224, 26.164436323074163 ], [ 89.637095202226163, 26.178798275197575 ], [ 89.607455793381519, 26.179141274021489 ], [ 89.61888455298984, 26.166842127020011 ], [ 89.591628505748005, 26.157871112244706 ], [ 89.596549090598828, 26.135193927971574 ], [ 89.604239691713687, 26.117454213214756 ], [ 89.625186562593001, 26.128574296925912 ], [ 89.630326823260077, 26.118110379983804 ], [ 89.593882693206197, 26.102161313038412 ], [ 89.608151269074455, 26.088373830329864 ], [ 89.630321383961018, 26.106756756867618 ], [ 89.649900955197552, 26.0624841419231 ], [ 89.605102068996558, 26.063333313089039 ], [ 89.612580892283162, 26.052326594830284 ], [ 89.578722232194636, 26.026261729135946 ], [ 89.585179678189704, 25.975898449993654 ], [ 89.568906780361218, 25.967756466963486 ], [ 89.565968737816561, 25.980342215223725 ], [ 89.554896990261682, 25.965289450130708 ], [ 89.538252881608344, 25.973185278749728 ], [ 89.540895992872152, 26.005901428352345 ], [ 89.461648100727373, 25.998371774752048 ], [ 89.427476992209932, 26.013147404091225 ], [ 89.432802101009642, 26.037501186256321 ], [ 89.423843386835756, 26.0469201182723 ], [ 89.390857060058366, 26.022921229081405 ], [ 89.392537197998863, 26.007826367598778 ], [ 89.348960446385732, 26.010410437747961 ], [ 89.299404651971926, 26.050364274075136 ], [ 89.275756015230584, 26.049080174781082 ], [ 89.281054584203517, 26.065615449008849 ], [ 89.254407362958972, 26.064120772365023 ], [ 89.266508021077314, 26.091263237364743 ], [ 89.229437343960583, 26.123853613728567 ], [ 89.154950380887797, 26.13951658626593 ], [ 89.157280184035031, 26.163196336801381 ], [ 89.134780787189513, 26.180505919174244 ], [ 89.148846239598981, 26.206779120126416 ], [ 89.140877517377206, 26.235910179090538 ], [ 89.100104700616569, 26.279467656024629 ], [ 89.102740194166827, 26.312152421837503 ], [ 89.120501291400643, 26.28699057320679 ], [ 89.136307745306098, 26.320106874038284 ], [ 89.083601284306411, 26.32202313977777 ], [ 89.100240793585513, 26.336492087955591 ], [ 89.098315939290245, 26.358929703666927 ], [ 89.079707872677318, 26.362822328649401 ], [ 89.087612665393564, 26.397485580816145 ], [ 89.035982583733642, 26.394895692102772 ], [ 89.005936305438922, 26.421411053374445 ], [ 88.994039629568746, 26.412818628797528 ], [ 88.98326600321225, 26.446509255396286 ], [ 88.958807240594865, 26.458998074790276 ], [ 88.944766657145735, 26.425591665874496 ], [ 88.926192772327667, 26.432050523975644 ], [ 88.926559740409417, 26.406788241684733 ], [ 88.905241028986225, 26.405331509396795 ], [ 88.91807491270076, 26.400788946367896 ], [ 88.911931250929342, 26.366105000058223 ], [ 88.958429520577482, 26.361681017164571 ], [ 88.95229803996132, 26.332337475946389 ], [ 88.961410613085476, 26.352295648384118 ], [ 88.985126065619326, 26.349914829008515 ], [ 88.98554621935584, 26.332763798776078 ], [ 89.000968027233029, 26.329747490378235 ], [ 88.982657671288365, 26.309497083212332 ], [ 88.996806474779817, 26.29026612496332 ], [ 89.004376974734441, 26.30365544682715 ], [ 89.018406266360472, 26.289813095795246 ], [ 89.023333252606022, 26.307701670392071 ], [ 89.020083766847307, 26.289094241833702 ], [ 89.039880016221929, 26.276523533844866 ], [ 89.04641933736697, 26.295636705944354 ], [ 89.060552788650185, 26.291625924280901 ], [ 89.050685655840184, 26.241653383846508 ], [ 88.95680434875257, 26.240509284993625 ], [ 88.926280830581703, 26.283778077084072 ], [ 88.898269027098067, 26.288643876399409 ], [ 88.861331186557322, 26.272134466942383 ], [ 88.877864550004119, 26.233377952029304 ], [ 88.842305485982266, 26.230578980343047 ], [ 88.812802996556584, 26.256543007691576 ], [ 88.819110062776474, 26.294494218977096 ], [ 88.793564443768219, 26.309970004260595 ], [ 88.699738224967078, 26.284165659860111 ], [ 88.679479706140526, 26.258904844940457 ], [ 88.666499104183899, 26.264790442794535 ], [ 88.675130571981256, 26.320072043221941 ], [ 88.746508339193269, 26.322385462866436 ], [ 88.733877106423691, 26.328488097617281 ], [ 88.745870317050915, 26.347066519674179 ], [ 88.733262286866818, 26.353831741027381 ], [ 88.704693515330604, 26.332483036006803 ], [ 88.68102725005015, 26.380123424189474 ], [ 88.70227015444317, 26.388443579616627 ], [ 88.623760210337963, 26.43501227598064 ], [ 88.622890462378166, 26.471078515832517 ], [ 88.59558681161279, 26.470850827069807 ], [ 88.592952156190719, 26.449814083223103 ], [ 88.559533601421137, 26.45748674437117 ], [ 88.556763966042766, 26.484799191318558 ], [ 88.526481652712221, 26.481378852787962 ], [ 88.521393359584366, 26.510507221036029 ], [ 88.490245627275399, 26.511347059225631 ], [ 88.485081351945851, 26.540445738971709 ], [ 88.437156513609096, 26.5440721461474 ], [ 88.415188233997185, 26.63317340271827 ], [ 88.376039243385193, 26.594695564653644 ], [ 88.359393948057317, 26.53006957039603 ], [ 88.332129143139781, 26.493150491625148 ], [ 88.352201059423962, 26.448045816702958 ], [ 88.360593775680059, 26.484695510374689 ], [ 88.374493573361235, 26.488446414366322 ], [ 88.40429982899856, 26.486056679751449 ], [ 88.420532221790893, 26.465659242297843 ], [ 88.485245562183167, 26.460256696903247 ], [ 88.523351979754537, 26.360823899290892 ], [ 88.485372684575665, 26.349309379116271 ], [ 88.457723389038378, 26.376659938002643 ], [ 88.434569160774927, 26.335149699314009 ], [ 88.40435057123571, 26.329834807296159 ], [ 88.414938672129779, 26.314822870846648 ], [ 88.384661217786615, 26.313258651371719 ], [ 88.349623900671645, 26.282155744225459 ], [ 88.350269481238783, 26.220246310317716 ], [ 88.241611147340535, 26.188811934093113 ], [ 88.17722139987653, 26.147978425252802 ], [ 88.158507003276654, 26.079316001982694 ], [ 88.183550207122948, 26.072187464962887 ], [ 88.169536729439173, 26.045199473344518 ], [ 88.183207675911831, 26.026777041010096 ], [ 88.139712662006403, 26.012916974973493 ], [ 88.114028041284342, 25.958302057750238 ], [ 88.12221300506296, 25.948165028268384 ], [ 88.085915874423875, 25.915243536049857 ], [ 88.103016794365516, 25.889249680087829 ], [ 88.09439318413196, 25.873059049401459 ], [ 88.110679676165674, 25.867887909895916 ], [ 88.101166066352576, 25.828975559957723 ], [ 88.120113642243979, 25.812435023751586 ], [ 88.114476788396317, 25.797940844783511 ], [ 88.144258940437908, 25.793637747003917 ], [ 88.150538270275106, 25.775585169273327 ], [ 88.183314936553387, 25.801165817247863 ], [ 88.209155229924335, 25.787233117602572 ], [ 88.236267019409652, 25.809440181846849 ], [ 88.269785129970629, 25.807886179795506 ], [ 88.266506630424857, 25.782448742316742 ], [ 88.320949961568516, 25.737472172790408 ], [ 88.37425189421046, 25.717066195262269 ], [ 88.37149168395608, 25.69653901436488 ], [ 88.405183398437288, 25.68422000114883 ], [ 88.401685566231734, 25.672561589796963 ], [ 88.453843594970692, 25.664896030170794 ], [ 88.444351876202759, 25.596922397205951 ], [ 88.499915421777047, 25.583949291975877 ], [ 88.49387108942156, 25.559935384387881 ], [ 88.523501207889524, 25.535160719383747 ], [ 88.533092251581806, 25.54209917376274 ], [ 88.5399528129674, 25.508296083768006 ], [ 88.551910509598187, 25.520683350267305 ], [ 88.595294386631593, 25.506216643236932 ], [ 88.609086896721777, 25.516302177257959 ], [ 88.622476561814395, 25.496955333026211 ], [ 88.647920025306874, 25.496786236619329 ], [ 88.646375440447784, 25.478413232672018 ], [ 88.699599890701549, 25.471210933739947 ], [ 88.707516590586891, 25.49986744833231 ], [ 88.742149754757222, 25.504994633773588 ], [ 88.744938991375051, 25.487865309654779 ], [ 88.768716426765195, 25.498539532826346 ], [ 88.758690055892984, 25.525244492400564 ], [ 88.809892979652176, 25.523232593691112 ], [ 88.813312165252867, 25.488968781312437 ], [ 88.829656983999641, 25.490254741055544 ], [ 88.839170618965611, 25.459120172650533 ], [ 88.830001283993539, 25.41694458081437 ], [ 88.812391823277991, 25.410412689253182 ], [ 88.840855945575186, 25.397634093059626 ], [ 88.840184875311834, 25.36376036476425 ], [ 88.885122536851199, 25.325615720351735 ], [ 88.906294704305452, 25.337689830810014 ], [ 88.929461441609263, 25.304083301376185 ], [ 89.008950750596796, 25.30300719194295 ], [ 89.007629418645394, 25.263616557137805 ], [ 88.986666987148681, 25.274060190312387 ], [ 88.956295713655564, 25.255069590177008 ], [ 88.961675041172512, 25.209096707405077 ], [ 88.938005332649553, 25.211727341665089 ], [ 88.949114468086549, 25.178857739701456 ], [ 88.923075629969873, 25.164908859136322 ], [ 88.910982895890612, 25.180305544009169 ], [ 88.875264461754199, 25.179344147961984 ], [ 88.843762886648065, 25.213807085117228 ], [ 88.805860404612488, 25.170450625224912 ], [ 88.769401153217487, 25.189845138126156 ], [ 88.749359553277515, 25.177159392070219 ], [ 88.733187796766842, 25.198369505030136 ], [ 88.687310645662308, 25.209190173055621 ], [ 88.612988900736582, 25.204098985658646 ], [ 88.563863764958214, 25.175177527334249 ], [ 88.557614438851516, 25.19261097273214 ], [ 88.533977460445939, 25.187520212273235 ], [ 88.53777768893228, 25.197817623329435 ], [ 88.497148149866206, 25.210524891743585 ], [ 88.44368775261151, 25.197296900902511 ], [ 88.461321743622534, 25.149259083220965 ], [ 88.441419534366887, 25.12750809209685 ], [ 88.452869755625699, 25.079304933301533 ], [ 88.435696573405949, 25.049380983400763 ], [ 88.452543765992232, 25.036636846684967 ], [ 88.43636031880645, 25.006371478358691 ], [ 88.412002269908868, 24.99815469570709 ], [ 88.417205344373812, 24.974162287783436 ], [ 88.395247472642794, 24.969078786387215 ], [ 88.398838036138486, 24.945320221921683 ], [ 88.364040256590656, 24.953286185642455 ], [ 88.340904397976445, 24.940631463966813 ], [ 88.32427466685921, 24.916683034640556 ], [ 88.347007621187046, 24.892433360682311 ], [ 88.330619022146564, 24.870139789868052 ], [ 88.321058885889954, 24.883468500908588 ], [ 88.301709449554494, 24.87204376873207 ], [ 88.27608381580724, 24.897795375601433 ], [ 88.25826625316958, 24.877550193085913 ], [ 88.260518688912995, 24.919181998138242 ], [ 88.224837921136412, 24.960014314389589 ], [ 88.138044352183243, 24.936160964371386 ], [ 88.175019135940062, 24.860151240320299 ], [ 88.131912376595352, 24.836012375334523 ], [ 88.136284077332874, 24.805275112187719 ], [ 88.123544984745436, 24.823109429743941 ], [ 88.106097990637224, 24.779567254188635 ], [ 88.068306920358154, 24.769150160125861 ], [ 88.062845570367514, 24.721596494294673 ], [ 88.008800077012083, 24.667893990843854 ], [ 88.140755349133102, 24.51124047886011 ], [ 88.198401390758605, 24.462495466667889 ], [ 88.271923153584495, 24.440580501275605 ], [ 88.335654636269524, 24.380517076599073 ], [ 88.44643242470643, 24.37858059607753 ], [ 88.527119169103059, 24.344378716783005 ], [ 88.555134887444694, 24.293341348654231 ], [ 88.567688189566738, 24.326653649172556 ], [ 88.628488385936393, 24.305093365953681 ], [ 88.696587579042472, 24.315353360136111 ], [ 88.73543909434477, 24.27649549723629 ], [ 88.731577204598992, 24.171585789166166 ], [ 88.746490695382775, 24.147064667265326 ], [ 88.693190252147545, 24.11115289923875 ], [ 88.741631310955597, 24.057122441666948 ], [ 88.725530199755511, 24.041020120858601 ], [ 88.757555692996576, 24.031405999791641 ], [ 88.729045508684891, 23.996113571625298 ], [ 88.759463725439844, 24.006299337085608 ], [ 88.768711333317512, 23.981462458684561 ], [ 88.738759262244983, 23.98343484340182 ], [ 88.733403510114314, 23.910975074160358 ], [ 88.700916200172188, 23.912286920646519 ], [ 88.704338634979294, 23.899174941056266 ], [ 88.664282818444164, 23.882422347319508 ], [ 88.667585910269153, 23.869445008940296 ], [ 88.626736939728616, 23.864903790103053 ], [ 88.616439048570214, 23.876512051859493 ], [ 88.608480910299122, 23.862524816752813 ], [ 88.575640577721714, 23.861551709598864 ], [ 88.602134170883005, 23.81780230020896 ], [ 88.578126792831256, 23.786576074808231 ], [ 88.556518287592354, 23.78442636033633 ], [ 88.58071883217626, 23.76465730372767 ], [ 88.564728723100885, 23.713067460236392 ], [ 88.573820595447657, 23.666940880780057 ], [ 88.558538730718695, 23.649317573969821 ], [ 88.562170252001422, 23.637088266325748 ], [ 88.59376491413056, 23.640810242792426 ], [ 88.580465560266731, 23.603091601706065 ], [ 88.645178798251081, 23.609376931274941 ], [ 88.63876319398527, 23.590735066127131 ], [ 88.660137353919382, 23.549116128676999 ], [ 88.725134782927014, 23.511832882840359 ], [ 88.743987902762939, 23.480942234249351 ], [ 88.800786957043044, 23.497124098717169 ], [ 88.793325231391208, 23.444143092385787 ], [ 88.764974920250651, 23.448538076150403 ], [ 88.74926152731706, 23.400553925664301 ], [ 88.765434506434843, 23.36788389432915 ], [ 88.732032050373419, 23.351986590628638 ], [ 88.745298472897233, 23.307820191611466 ], [ 88.730416993578615, 23.319582537218789 ], [ 88.724644251577899, 23.29830358529788 ], [ 88.70985223098684, 23.312890265343945 ], [ 88.696278570262805, 23.301747645610224 ], [ 88.724421908663615, 23.27152936861501 ], [ 88.719044288844003, 23.254733065122547 ], [ 88.769537610004065, 23.244844200195789 ], [ 88.78980100308938, 23.218340436625954 ], [ 88.811438973069613, 23.221547792836752 ], [ 88.811003489582802, 23.25604936295867 ], [ 88.828798926714981, 23.244868607156011 ], [ 88.823274320057024, 23.233686180282298 ], [ 88.906851038147451, 23.235964972030676 ], [ 88.913966701310798, 23.214171242362589 ], [ 88.940483619228445, 23.20674412825969 ], [ 88.97593103164364, 23.224432668783081 ], [ 88.995606444137835, 23.214920526220261 ], [ 88.980394667763989, 23.213568494041276 ], [ 88.979111229446204, 23.182526168900555 ], [ 88.962307525201126, 23.193144687700649 ], [ 88.939094051248063, 23.176803859225679 ], [ 88.930843600285201, 23.143192577679933 ], [ 88.869424037086731, 23.100678793610602 ], [ 88.861007119318572, 23.07730534893782 ], [ 88.884117214250438, 23.04043268610733 ], [ 88.879326246413626, 23.005081580857993 ], [ 88.845086289216212, 23.009858277239285 ], [ 88.870967466712358, 22.978633050312872 ], [ 88.85704887807205, 22.968883476328131 ], [ 88.859636065616186, 22.943007590949545 ], [ 88.894264375290703, 22.951998936705564 ], [ 88.886848504142549, 22.934038118366477 ], [ 88.908393702408446, 22.918884847155752 ], [ 88.895713158418005, 22.913564773847103 ], [ 88.909429701577864, 22.879856068193426 ], [ 88.945374819288006, 22.880674606933553 ], [ 88.968462570423824, 22.845043219012101 ], [ 88.958254321249314, 22.796582893396401 ], [ 88.91100487227574, 22.7577305309647 ], [ 88.927970309204539, 22.718084765283724 ], [ 88.962366413361252, 22.694972385241101 ], [ 88.927169596774348, 22.649230781386905 ], [ 88.93494582709873, 22.621196985048613 ], [ 88.960081401112404, 22.616633177985786 ], [ 88.938938910401845, 22.592205311283671 ], [ 88.940697394011536, 22.561348341693854 ], [ 88.961864626121638, 22.548733385118798 ], [ 88.996161906613978, 22.468108420828223 ], [ 89.0000701593099, 22.42983951480316 ], [ 88.971906809139512, 22.409885843099357 ], [ 88.994167108592379, 22.387856152276488 ], [ 88.984479689144862, 22.326697168286817 ], [ 89.024545642269672, 22.297164357407091 ], [ 88.995097313170788, 22.286264582744433 ], [ 89.020466090730551, 22.268503365393443 ], [ 89.013880900708756, 22.253963189951389 ], [ 89.034199713558905, 22.25825832077896 ], [ 89.03788788889166, 22.232427313604237 ], [ 89.071613853439715, 22.196887912847259 ], [ 89.071069158170545, 22.147275575622253 ], [ 89.098165609820711, 22.154712081668375 ], [ 89.038275843415107, 22.096862197214207 ], [ 89.077226506673625, 22.006388189193689 ], [ 89.072743323212748, 21.94444026332453 ], [ 89.066284175808462, 21.930800836390762 ], [ 89.027822293082551, 21.928889464635013 ], [ 88.996398946864645, 21.953397548365952 ], [ 89.014098059445558, 21.976722651257155 ], [ 89.011816644051081, 21.984261984367855 ], [ 89.001540694243474, 21.986670263168975 ], [ 89.027174472117082, 21.997511438918693 ], [ 89.030382632677799, 22.001048267176404 ], [ 89.013742534103869, 21.996527647686946 ], [ 89.000322645193549, 21.987667921837609 ], [ 88.989379000093138, 21.974264994328653 ], [ 88.989023062424735, 21.983406156040495 ], [ 88.964399324205417, 22.006087391857953 ], [ 88.935650956087727, 22.011805584370656 ], [ 88.917806019986742, 21.980930739971868 ], [ 88.915106482844976, 22.008462811328119 ], [ 88.902468345624115, 22.003853085961474 ], [ 88.904361509152807, 21.927890704918024 ], [ 88.85824089843662, 21.920363808729785 ], [ 88.805749024297043, 21.938068563205885 ], [ 88.799044579328083, 21.922103126195918 ], [ 88.839800968597075, 21.886360104120516 ], [ 88.820066556551694, 21.837758407615922 ], [ 88.83083257238107, 21.808069531311727 ], [ 88.821476236014647, 21.781442506075162 ], [ 88.86469530004122, 21.761442543654283 ], [ 88.841164527655053, 21.716880046726597 ], [ 88.861548698332001, 21.640940769398178 ], [ 88.845587954284952, 21.61910268889849 ], [ 88.804494775836119, 21.637163418068116 ], [ 88.822442689411403, 21.667024860678186 ], [ 88.814594495049604, 21.71072785221288 ], [ 88.762708871437411, 21.701971876773921 ], [ 88.793834489919035, 21.737005474264656 ], [ 88.790491581167416, 21.750034473625281 ], [ 88.777041738832239, 21.732441263356129 ], [ 88.755869360273891, 21.735315814051312 ], [ 88.767208532695591, 21.763307961108072 ], [ 88.750132785344817, 21.770489608063386 ], [ 88.765679710574773, 21.786360687093882 ], [ 88.781147075613291, 21.825167384630447 ], [ 88.745526238042601, 21.773242414047079 ], [ 88.759766315756764, 21.761796474667811 ], [ 88.75235209301718, 21.733299078278222 ], [ 88.777573273782494, 21.721283497887701 ], [ 88.756548550409065, 21.70297269902921 ], [ 88.768703287107527, 21.69368786282708 ], [ 88.809932606135973, 21.704483912784593 ], [ 88.807942328436894, 21.662676942358097 ], [ 88.744790426196744, 21.660831901694813 ], [ 88.711408032210556, 21.689581087411206 ], [ 88.693759745410119, 21.745307856954824 ], [ 88.711276595209782, 21.78698238620326 ], [ 88.696043211658377, 21.84258665336748 ], [ 88.725494294991918, 21.979543106997159 ], [ 88.751464655432841, 22.006230924035201 ], [ 88.71019916214621, 21.995954095184626 ], [ 88.678620163042368, 21.94309488901585 ], [ 88.630717532856053, 21.954360311797025 ], [ 88.634875865747304, 22.01077253488803 ], [ 88.6128382146359, 22.006402625257614 ], [ 88.60208822205621, 21.996723142269175 ], [ 88.599101680367681, 21.991611082205011 ], [ 88.596593855385663, 21.990730142042089 ], [ 88.594822233914911, 21.988684278664724 ], [ 88.579746639443172, 21.998957926990883 ], [ 88.571437315591538, 21.999980359755074 ], [ 88.584105120572957, 21.989979005308982 ], [ 88.574098952811482, 21.977895889219749 ], [ 88.574937336991411, 21.962078282124835 ], [ 88.55398400722521, 21.976362006925225 ], [ 88.544041975581735, 21.973015837784065 ], [ 88.54092312822155, 21.966719605246031 ], [ 88.548834361858397, 21.920272218798797 ], [ 88.568556882904375, 21.903247710067827 ], [ 88.54103126112723, 21.907421586659929 ], [ 88.53876465086698, 21.863235624236367 ], [ 88.52850736355937, 21.873064733908635 ], [ 88.52001074456426, 21.875163721349949 ], [ 88.53750611474716, 21.856714450318488 ], [ 88.449589613061278, 21.905664859851587 ], [ 88.438755531882805, 21.906012504908634 ], [ 88.431098612201211, 21.901201572822874 ], [ 88.42285912337978, 21.903895379347372 ], [ 88.418048910036319, 21.902605217053768 ], [ 88.434310637314283, 21.898969830213261 ], [ 88.450663536407021, 21.904919330356986 ], [ 88.483035288867626, 21.872032755332075 ], [ 88.487863014867557, 21.840375352025315 ], [ 88.473290033187155, 21.837534280267167 ], [ 88.447366526176523, 21.812988022684188 ], [ 88.459168165679529, 21.791890093289037 ], [ 88.445161498123923, 21.803027489228267 ], [ 88.430465668235158, 21.800377775032356 ], [ 88.425881773749452, 21.814522124261025 ], [ 88.417423563122654, 21.813156135604327 ], [ 88.379365507252899, 21.787616378749643 ], [ 88.374632477158656, 21.76813144497439 ], [ 88.342694130381645, 21.761133205062851 ], [ 88.344298316663185, 21.721035903309328 ], [ 88.32725499130764, 21.726485156241608 ], [ 88.32080181770003, 21.708737972172369 ], [ 88.306145953858277, 21.717677991139638 ], [ 88.309482581589464, 21.733854403365065 ], [ 88.299964764965893, 21.781409728596724 ], [ 88.282973864392034, 21.789456429288769 ], [ 88.261631813839443, 21.731561196322293 ], [ 88.301172336964669, 21.682421916588055 ], [ 88.284415810441686, 21.600706414060532 ], [ 88.310161643265545, 21.581003015251895 ], [ 88.284422881979609, 21.55901713425914 ], [ 88.253209911319757, 21.55862667741145 ], [ 88.218462465275636, 21.615931918389599 ], [ 88.237051814591297, 21.64380056786635 ], [ 88.233003412134664, 21.669109128021525 ], [ 88.199754000251602, 21.682696685397282 ], [ 88.220430342584791, 21.701882409741021 ], [ 88.215292199246875, 21.778031249066927 ], [ 88.19978804729918, 21.835969499941687 ], [ 88.194598184357076, 21.845562874184104 ], [ 88.177486171119995, 21.861563215266415 ], [ 88.174344055597317, 21.86898754872464 ], [ 88.163758363984783, 21.883033904050311 ], [ 88.170875014396643, 21.929280478880891 ], [ 88.149696336851477, 21.957660393862454 ], [ 88.214731895749665, 22.038594126700186 ], [ 88.224410302399932, 22.089915969033633 ], [ 88.205119711105468, 22.164760590404814 ], [ 88.168582505706738, 22.197167599168527 ], [ 88.069335939617773, 22.211910243395202 ], [ 88.086131429667901, 22.237856147679945 ], [ 88.084605978924344, 22.256342071659656 ], [ 88.060571293884635, 22.205770532196194 ], [ 87.986490301048278, 22.238258943633728 ], [ 87.955931895006728, 22.269732296345037 ], [ 87.947643130897035, 22.254754182656235 ], [ 87.968016776013769, 22.240448098965853 ] ] ], [ [ [ 88.533367813388466, 21.568230478668916 ], [ 88.547833876685431, 21.536668369020081 ], [ 88.534489592684352, 21.527219101410413 ], [ 88.4847461159532, 21.552577253272755 ], [ 88.498662429160888, 21.600959986660012 ], [ 88.533725510856499, 21.582644928337427 ], [ 88.533367813388466, 21.568230478668916 ] ] ], [ [ [ 88.868929044703904, 21.596666788289792 ], [ 88.905724009995367, 21.555643527333899 ], [ 88.881418454151358, 21.534155467606421 ], [ 88.848843389585767, 21.540579170592366 ], [ 88.826825034286699, 21.56599767359949 ], [ 88.832093346204218, 21.60846965915621 ], [ 88.868929044703904, 21.596666788289792 ] ] ], [ [ [ 89.142234389376213, 21.592468550409407 ], [ 89.135764826006252, 21.60058832107584 ], [ 89.150791688670452, 21.600510025849932 ], [ 89.148685489672161, 21.594468219654324 ], [ 89.142234389376213, 21.592468550409407 ] ] ], [ [ [ 88.948180117783139, 21.596922583886123 ], [ 88.945606228000159, 21.596535280361181 ], [ 88.944936681279543, 21.599913366744524 ], [ 88.946868507399742, 21.600702763277408 ], [ 88.948180117783139, 21.596922583886123 ] ] ], [ [ [ 88.783439531302591, 21.611985304817061 ], [ 88.80004792743182, 21.591239484330991 ], [ 88.776113948027032, 21.569835754391899 ], [ 88.715443812439148, 21.572463862321833 ], [ 88.717502154588999, 21.64400576390365 ], [ 88.684426093301255, 21.684306528378734 ], [ 88.692510886840878, 21.720156182063402 ], [ 88.70777969815046, 21.681373384294702 ], [ 88.743788347412462, 21.6521218820277 ], [ 88.774663085299849, 21.649288921631605 ], [ 88.783439531302591, 21.611985304817061 ] ] ], [ [ [ 88.628583645085769, 21.651454190135237 ], [ 88.631410170771034, 21.674452552598165 ], [ 88.642377376884724, 21.679193387871724 ], [ 88.636104470001825, 21.650871388384477 ], [ 88.628583645085769, 21.651454190135237 ] ] ], [ [ [ 88.437728123302463, 21.799905625952448 ], [ 88.45632843475957, 21.78894737368622 ], [ 88.471159930917466, 21.793134579406882 ], [ 88.452795570952901, 21.718538006376065 ], [ 88.471506294341566, 21.673876962143016 ], [ 88.450160902056112, 21.611770274343979 ], [ 88.43239176040889, 21.603752712028669 ], [ 88.441130655934444, 21.622828423847004 ], [ 88.419140625414585, 21.682925880353402 ], [ 88.432488418235152, 21.704380393002683 ], [ 88.383498938844468, 21.777325073775689 ], [ 88.420218062969738, 21.811529890127279 ], [ 88.429991384714626, 21.799271579345362 ], [ 88.437728123302463, 21.799905625952448 ] ] ], [ [ [ 88.600076465638693, 21.612378552583735 ], [ 88.526219252122786, 21.662866207303335 ], [ 88.506285524577066, 21.758358757407066 ], [ 88.543169524591292, 21.811714315392212 ], [ 88.573271221752506, 21.788492490342055 ], [ 88.559904591260434, 21.771089473814559 ], [ 88.573551958753512, 21.722659987687329 ], [ 88.608619770977413, 21.681482723039828 ], [ 88.591007289227576, 21.658341639328963 ], [ 88.608565066271566, 21.622553469216989 ], [ 88.600076465638693, 21.612378552583735 ] ] ], [ [ [ 88.629745069730077, 21.751470491335631 ], [ 88.627564921417587, 21.729308984278148 ], [ 88.603538908713602, 21.70776762485626 ], [ 88.623123274258802, 21.735093455723675 ], [ 88.615669750225521, 21.745722960074133 ], [ 88.587385843449042, 21.757209834805177 ], [ 88.590444578245396, 21.780777559658631 ], [ 88.620608121718988, 21.782379952300627 ], [ 88.629745069730077, 21.751470491335631 ] ] ], [ [ [ 88.584894811572909, 21.745781284664279 ], [ 88.568900948437957, 21.769477885887238 ], [ 88.582226938248283, 21.776408928599949 ], [ 88.587822054571234, 21.752906452968681 ], [ 88.619512991844317, 21.734253410388899 ], [ 88.59293402639166, 21.720527080746262 ], [ 88.578796167075353, 21.727527391679509 ], [ 88.584894811572909, 21.745781284664279 ] ] ], [ [ [ 89.027525087267449, 21.850241407131278 ], [ 89.019459502403535, 21.766152011359079 ], [ 89.055923803228765, 21.732524123281916 ], [ 89.094198934291967, 21.641339263135563 ], [ 89.050494997404286, 21.615566640861058 ], [ 89.024070128057176, 21.658217230696685 ], [ 89.035535759914666, 21.615411807019338 ], [ 88.997975493781524, 21.603225688063663 ], [ 88.997268038155923, 21.621971086982175 ], [ 88.968287975661823, 21.619833498249392 ], [ 88.938723065900334, 21.646142393837835 ], [ 88.951309534720977, 21.693853910231919 ], [ 88.921262422789681, 21.721520800626454 ], [ 88.931708715633036, 21.7444257259891 ], [ 88.92084010231676, 21.762386558815241 ], [ 88.914673076263085, 21.716179027910464 ], [ 88.940132492936726, 21.689041634706861 ], [ 88.92296700568572, 21.632307655587855 ], [ 88.88413263383228, 21.661173727393678 ], [ 88.869648145190553, 21.704167539184258 ], [ 88.877220316011616, 21.766613411118332 ], [ 88.835056511034111, 21.782792208778712 ], [ 88.853154975962809, 21.88888971922842 ], [ 88.819005162907487, 21.929260400911968 ], [ 88.859691406329233, 21.912713243405765 ], [ 88.902586550440773, 21.92102554658489 ], [ 88.911820282042299, 21.930882338178314 ], [ 89.024823902615452, 21.87130980633809 ], [ 89.027525087267449, 21.850241407131278 ] ] ], [ [ [ 88.499539026774684, 21.812590307970289 ], [ 88.485456794734034, 21.798860573845332 ], [ 88.451897641046031, 21.813022123164405 ], [ 88.482504874116543, 21.835023406224622 ], [ 88.499539026774684, 21.812590307970289 ] ] ], [ [ [ 88.562609336834228, 21.839571371776906 ], [ 88.555921095676297, 21.828112611372944 ], [ 88.559972687152211, 21.851509573618994 ], [ 88.554054388431055, 21.875674395019235 ], [ 88.574420399664561, 21.879655854346183 ], [ 88.562609336834228, 21.839571371776906 ] ] ], [ [ [ 88.65917445156299, 21.888141132025197 ], [ 88.644564893179165, 21.787937833718065 ], [ 88.586309979742296, 21.801521336596476 ], [ 88.580206681971532, 21.834727531711128 ], [ 88.636640483952064, 21.921775316929175 ], [ 88.670091750872729, 21.914218069801912 ], [ 88.65917445156299, 21.888141132025197 ] ] ], [ [ [ 88.571560501566452, 21.881298583624066 ], [ 88.552975025786296, 21.876676411763057 ], [ 88.551482515365905, 21.816704188309661 ], [ 88.531080126855002, 21.84551666540127 ], [ 88.550337242430402, 21.87878844465039 ], [ 88.541431140786074, 21.902188321791307 ], [ 88.570425679630972, 21.900493847772207 ], [ 88.571560501566452, 21.881298583624066 ] ] ], [ [ [ 88.605976054249098, 21.931668470333928 ], [ 88.605954739024028, 21.91138010383839 ], [ 88.577192801853954, 21.893013699381893 ], [ 88.568510339392859, 21.910639663987599 ], [ 88.549873372180613, 21.922995589637456 ], [ 88.544377216964307, 21.970857595627614 ], [ 88.605976054249098, 21.931668470333928 ] ] ], [ [ [ 88.99210449225842, 21.96171103222424 ], [ 88.991120953803275, 21.94408093187813 ], [ 89.019310936326903, 21.921080037074905 ], [ 89.011569071952039, 21.90302041414806 ], [ 88.940972178775525, 21.932341417688409 ], [ 88.924867800402708, 21.965107899918049 ], [ 88.943636310616967, 22.000870502633358 ], [ 88.987587795349199, 21.971466605924103 ], [ 89.009767574311596, 21.980333250935267 ], [ 88.99210449225842, 21.96171103222424 ] ] ], [ [ [ 88.60935255819571, 21.945445809286859 ], [ 88.61251937289714, 21.931628525059832 ], [ 88.576486905703703, 21.960642837983531 ], [ 88.576572102823562, 21.979982861100385 ], [ 88.595258102778971, 21.988300513932259 ], [ 88.599164769948402, 21.991001527783364 ], [ 88.606078967044667, 22.000046538090626 ], [ 88.60935255819571, 21.945445809286859 ] ] ], [ [ [ 89.790150669679193, 26.341156784757853 ], [ 89.806740559615264, 26.349101989936205 ], [ 89.823121338821181, 26.327937365210463 ], [ 89.814703563161927, 26.321647204843906 ], [ 89.790150669679193, 26.341156784757853 ] ] ] ] } },
{ "type": "Feature", "properties": { "stname": "TRIPURA", "num_caaqms": 1, "num_manual": 2 }, "geometry": { "type": "Polygon", "coordinates": [ [ [ 91.818524361392534, 23.082840504383999 ], [ 91.806027571386693, 23.063028389667085 ], [ 91.774517408386444, 23.069615985970216 ], [ 91.780082264060724, 23.028531393086556 ], [ 91.769212076896054, 23.041266179782923 ], [ 91.720624702291161, 22.987423858972079 ], [ 91.64592181476678, 22.985156116884202 ], [ 91.618193012038674, 22.938453588816891 ], [ 91.60044536797453, 22.954084715284459 ], [ 91.613796386645305, 22.95837145625125 ], [ 91.605650759194617, 22.972026910081237 ], [ 91.57676254315011, 22.965218997095413 ], [ 91.542486514102492, 22.999457074803004 ], [ 91.550356508779572, 23.038408582153661 ], [ 91.530489669789901, 23.038308418876309 ], [ 91.52983207425585, 23.091661978992864 ], [ 91.503145755635174, 23.130490965773955 ], [ 91.515318050804197, 23.144988361184616 ], [ 91.490881791883012, 23.157603633927025 ], [ 91.491741229878244, 23.177559641072335 ], [ 91.507540481091738, 23.183684344332317 ], [ 91.470756683655893, 23.196419760402872 ], [ 91.484430814656264, 23.209180861297561 ], [ 91.45059509843837, 23.21951117216889 ], [ 91.470272857332077, 23.227630568650849 ], [ 91.44706125007815, 23.243769274278986 ], [ 91.454210400638658, 23.260370828364554 ], [ 91.419053397385156, 23.256900183805612 ], [ 91.408893073331001, 23.285125773646925 ], [ 91.411324415749775, 23.255664476228581 ], [ 91.397561153008624, 23.265124652258837 ], [ 91.408744825257983, 23.247616221249388 ], [ 91.39250775044637, 23.245391379730812 ], [ 91.400911222231372, 23.229114399621011 ], [ 91.386470969329153, 23.227555607218022 ], [ 91.379898807573966, 23.184454446620052 ], [ 91.417386265253313, 23.064813641234952 ], [ 91.395785711901283, 23.056133816058328 ], [ 91.369791072693189, 23.070371372620777 ], [ 91.323334565722604, 23.158013804161282 ], [ 91.326606822875476, 23.252286584168377 ], [ 91.300223727884003, 23.2924520886435 ], [ 91.313135753350124, 23.306385380606592 ], [ 91.289852827049174, 23.318524493828647 ], [ 91.32008596839772, 23.360088305286421 ], [ 91.29107762065027, 23.350698399672314 ], [ 91.249342416267879, 23.490170954984023 ], [ 91.200763622370559, 23.520023544196889 ], [ 91.212945673243553, 23.550414122376388 ], [ 91.194450765610341, 23.547177648172788 ], [ 91.178092349963435, 23.591745425658402 ], [ 91.16281570534457, 23.59507280820042 ], [ 91.156303814256702, 23.670717389753072 ], [ 91.199421695642954, 23.646578891392583 ], [ 91.208528570753302, 23.68640121383352 ], [ 91.154242715177276, 23.688392931977894 ], [ 91.149198517651769, 23.711525058294225 ], [ 91.16588061875342, 23.748794480964104 ], [ 91.210374894326407, 23.749155688977304 ], [ 91.21902825406724, 23.736426458593392 ], [ 91.226364696177953, 23.751138359797508 ], [ 91.226416368171428, 23.790926414097029 ], [ 91.254114950675046, 23.837994372891565 ], [ 91.229615583308544, 23.880594420604918 ], [ 91.246184463446724, 23.913080148993597 ], [ 91.233018993594541, 23.926957193305402 ], [ 91.276213687225763, 23.922524989739031 ], [ 91.264230523356673, 23.944219373271732 ], [ 91.284688203173317, 23.982099853151162 ], [ 91.287489769168417, 23.968184438021289 ], [ 91.299794085243164, 23.972119652620957 ], [ 91.303624730685058, 23.996605276626575 ], [ 91.379526578957879, 23.97532618579995 ], [ 91.374244495867046, 24.004246522864594 ], [ 91.396598466247866, 24.049620145047967 ], [ 91.375479827604735, 24.107077289841133 ], [ 91.586072955842567, 24.072600980645621 ], [ 91.594540010383369, 24.096533710249457 ], [ 91.63793269899142, 24.102922463939155 ], [ 91.634445946606633, 24.138054956867869 ], [ 91.660128131097636, 24.189535141011778 ], [ 91.647749897149765, 24.218488992938177 ], [ 91.665395116203513, 24.233512188763758 ], [ 91.684756671710446, 24.165825520109355 ], [ 91.759474086789581, 24.141646009835057 ], [ 91.745028478131673, 24.246974818607168 ], [ 91.820597116112793, 24.209230131639345 ], [ 91.844149061790219, 24.226135335097457 ], [ 91.846986961943614, 24.190297001201447 ], [ 91.874041161334389, 24.173857181604578 ], [ 91.884626570875909, 24.138601729380792 ], [ 91.905752578399316, 24.138600244785334 ], [ 91.940818656874725, 24.268091503911879 ], [ 91.919988763713377, 24.337460944901355 ], [ 91.957580625391685, 24.356280362262591 ], [ 91.995950607769075, 24.322054484997459 ], [ 91.967205183430565, 24.380989380909604 ], [ 91.984752061215232, 24.376602635061349 ], [ 91.997361437973936, 24.392444090403529 ], [ 92.090405447843096, 24.371888670345609 ], [ 92.122948844099966, 24.384009769122329 ], [ 92.136799627902633, 24.424959849336794 ], [ 92.167875380902842, 24.425337599080034 ], [ 92.151450560891803, 24.496047928177578 ], [ 92.169208313697837, 24.531727457605278 ], [ 92.230439096837685, 24.50171026472232 ], [ 92.23018395643237, 24.461514608408063 ], [ 92.259232257650382, 24.439425000094523 ], [ 92.273862606643107, 24.389075634194427 ], [ 92.212872404014476, 24.249926839374389 ], [ 92.28959251600152, 24.25235339265091 ], [ 92.332057446143693, 24.179561224401137 ], [ 92.312312919068177, 24.054401132288675 ], [ 92.326148120693929, 23.997438017892545 ], [ 92.307965319231442, 23.960559024755675 ], [ 92.325067832784413, 23.91376421521597 ], [ 92.316731414845478, 23.864347401634305 ], [ 92.287595225155002, 23.868477209666491 ], [ 92.269175484951475, 23.846912927801892 ], [ 92.282482134033714, 23.817606603368176 ], [ 92.257098313286235, 23.812770007853089 ], [ 92.265490546248685, 23.72500719715055 ], [ 92.239169375723009, 23.718427862088685 ], [ 92.222623959580048, 23.652825855724334 ], [ 92.206603582669473, 23.661004236659075 ], [ 92.207030151275418, 23.700615207705884 ], [ 92.177670893730195, 23.707618023961125 ], [ 92.169733931445307, 23.739681588221398 ], [ 92.144281932160979, 23.73309145717467 ], [ 92.09969410513601, 23.676708599350619 ], [ 92.083029436740745, 23.680053329820502 ], [ 92.079056757770957, 23.649558442599552 ], [ 92.063119475024195, 23.645033873375656 ], [ 92.000639304207411, 23.670578513127893 ], [ 91.978268352972776, 23.733083529768404 ], [ 91.950567741174922, 23.725942924219201 ], [ 91.957907979566031, 23.694552492212576 ], [ 91.934018384122794, 23.684555153599494 ], [ 91.969125494945445, 23.476382123256567 ], [ 91.936662223920308, 23.466602378173931 ], [ 91.943085686648217, 23.435298512410743 ], [ 91.899711329061859, 23.440600248052831 ], [ 91.844989450111541, 23.404685385227342 ], [ 91.825171275555789, 23.352394103123327 ], [ 91.7626551236186, 23.30280601968439 ], [ 91.809941618216172, 23.165377061901303 ], [ 91.813516012036757, 23.099081328767429 ], [ 91.83581967765997, 23.093057460052773 ], [ 91.818524361392534, 23.082840504383999 ] ] ] } },
{ "type": "Feature", "properties": { "stname": "ASSAM", "num_caaqms": 8, "num_manual": 31 }, "geometry": { "type": "Polygon", "coordinates": [ [ [ 92.387050937906693, 24.254003795679512 ], [ 92.212872404014476, 24.249926839374389 ], [ 92.273878443941584, 24.387698817949829 ], [ 92.259232257650382, 24.439425000094523 ], [ 92.23018395643237, 24.461514608408063 ], [ 92.230439096837685, 24.50171026472232 ], [ 92.212936493420116, 24.504011810997678 ], [ 92.231145390043281, 24.531253311344223 ], [ 92.25493324409409, 24.677118696182614 ], [ 92.295578722866566, 24.73553195665767 ], [ 92.279508883818124, 24.745001857742793 ], [ 92.288918651977653, 24.784485563036622 ], [ 92.272111818900456, 24.827909807178301 ], [ 92.241461145997761, 24.842022753622267 ], [ 92.247226841613383, 24.887517545175374 ], [ 92.232873168338244, 24.900146089717513 ], [ 92.29942532418454, 24.915720938672102 ], [ 92.400095908644971, 24.848650669954619 ], [ 92.437112602403062, 24.855499275696733 ], [ 92.445027686219206, 24.872034731241627 ], [ 92.487922619226651, 24.871309683399858 ], [ 92.487712728758837, 24.946567113052854 ], [ 92.449022010095746, 24.938952583126969 ], [ 92.468505826312864, 24.962175725644414 ], [ 92.420333511098477, 24.965946164245651 ], [ 92.416346751934967, 24.989922998355066 ], [ 92.43850529472401, 25.044072961026188 ], [ 92.464285480022639, 25.037435366011177 ], [ 92.456977799272394, 25.054067753696966 ], [ 92.480965917444422, 25.10857565373923 ], [ 92.539182374004, 25.098910295782659 ], [ 92.522449968144727, 25.139219109599463 ], [ 92.621432755628561, 25.115026384205613 ], [ 92.663475243126911, 25.17666786879057 ], [ 92.802914666442504, 25.216172577024729 ], [ 92.761887948951653, 25.246528441353618 ], [ 92.792301925658464, 25.28206795160715 ], [ 92.786757800405994, 25.315032270828073 ], [ 92.782131230554413, 25.332745274659551 ], [ 92.750821603864921, 25.34346922039299 ], [ 92.737354260551413, 25.379695051809215 ], [ 92.717227067334534, 25.372916195140494 ], [ 92.674294448204279, 25.413455246358776 ], [ 92.661644204388352, 25.406354610163444 ], [ 92.653620092944465, 25.433523478311464 ], [ 92.639561250338872, 25.417565720387618 ], [ 92.625327447356923, 25.434745092935572 ], [ 92.627638466731582, 25.42196714518311 ], [ 92.606631023350943, 25.413232466213685 ], [ 92.598613124655586, 25.468138397683767 ], [ 92.565063605399033, 25.464662258354121 ], [ 92.57365409564639, 25.490478204986648 ], [ 92.642839362710731, 25.534809367339125 ], [ 92.661272251555076, 25.571956240387365 ], [ 92.65337936421129, 25.590612115320223 ], [ 92.594311369441058, 25.551593052951262 ], [ 92.572491497802289, 25.55735061117613 ], [ 92.55665100583245, 25.571326886012653 ], [ 92.554346774128092, 25.614523840876593 ], [ 92.505629700762455, 25.616311351614559 ], [ 92.470333458639871, 25.675151600027409 ], [ 92.440374704999954, 25.692129517931829 ], [ 92.444136738917038, 25.719839777281372 ], [ 92.406620727388088, 25.74459965468159 ], [ 92.381533851045944, 25.742386976602276 ], [ 92.383787082696699, 25.754402734146321 ], [ 92.333510356131399, 25.724115856718676 ], [ 92.225034337116711, 25.716089602901388 ], [ 92.1701956681963, 25.667128952320816 ], [ 92.156158177646645, 25.672199915170271 ], [ 92.144361557929471, 25.717598821604405 ], [ 92.162549107886534, 25.739484990294056 ], [ 92.151099969097658, 25.816638807183086 ], [ 92.177244004425717, 25.872749794036924 ], [ 92.225337641594265, 25.909507227147724 ], [ 92.154484795037078, 25.911209168079594 ], [ 92.152436496052104, 25.944318641284148 ], [ 92.181389021589482, 25.985326190361569 ], [ 92.262796582254921, 26.032628188126367 ], [ 92.274701836137751, 26.065662353712568 ], [ 92.169149773185723, 26.07755248713001 ], [ 92.132011361299917, 26.044297378652988 ], [ 91.988611429389991, 26.038376649304396 ], [ 91.920272853227004, 25.997755332933711 ], [ 91.914692282425165, 26.020498891967343 ], [ 91.867237984329137, 26.042247790363565 ], [ 91.879170652099504, 26.097976153875113 ], [ 91.825404064978486, 26.119401812099998 ], [ 91.791362178216389, 26.085231728349736 ], [ 91.731061162175408, 26.05892674006034 ], [ 91.720107996729624, 25.953595971644106 ], [ 91.670600715832734, 25.904151547930294 ], [ 91.6094720639542, 25.937392046279445 ], [ 91.640744539916781, 25.964132804660963 ], [ 91.62620043727614, 25.986153071162015 ], [ 91.630471026340203, 26.022522209081302 ], [ 91.597534137446175, 26.018074388179588 ], [ 91.58023593040015, 26.03329754179396 ], [ 91.501244859408558, 25.918860422855673 ], [ 91.537019304401255, 25.931523387346122 ], [ 91.474860979289531, 25.873449809754089 ], [ 91.511417145428979, 25.865341598821189 ], [ 91.527718783956701, 25.890848756271808 ], [ 91.530747474598371, 25.871822816816348 ], [ 91.445148692820823, 25.839737870380365 ], [ 91.423529142795502, 25.854351816362268 ], [ 91.335703884789623, 25.8406932258433 ], [ 91.274538219626407, 25.750447491177066 ], [ 91.222454067438122, 25.722563262230572 ], [ 91.178262142331903, 25.777351631876087 ], [ 91.203493810928151, 25.842586891095031 ], [ 91.195626662113895, 25.861047470853322 ], [ 91.180227969685589, 25.843972086925909 ], [ 91.14755001118904, 25.850491596232903 ], [ 91.062134395897914, 25.820778056825056 ], [ 91.048884339780287, 25.829272847356883 ], [ 91.078445393074276, 25.851705466392016 ], [ 91.048948649273157, 25.849226437087474 ], [ 91.006014599126672, 25.820383328318073 ], [ 91.030375781347971, 25.885929943622472 ], [ 90.968381356554801, 25.885693439185275 ], [ 90.947569085644375, 25.947708272662361 ], [ 90.91733641591135, 25.944407682334941 ], [ 90.916836389369706, 25.914056373316942 ], [ 90.885084687355857, 25.949942299368058 ], [ 90.836500960809332, 25.937142790798955 ], [ 90.808475136420725, 25.952193349377438 ], [ 90.763886616794665, 25.907715469759037 ], [ 90.760524534401625, 25.921884359771148 ], [ 90.745305005566848, 25.91176907304677 ], [ 90.738976554951577, 25.916158350010566 ], [ 90.754151690841653, 25.929432567643499 ], [ 90.740397012401331, 25.93939460814186 ], [ 90.748095024617285, 25.956716088597613 ], [ 90.717587516221414, 25.954941026268592 ], [ 90.631643251368757, 25.919826423142105 ], [ 90.621866172869346, 25.897836410779256 ], [ 90.60626618774883, 25.916617031330155 ], [ 90.624124181760791, 25.939175481244497 ], [ 90.589313792561313, 25.958226312857153 ], [ 90.514980028177078, 25.896101308329136 ], [ 90.535004403819812, 25.949588216101759 ], [ 90.476134376178635, 26.00958672529163 ], [ 90.423815009116339, 25.989002869380904 ], [ 90.399746833984508, 26.012516165055239 ], [ 90.372176782431708, 26.011265518615954 ], [ 90.327422735638152, 25.974374789991824 ], [ 90.202870238126735, 25.96086255214783 ], [ 90.186884185843184, 25.944094618681785 ], [ 90.149603211321775, 25.966267691349078 ], [ 90.116850301889485, 25.957218028026098 ], [ 90.041584653975605, 25.887493101117954 ], [ 90.019367557199686, 25.892076001170437 ], [ 90.005724590553172, 25.878989681316963 ], [ 90.022331405647492, 25.86013602095101 ], [ 90.003585712641438, 25.83923547788914 ], [ 89.948299208399106, 25.825509132321557 ], [ 89.959351405918454, 25.779930206321644 ], [ 89.937771995314961, 25.745700945821465 ], [ 89.894739283200821, 25.744968623066871 ], [ 89.950825783017763, 25.655215268761772 ], [ 90.020250328934466, 25.607487025153272 ], [ 90.002999434357804, 25.585424171637101 ], [ 89.985356389227022, 25.591703021350213 ], [ 89.972814358266859, 25.573829731358217 ], [ 89.87769547006009, 25.549720385299441 ], [ 89.867935119089566, 25.524241700256393 ], [ 89.885527789394189, 25.507514432139047 ], [ 89.852248852582647, 25.465881508386328 ], [ 89.849414544792054, 25.493024890066245 ], [ 89.869603040840545, 25.511625843598672 ], [ 89.851273393575184, 25.538627924597975 ], [ 89.8660375933419, 25.54619050359614 ], [ 89.881859792917609, 25.624925304282794 ], [ 89.850533303951963, 25.712957589265528 ], [ 89.828803384215846, 25.727296906159516 ], [ 89.840263071022818, 25.767198782901666 ], [ 89.816584060445081, 25.8142337241962 ], [ 89.835281599260355, 25.840734398302768 ], [ 89.832572645977748, 25.8706055191772 ], [ 89.887076995187087, 25.945201554210527 ], [ 89.825387320260759, 25.945504482196654 ], [ 89.84843028498976, 25.949743087678378 ], [ 89.838558750434842, 25.967851180785072 ], [ 89.871313505006739, 25.980063275176331 ], [ 89.835841235309303, 26.012596727737481 ], [ 89.835941462142159, 25.982424195288122 ], [ 89.820272083962578, 25.987641279317124 ], [ 89.806919997194953, 26.044199410911009 ], [ 89.797721088785451, 26.024515885280525 ], [ 89.791449260779189, 26.01807796037658 ], [ 89.787550878771611, 26.019909767045156 ], [ 89.801828909408258, 26.040255806182408 ], [ 89.773927516957869, 26.03749439980189 ], [ 89.798809804689, 26.059579363166822 ], [ 89.794919345822223, 26.087327706780108 ], [ 89.781323917122222, 26.083442406736015 ], [ 89.783161094947445, 26.105983939929885 ], [ 89.756169904288996, 26.109362722950486 ], [ 89.766570675903665, 26.13047719560258 ], [ 89.747659044301727, 26.157371049177431 ], [ 89.720487556375858, 26.156296251914394 ], [ 89.732928769411728, 26.177526272809853 ], [ 89.709237292014478, 26.172807761398232 ], [ 89.699124937996544, 26.189926711170028 ], [ 89.733230323971128, 26.21199209625679 ], [ 89.708884888318423, 26.212039744100355 ], [ 89.700393552315475, 26.2184483846234 ], [ 89.731957199211124, 26.237080910204309 ], [ 89.702615835208064, 26.257863327213002 ], [ 89.705852685263977, 26.270430175110338 ], [ 89.72202042540701, 26.257459077694168 ], [ 89.738539273875475, 26.269943541273001 ], [ 89.717831178791911, 26.295817639090675 ], [ 89.719813097667299, 26.307319907903089 ], [ 89.759804991883428, 26.289700612215139 ], [ 89.751240404557308, 26.320950182733242 ], [ 89.781066470741592, 26.327855379263266 ], [ 89.783181074377694, 26.351396289373454 ], [ 89.82192243736155, 26.371810160018128 ], [ 89.812832200846884, 26.357098788026597 ], [ 89.822763323349534, 26.351633103285607 ], [ 89.82801574856127, 26.381131465136725 ], [ 89.858899667230858, 26.384026860102153 ], [ 89.849881228565309, 26.403588936276662 ], [ 89.829953522426933, 26.39700407216257 ], [ 89.835254436901081, 26.412020309400091 ], [ 89.857477122994709, 26.41197964594053 ], [ 89.849155112236332, 26.42279113038753 ], [ 89.872145203026008, 26.45207325700332 ], [ 89.85397361343658, 26.491834468288936 ], [ 89.864487458690988, 26.573243307097172 ], [ 89.882602190312824, 26.583393107066573 ], [ 89.878421554049751, 26.615533795082914 ], [ 89.858251132104741, 26.623377997027934 ], [ 89.876934268231054, 26.648506215628252 ], [ 89.858947805251987, 26.734917836058777 ], [ 89.967064200810697, 26.723470929230661 ], [ 90.139879736193706, 26.753618523608836 ], [ 90.194522936199846, 26.773271337793069 ], [ 90.187669044805233, 26.806811864007496 ], [ 90.230500012374563, 26.858906721950603 ], [ 90.300298402078198, 26.848220358169787 ], [ 90.347786299860786, 26.875294819016275 ], [ 90.356620726725225, 26.900574595325523 ], [ 90.417484090829007, 26.904529501883182 ], [ 90.546612919011437, 26.816639784360053 ], [ 90.634443209379512, 26.793810326318042 ], [ 90.646574208994934, 26.77658042378544 ], [ 90.675978767681571, 26.78409468665787 ], [ 90.717277573193883, 26.768268448636103 ], [ 90.991874474259205, 26.790642258606645 ], [ 91.05406044592209, 26.780985435184128 ], [ 91.097562745164495, 26.821992879397531 ], [ 91.23688719220857, 26.812002622240399 ], [ 91.337247927066272, 26.780860907100088 ], [ 91.376005843305862, 26.795227688364861 ], [ 91.407647188185365, 26.839602561134971 ], [ 91.495106969312829, 26.791205865328685 ], [ 91.625524308599452, 26.820865833668162 ], [ 91.689796701951366, 26.80645149268727 ], [ 91.824146740686032, 26.864043453604744 ], [ 91.85911185391339, 26.913338829757429 ], [ 91.891736352769087, 26.91906268328388 ], [ 91.98350144913455, 26.858191602906548 ], [ 92.056724719757824, 26.847385037385624 ], [ 92.102651836056751, 26.86716838899445 ], [ 92.114377687394182, 26.893577930173027 ], [ 92.276090156358208, 26.901996421898463 ], [ 92.302964896609723, 26.907139617933737 ], [ 92.302661885881236, 26.922642851276294 ], [ 92.363189388764923, 26.934543250172016 ], [ 92.398329625861976, 26.924690655124813 ], [ 92.447468245352781, 26.958811821119511 ], [ 92.583342398137844, 26.959540601039446 ], [ 92.644799101283411, 26.986663262637595 ], [ 92.672477524693775, 27.031649104230585 ], [ 92.886608917409788, 26.999745397318183 ], [ 92.918410524430911, 26.982305667820196 ], [ 92.917145402761761, 26.96293037329049 ], [ 93.021478520145209, 26.913547085337701 ], [ 93.324101886097907, 26.96007920722499 ], [ 93.448770630098636, 26.950781807270399 ], [ 93.470647778319915, 26.936597235209124 ], [ 93.586669464261561, 26.950470128242145 ], [ 93.670769306376229, 26.971487193270427 ], [ 93.723380220765634, 27.020814211217974 ], [ 93.767424570637004, 27.039439081186018 ], [ 93.770870905122251, 27.062035818915582 ], [ 93.777792400131872, 27.049026684791997 ], [ 93.781085019397253, 27.06537323702101 ], [ 93.783792930634121, 27.0514538517705 ], [ 93.800223846612667, 27.057853227714947 ], [ 93.79378222533964, 27.07233935523967 ], [ 93.803358633679295, 27.058057924028688 ], [ 93.829226555635103, 27.066813819399741 ], [ 93.825066419825077, 27.116422826165063 ], [ 93.794474035906219, 27.134521880117422 ], [ 93.805344797992703, 27.148065001188762 ], [ 93.99125470786133, 27.328346488704227 ], [ 94.059814172566149, 27.361537147373276 ], [ 94.089597461874916, 27.407048514332136 ], [ 94.159424343444428, 27.461617556376762 ], [ 94.156666087025769, 27.474857511871246 ], [ 94.268153417874672, 27.520812244237145 ], [ 94.258699716707866, 27.55545808887365 ], [ 94.224951733553894, 27.574094621302496 ], [ 94.226307354199719, 27.598154124090222 ], [ 94.209507303402901, 27.605083279379894 ], [ 94.237049475740847, 27.632359147807005 ], [ 94.261705792262262, 27.635872595640386 ], [ 94.254499802598787, 27.613559692322141 ], [ 94.277640419589048, 27.589330101844297 ], [ 94.298260062058162, 27.601932335735782 ], [ 94.364011898038001, 27.574350133178122 ], [ 94.431682106070042, 27.600332897949123 ], [ 94.46173180335272, 27.555242438197187 ], [ 94.478436898630704, 27.576168053098677 ], [ 94.498958969686925, 27.572168372920839 ], [ 94.682677570573986, 27.645893772389527 ], [ 94.687910328969195, 27.665141729695176 ], [ 94.754307049321838, 27.66054834323873 ], [ 94.793727466795261, 27.695180256373042 ], [ 94.840970383220082, 27.700609712378306 ], [ 94.85234573528983, 27.727603387718705 ], [ 94.922325463408328, 27.749922613903262 ], [ 95.308760580865737, 27.868010780299631 ], [ 95.379577121112391, 27.839178931122895 ], [ 95.520132326571044, 27.881238053794483 ], [ 95.605278479616288, 27.954615431258581 ], [ 95.823881191743226, 27.971475095719729 ], [ 95.971287273850365, 27.962719624029425 ], [ 95.93774670900055, 27.898200117779769 ], [ 95.915504254580796, 27.88938761587654 ], [ 95.925088171039619, 27.881678010176085 ], [ 95.870406977686841, 27.832668842889611 ], [ 95.837758999564585, 27.824118216618825 ], [ 95.77600229414837, 27.753623443072886 ], [ 95.7787742965875, 27.733180283375766 ], [ 95.752262714662649, 27.720918080687387 ], [ 95.76759185233513, 27.687295717124648 ], [ 95.790260109097872, 27.679780614325946 ], [ 95.77043276723461, 27.657937482183623 ], [ 95.795784899910487, 27.641732989951908 ], [ 95.778358932668112, 27.622342201978338 ], [ 95.790643531620702, 27.59964805570516 ], [ 95.815532716616573, 27.598823146042346 ], [ 95.814509286674607, 27.574159115049031 ], [ 95.876937490850523, 27.542947504636427 ], [ 95.886682061116446, 27.49689240268982 ], [ 95.843484857592287, 27.423077902132913 ], [ 95.860143445291413, 27.408014047087637 ], [ 95.883216100238883, 27.435318301011037 ], [ 95.885725771258805, 27.398154908648817 ], [ 95.909604734242365, 27.435390848969888 ], [ 95.941309678047332, 27.437292475222325 ], [ 95.962327220288415, 27.417241737692528 ], [ 95.969354666195883, 27.427886139270036 ], [ 96.017753931783702, 27.364919120860911 ], [ 95.989205056134381, 27.356495524945345 ], [ 95.960040741090694, 27.310950814645199 ], [ 95.896809310998407, 27.281712576712458 ], [ 95.89243147656417, 27.255284082016036 ], [ 95.856429123593955, 27.27105944093795 ], [ 95.859479558855398, 27.287022339079915 ], [ 95.805283790827644, 27.2730086513229 ], [ 95.800888024223681, 27.284267141150153 ], [ 95.720206467597805, 27.249477523384446 ], [ 95.587573073438506, 27.222940949318904 ], [ 95.545359092162485, 27.259856015223608 ], [ 95.508653995230389, 27.261698594270758 ], [ 95.458129438749594, 27.20978009898317 ], [ 95.465725563147672, 27.166871106617709 ], [ 95.453273158900046, 27.1294342311223 ], [ 95.419833773097309, 27.125351710186901 ], [ 95.374671661196032, 27.092675124202021 ], [ 95.354764909159982, 27.103909887661381 ], [ 95.246436192292279, 27.023805003105561 ], [ 95.232229393566115, 27.042753414948169 ], [ 95.192520931296855, 27.035206752624717 ], [ 95.101812562725968, 26.96178784561581 ], [ 95.017394354979629, 26.921320959157022 ], [ 94.982618216745323, 26.912998245650893 ], [ 94.9605638713427, 26.93738148072395 ], [ 94.930850928205516, 26.932559006387134 ], [ 94.922222102353416, 26.945729876049587 ], [ 94.873587311972855, 26.917516235655622 ], [ 94.817619660166315, 26.847716916347533 ], [ 94.814459987969698, 26.819543106364719 ], [ 94.79507470795609, 26.814028094140689 ], [ 94.8022198205894, 26.800696877855625 ], [ 94.770217273913957, 26.789038763927977 ], [ 94.758328685576288, 26.76600574614671 ], [ 94.740661942888309, 26.775581262230851 ], [ 94.692345225288619, 26.73193063072501 ], [ 94.620301748958923, 26.712122406874109 ], [ 94.609238691706111, 26.737194422170088 ], [ 94.597357940270982, 26.734651991240408 ], [ 94.603070581385921, 26.712937347380173 ], [ 94.567558900800336, 26.683887985642556 ], [ 94.562363141316723, 26.704856559621987 ], [ 94.539264240291601, 26.706184924184885 ], [ 94.492674426926115, 26.66588940526854 ], [ 94.460283900574396, 26.661630131145813 ], [ 94.463320384999477, 26.633558293332488 ], [ 94.404268310172711, 26.611818183379778 ], [ 94.413197517384475, 26.577725764025693 ], [ 94.39734792458249, 26.529387681955626 ], [ 94.347791799588649, 26.504457892144949 ], [ 94.352825900050348, 26.490933800220287 ], [ 94.325410709967727, 26.481560496204409 ], [ 94.315575394586759, 26.45822598576131 ], [ 94.289747633612365, 26.479714931163521 ], [ 94.284946389048713, 26.560152995315804 ], [ 94.256336790879487, 26.541223415647305 ], [ 94.171733813153949, 26.429784954129822 ], [ 94.177581267138507, 26.382012115603523 ], [ 94.160155096876892, 26.354293701914404 ], [ 94.174555881398803, 26.340460462147103 ], [ 94.105054156724478, 26.319948598176858 ], [ 94.074623368945453, 26.264379828375702 ], [ 94.047472056282572, 26.248976517399779 ], [ 94.031862874210148, 26.197428239145786 ], [ 94.00107849426395, 26.172267428362748 ], [ 93.987387841448864, 26.066786362356062 ], [ 93.953000757275902, 26.002965940195697 ], [ 93.978695375348792, 25.916729295038984 ], [ 93.915995809888472, 25.883701268713065 ], [ 93.881801753907141, 25.843349384046601 ], [ 93.839702509052501, 25.856609989924713 ], [ 93.795474291110466, 25.808927800991555 ], [ 93.777606562055794, 25.848507560115557 ], [ 93.795673991089714, 25.906509400639159 ], [ 93.785885783362232, 25.949668293649022 ], [ 93.776723984357133, 25.968651491967318 ], [ 93.76544974935068, 25.969751731663724 ], [ 93.752410275403633, 25.933897335310604 ], [ 93.681504997776557, 25.903802668343541 ], [ 93.714321857375623, 25.844513277001152 ], [ 93.646695175414038, 25.822383677647927 ], [ 93.617784804219696, 25.776493836233687 ], [ 93.568458612904308, 25.758678080695724 ], [ 93.54270480214241, 25.731170110303989 ], [ 93.541476096378275, 25.699426983024757 ], [ 93.522124846344255, 25.696900697675225 ], [ 93.4965526461867, 25.654533566849018 ], [ 93.460104102709849, 25.632293246157353 ], [ 93.427378527215041, 25.63253443904236 ], [ 93.358895142628256, 25.555137757219011 ], [ 93.327019816261654, 25.546487549321718 ], [ 93.385563296415569, 25.49008413996885 ], [ 93.39006007408166, 25.461648616796467 ], [ 93.45819314355542, 25.430984137125755 ], [ 93.473612538557731, 25.379279885769247 ], [ 93.448513423568173, 25.34025213167941 ], [ 93.470503295984543, 25.305060405012174 ], [ 93.381118591391555, 25.239628609965795 ], [ 93.345765935069153, 25.169469916124537 ], [ 93.332405293645067, 25.093762515050901 ], [ 93.2999572472674, 25.046039353641429 ], [ 93.263749490015911, 25.048910163315742 ], [ 93.244125133270913, 25.018615785324602 ], [ 93.263005576264533, 24.961335798064688 ], [ 93.236814585996555, 24.937163002747823 ], [ 93.248931429061429, 24.915500495682217 ], [ 93.234919509056354, 24.910419897391268 ], [ 93.226444896989079, 24.872834416594053 ], [ 93.19495495326926, 24.853230811931521 ], [ 93.196953979660861, 24.811358870670556 ], [ 93.150337789962038, 24.787423349657672 ], [ 93.138567401949445, 24.809994511330409 ], [ 93.109295252240699, 24.811019076076214 ], [ 93.107209032672657, 24.740467858119672 ], [ 93.073546840424925, 24.707805708027895 ], [ 93.104016121013885, 24.673696233155688 ], [ 93.071186165774634, 24.599942593193621 ], [ 93.104361596004182, 24.582382015069712 ], [ 93.058180631975617, 24.573837223951003 ], [ 93.070809012594182, 24.558047523352919 ], [ 93.049580174920195, 24.543489572775155 ], [ 93.03255519675605, 24.495297435905638 ], [ 93.046366320837222, 24.473565253008232 ], [ 93.041641331563099, 24.413010105641337 ], [ 93.013044676320476, 24.417031914076937 ], [ 92.993150195271213, 24.39888181494425 ], [ 92.973381083103007, 24.408172626303866 ], [ 92.960168392409585, 24.391934214406685 ], [ 92.909344634955431, 24.412909024922531 ], [ 92.902879688027681, 24.391065924114102 ], [ 92.86177442095007, 24.398566725390658 ], [ 92.829595020249684, 24.37359271616662 ], [ 92.829945454838665, 24.400289629882653 ], [ 92.799219260570027, 24.419421986293692 ], [ 92.76342645311459, 24.521135308037991 ], [ 92.689761893192838, 24.353603943310393 ], [ 92.66136777031754, 24.348155821760745 ], [ 92.649232917827874, 24.328602793942405 ], [ 92.624179657342012, 24.333253127196159 ], [ 92.614161641700235, 24.256110085175855 ], [ 92.550654821379524, 24.247001163967166 ], [ 92.524432611062196, 24.171493926149456 ], [ 92.483567154639601, 24.162874893906928 ], [ 92.464979488766758, 24.136135197379481 ], [ 92.449119651577249, 24.143967080870627 ], [ 92.41889658124137, 24.192697235395777 ], [ 92.422532126976577, 24.254856121609787 ], [ 92.387050937906693, 24.254003795679512 ] ], [ [ 89.818559206023224, 26.33883197587598 ], [ 89.802284460360198, 26.350574286402264 ], [ 89.789894486329857, 26.342582883375727 ], [ 89.817414672401199, 26.320935253049967 ], [ 89.818559206023224, 26.33883197587598 ] ] ] } },
{ "type": "Feature", "properties": { "stname": "MAHARASHTRA", "num_caaqms": 88, "num_manual": 80 }, "geometry": { "type": "Polygon", "coordinates": [ [ [ 74.201433371083212, 15.7586207066255 ], [ 74.161556595072412, 15.751294459725836 ], [ 74.122165618085802, 15.720731147412073 ], [ 74.125770895985809, 15.680967173730483 ], [ 74.088062509340446, 15.672255576214301 ], [ 74.113885505650572, 15.646127430617369 ], [ 74.031156079434439, 15.622611329103457 ], [ 74.020797189074969, 15.606085184614519 ], [ 73.967857799413665, 15.630577227588558 ], [ 73.963760465723496, 15.692321784651524 ], [ 73.94369516822637, 15.696936473293036 ], [ 73.952204472331573, 15.713856956253403 ], [ 73.937738214998546, 15.743291361139221 ], [ 73.875695053007902, 15.751283052420829 ], [ 73.880088837030044, 15.774320947768114 ], [ 73.863395903144379, 15.798789815102737 ], [ 73.820817593935217, 15.73981805859048 ], [ 73.784974039751077, 15.726125249728932 ], [ 73.742836159254381, 15.736574932001682 ], [ 73.676993809924809, 15.725940333141351 ], [ 73.649862046399164, 15.744899963078275 ], [ 73.664203263634548, 15.753310866760916 ], [ 73.656258017984442, 15.795760403141246 ], [ 73.586966726360345, 15.910614364344395 ], [ 73.510108819096956, 15.940459787794893 ], [ 73.484360944402454, 16.033712545974975 ], [ 73.456742770998204, 16.052633882706818 ], [ 73.46492055005119, 16.086936989627759 ], [ 73.439643529109532, 16.191333496266516 ], [ 73.386680382602222, 16.358423621569081 ], [ 73.368920092055546, 16.362925641692314 ], [ 73.358669670571658, 16.44166044874051 ], [ 73.312465305429981, 16.536073785805403 ], [ 73.344674007378288, 16.569651341233246 ], [ 73.317420662268816, 16.601666994300533 ], [ 73.355194575624296, 16.6189506307527 ], [ 73.330450550293506, 16.619858851649653 ], [ 73.340681212434376, 16.633551276851946 ], [ 73.323018322620655, 16.638616682994279 ], [ 73.329715910749101, 16.687394891402004 ], [ 73.305389601127089, 16.730277129361482 ], [ 73.318108071988874, 16.798820793737701 ], [ 73.289464325262401, 16.844942324796357 ], [ 73.287430080420037, 16.880895918123933 ], [ 73.303002550143418, 16.891410533357934 ], [ 73.27868690711712, 16.892541690375591 ], [ 73.299717935765514, 16.981884014165956 ], [ 73.272187192692954, 16.984232247875628 ], [ 73.284428113759773, 17.009945400161865 ], [ 73.255531773351862, 17.026699408651961 ], [ 73.258212548280611, 17.04877497819918 ], [ 73.277031020994315, 17.036300758656342 ], [ 73.28670819964762, 17.054251233382892 ], [ 73.282462030386213, 17.107202753108947 ], [ 73.268216421744853, 17.11345972942442 ], [ 73.252726552111838, 17.18965556608358 ], [ 73.231626204964527, 17.199143802373115 ], [ 73.246545205115936, 17.204138542061958 ], [ 73.244799572804709, 17.222102473658826 ], [ 73.190812458264617, 17.299518084793494 ], [ 73.222851357963009, 17.30624907369393 ], [ 73.229247479566922, 17.282477704299325 ], [ 73.258770706600899, 17.286030134314334 ], [ 73.235556378349997, 17.288107998379132 ], [ 73.238762810552103, 17.317041471788503 ], [ 73.218614765640865, 17.329544219163481 ], [ 73.207794296633878, 17.384128426274348 ], [ 73.183713560359394, 17.383985768317682 ], [ 73.167696432655219, 17.403052708937796 ], [ 73.198026875922068, 17.439892809201496 ], [ 73.184527567855795, 17.4431381816262 ], [ 73.192427995658079, 17.468100341239957 ], [ 73.173750458730993, 17.517151902972259 ], [ 73.137602303800293, 17.554174679960092 ], [ 73.152647245059583, 17.599374461152941 ], [ 73.113627846308759, 17.689813450653702 ], [ 73.133095841397122, 17.724417218989359 ], [ 73.089907977656978, 17.81210538239603 ], [ 73.07493905992186, 17.882424578858942 ], [ 73.030216086752304, 17.944514983788707 ], [ 73.040043139429258, 17.978780867386305 ], [ 73.005137270993202, 18.019662529694767 ], [ 73.021294994920808, 18.027453317368725 ], [ 72.99037561705201, 18.055766228635214 ], [ 72.996833198692713, 18.08421386238879 ], [ 72.971028443572735, 18.132889621772236 ], [ 72.988658870068704, 18.157899983612516 ], [ 72.980932607633704, 18.196286015216355 ], [ 72.956395435566762, 18.219636398715782 ], [ 72.931778405965986, 18.220420315582949 ], [ 72.938048080710544, 18.283722080251266 ], [ 72.973020785600369, 18.266164202634698 ], [ 72.986481366396418, 18.282278812205927 ], [ 72.953215168593943, 18.335328169070682 ], [ 72.915223638360914, 18.355137670739374 ], [ 72.925945929592146, 18.383438515674317 ], [ 72.907035518800683, 18.402989269936231 ], [ 72.893732453098096, 18.471791210804472 ], [ 72.911092245046717, 18.502559148013127 ], [ 72.905316209822203, 18.538555979119945 ], [ 72.921157965721662, 18.550552896966558 ], [ 72.878139151443278, 18.630814334311474 ], [ 72.860055576988728, 18.633512825695103 ], [ 72.851052348597577, 18.698832382144811 ], [ 72.865807220258404, 18.807621140965374 ], [ 72.914489335684721, 18.800324645627775 ], [ 72.945151628295633, 18.826382469831834 ], [ 72.957132534698417, 18.799230218406905 ], [ 72.995943175756992, 18.7730178100629 ], [ 72.978272238834961, 18.807595909349061 ], [ 72.999291894811861, 18.809200509993104 ], [ 72.97508759706669, 18.839501450169195 ], [ 72.995386585895162, 18.871510671290519 ], [ 72.960994085779319, 18.841038617585266 ], [ 72.917614780272388, 18.856485297578146 ], [ 72.904073013334198, 18.904435195368343 ], [ 72.937060778314347, 18.909331964147476 ], [ 72.940810601431821, 18.944489682105885 ], [ 72.959171304354882, 18.957162262815622 ], [ 72.947148770021784, 18.986773215362955 ], [ 72.885300431056748, 18.981478205222739 ], [ 72.87824291943501, 19.021936443011391 ], [ 72.854320577704698, 18.997203427014387 ], [ 72.843639025969907, 18.930888100032789 ], [ 72.81195123100369, 18.895127663883603 ], [ 72.803560216156768, 18.898814623078437 ], [ 72.825594945946833, 18.919446161146077 ], [ 72.823605808209848, 18.941249443904287 ], [ 72.81217937793302, 18.955271002055639 ], [ 72.79249653726977, 18.949906451594583 ], [ 72.838235217564815, 19.051146167955551 ], [ 72.817013398428159, 19.04147410128806 ], [ 72.828696737893068, 19.116619929376878 ], [ 72.806845682137535, 19.151450690727561 ], [ 72.786073022439581, 19.133520796402426 ], [ 72.795440228420929, 19.195331525932872 ], [ 72.781725972371774, 19.194333718055674 ], [ 72.775575904714074, 19.22719089236536 ], [ 72.785859109315894, 19.306379969389013 ], [ 72.829951450783, 19.33462136416852 ], [ 72.798828034970455, 19.324584571602319 ], [ 72.745975181817144, 19.374767367217935 ], [ 72.759898264728804, 19.392120829337902 ], [ 72.749547678395814, 19.489269329243545 ], [ 72.719470019253293, 19.501610567712714 ], [ 72.711390709928466, 19.53977754388783 ], [ 72.709295190102267, 19.598834475623121 ], [ 72.725324513334726, 19.608334735936772 ], [ 72.699087735936772, 19.661739855653472 ], [ 72.708143657705847, 19.703810730343974 ], [ 72.697536814361655, 19.719073107649773 ], [ 72.675676786233069, 19.715513812630132 ], [ 72.682847838618557, 19.793488520084523 ], [ 72.671316747424612, 19.813643074108672 ], [ 72.667492105423776, 19.801320285408771 ], [ 72.654291080252605, 19.810619409764886 ], [ 72.641990570339729, 19.843982364587511 ], [ 72.648861166805389, 19.870354069766062 ], [ 72.680283345213411, 19.865156297266019 ], [ 72.678802572180544, 19.920742148410675 ], [ 72.664216024142746, 19.933488839029494 ], [ 72.721975826619214, 19.970623772631779 ], [ 72.707883797552043, 20.070025489612675 ], [ 72.746585193590604, 20.11614161227239 ], [ 72.737671141855998, 20.134335790044158 ], [ 72.794113633240258, 20.12334056473739 ], [ 72.788623888401816, 20.14932377104326 ], [ 72.824469877020377, 20.142021715037046 ], [ 72.81710317066775, 20.18364383634523 ], [ 72.83579839811776, 20.188464733903423 ], [ 72.839031634251313, 20.209126543410179 ], [ 72.861184751216058, 20.207610563924614 ], [ 72.858736601318313, 20.224742458910288 ], [ 72.961984161274785, 20.210046446818957 ], [ 72.961937147046058, 20.183460018327217 ], [ 72.976878863794397, 20.178649989678497 ], [ 72.963861277299188, 20.125727245353378 ], [ 72.977355472154898, 20.112780031073406 ], [ 72.997437772065467, 20.142250967257514 ], [ 73.011648980621359, 20.134022912177695 ], [ 73.000738020722565, 20.112303459034589 ], [ 73.040203891152728, 20.066433150617573 ], [ 73.050623241724097, 20.063743639579155 ], [ 73.063692888284905, 20.099586652112905 ], [ 73.102262590404493, 20.091236960905821 ], [ 73.110805752911105, 20.073726407953579 ], [ 73.137047804318129, 20.085830924258705 ], [ 73.177983023007371, 20.047032095076023 ], [ 73.191170497092443, 20.050536598603948 ], [ 73.188529012677591, 20.07810315428264 ], [ 73.209523629014299, 20.084999535418309 ], [ 73.217926696557385, 20.136645682826209 ], [ 73.22704208590001, 20.122964419140299 ], [ 73.254703983004063, 20.126933950079664 ], [ 73.279225466892882, 20.150144172681095 ], [ 73.28331753555716, 20.198558960252296 ], [ 73.298027490555455, 20.208590579981053 ], [ 73.344059500435151, 20.199436642992282 ], [ 73.35558723013331, 20.213131201679115 ], [ 73.365795606868602, 20.195675711950564 ], [ 73.380987589763507, 20.211789012619832 ], [ 73.389302548746912, 20.192621693061742 ], [ 73.416514836356342, 20.198286005845308 ], [ 73.418481712043956, 20.330177715934049 ], [ 73.40604896383303, 20.384702392084542 ], [ 73.383632179654285, 20.372248917148195 ], [ 73.379940471247522, 20.394040617590068 ], [ 73.419717863045165, 20.41336465618555 ], [ 73.469865913132537, 20.520307169588971 ], [ 73.493495763406315, 20.539328644027115 ], [ 73.475298314014793, 20.54332818736416 ], [ 73.473153096692144, 20.584635286624614 ], [ 73.429576127686687, 20.595204861415358 ], [ 73.421120188000913, 20.625868281379958 ], [ 73.392559723186139, 20.645104041151662 ], [ 73.444297228082689, 20.68110295758385 ], [ 73.449858362935075, 20.717564446785971 ], [ 73.474648104428994, 20.720387874043485 ], [ 73.489234894113608, 20.655733595344735 ], [ 73.520206622203929, 20.678463924064975 ], [ 73.550799448992237, 20.648559477794873 ], [ 73.599514979052188, 20.636903127072326 ], [ 73.652682558761938, 20.564872467351424 ], [ 73.695377031815397, 20.578372712607365 ], [ 73.744561379147427, 20.564918381367079 ], [ 73.775392844289286, 20.600224107154425 ], [ 73.838394393703666, 20.620463122940563 ], [ 73.839090901560908, 20.658774523244396 ], [ 73.811852039090454, 20.692033435592201 ], [ 73.855170762214627, 20.69225128230314 ], [ 73.874857953418839, 20.729732245353386 ], [ 73.917744398245148, 20.725061320637732 ], [ 73.942661220809043, 20.74208369361418 ], [ 73.931861492105355, 20.76062297622958 ], [ 73.940318469345314, 20.839438754273612 ], [ 73.923724188444112, 20.851377786662212 ], [ 73.917538203446412, 20.907781241627912 ], [ 73.888199192131083, 20.933591288405939 ], [ 73.892311901385668, 20.955710672621404 ], [ 73.90797625079631, 20.959736546942832 ], [ 73.901297592865859, 20.982304574039809 ], [ 73.86790697120999, 20.986082193679465 ], [ 73.800127218120664, 21.038763322336351 ], [ 73.807741038431544, 21.084893089036711 ], [ 73.760211854976816, 21.069400649156485 ], [ 73.729932130590896, 21.082433999611887 ], [ 73.743493832941866, 21.115120687827861 ], [ 73.729675016586924, 21.099870383619567 ], [ 73.703145220421376, 21.118648869946622 ], [ 73.688948834067645, 21.100794231869276 ], [ 73.618461907258279, 21.118455302886215 ], [ 73.617633222188473, 21.142697032286648 ], [ 73.578519579384562, 21.150481250821354 ], [ 73.577420593940687, 21.170753093602293 ], [ 73.606451642115388, 21.178756293281641 ], [ 73.607792256404352, 21.158981028353001 ], [ 73.643357087610383, 21.139566402371116 ], [ 73.667492072246503, 21.154631648747291 ], [ 73.733209693193828, 21.142354498153122 ], [ 73.729750584665254, 21.165379123608457 ], [ 73.772305524202267, 21.164636921364242 ], [ 73.784700722834316, 21.183985728277086 ], [ 73.815761546732801, 21.173960261975868 ], [ 73.822873465718047, 21.270858321350314 ], [ 73.879613118899982, 21.265957020744537 ], [ 73.942171735997263, 21.299270527790416 ], [ 73.938932304183211, 21.405019789362417 ], [ 73.959474192972877, 21.395427938197489 ], [ 74.000872183272321, 21.420842028827732 ], [ 74.044624360589111, 21.419193911116228 ], [ 74.062931581413409, 21.474549422243872 ], [ 74.100713753879603, 21.447631232150147 ], [ 74.12377389709178, 21.466416866157456 ], [ 74.19782423312239, 21.458748543295759 ], [ 74.214157403414902, 21.48168204006744 ], [ 74.253561135580242, 21.467741787366499 ], [ 74.320788129224127, 21.498496917359148 ], [ 74.332331719576928, 21.543481837817282 ], [ 74.29552639042204, 21.569073835010173 ], [ 74.263330808368451, 21.539898867281501 ], [ 74.236217397424056, 21.53970309938024 ], [ 74.229596556861907, 21.554461249915686 ], [ 74.195844927446203, 21.532062559717378 ], [ 74.175864550387772, 21.56899839321807 ], [ 74.157606227559356, 21.568928398270703 ], [ 74.137468349780505, 21.549154985958335 ], [ 74.005664392580854, 21.552482389907532 ], [ 74.000000335949764, 21.539785658836582 ], [ 73.974186154807512, 21.543276273637098 ], [ 73.977433613068612, 21.521684404604926 ], [ 73.954452816248846, 21.540654383179564 ], [ 73.951754158557762, 21.512694013012819 ], [ 73.904227631421321, 21.524509231093862 ], [ 73.853556590260382, 21.497465890024348 ], [ 73.814130599638929, 21.601093196099722 ], [ 73.780514933834738, 21.628592072243116 ], [ 73.888014861428033, 21.653246095882235 ], [ 73.894534446586292, 21.676460617276756 ], [ 73.880612810860541, 21.715590174405655 ], [ 73.824864715394284, 21.759555344865895 ], [ 73.838131718229761, 21.788485848085106 ], [ 73.795941933974277, 21.824551280987613 ], [ 73.807315961028976, 21.836332934678676 ], [ 73.871608226013294, 21.841507485698632 ], [ 74.128223560816181, 21.949778305314798 ], [ 74.157432927269667, 21.950822097036372 ], [ 74.193999909125168, 21.925902825345176 ], [ 74.281175659129474, 21.933112149145774 ], [ 74.307636073015743, 21.971755609591522 ], [ 74.350701904217786, 21.978120899636295 ], [ 74.386593142773833, 22.01960418877011 ], [ 74.431639914585915, 22.030269373665963 ], [ 74.452137184953727, 22.003935615262609 ], [ 74.432484683990879, 21.999647722676954 ], [ 74.43938963382962, 21.976723951632724 ], [ 74.489044765744154, 21.955808005237326 ], [ 74.524210401807579, 21.910581999977683 ], [ 74.498273993192825, 21.790594460170681 ], [ 74.513991106948282, 21.765335678399538 ], [ 74.505835105752752, 21.726035300592269 ], [ 74.547367312440471, 21.71960268595631 ], [ 74.554204711664781, 21.681362357923991 ], [ 74.579868504946973, 21.68332680161248 ], [ 74.582081621430419, 21.664989050033594 ], [ 74.782873917916106, 21.610690321633015 ], [ 74.828858264983467, 21.609793323791724 ], [ 74.862763802756817, 21.634455049320884 ], [ 74.901808899612945, 21.629147647295461 ], [ 75.015021226674378, 21.569677383805981 ], [ 75.053935426417226, 21.564259512349221 ], [ 75.125830096820096, 21.449261230709325 ], [ 75.218915441768743, 21.408339531749888 ], [ 75.295726276412964, 21.413397387058787 ], [ 75.298740238277219, 21.38556727093739 ], [ 75.35716192214997, 21.400865320172993 ], [ 75.382438381644619, 21.379542432301399 ], [ 75.467943463748128, 21.390445075824278 ], [ 75.520965935895077, 21.386673704805183 ], [ 75.543724326918493, 21.368527981583902 ], [ 75.606939555894584, 21.391844085830098 ], [ 75.620465269040338, 21.3759400642573 ], [ 75.670090309189504, 21.374579339772289 ], [ 75.728205598380086, 21.38867025341483 ], [ 75.833363732113739, 21.376636529276983 ], [ 75.890358282257537, 21.394672684239158 ], [ 75.910658147841701, 21.382574497696371 ], [ 75.963059717040693, 21.38970987740009 ], [ 76.048976169153804, 21.349720439802923 ], [ 76.096395276646888, 21.371749860193216 ], [ 76.1297403806673, 21.286704632846064 ], [ 76.159260094390248, 21.256106052088985 ], [ 76.142036153763698, 21.228163477048053 ], [ 76.165659075331689, 21.22161589184125 ], [ 76.176395988440845, 21.183995213389228 ], [ 76.171686186084884, 21.166560396002559 ], [ 76.129260693780296, 21.175821785386347 ], [ 76.113648779931125, 21.155303589328295 ], [ 76.142492502419586, 21.134990251334408 ], [ 76.137928087900789, 21.119853127721267 ], [ 76.17088709960538, 21.103933061101397 ], [ 76.167400764937142, 21.07948439631306 ], [ 76.26144375889443, 21.090479652077395 ], [ 76.2801316300406, 21.070688524604822 ], [ 76.374766488904271, 21.072553106697537 ], [ 76.413194417109096, 21.088422422014219 ], [ 76.410695742366542, 21.102436299355983 ], [ 76.456089351014853, 21.108395308029927 ], [ 76.493167803050397, 21.193863246618033 ], [ 76.530256745611823, 21.181932409139783 ], [ 76.565851426936405, 21.199470399306829 ], [ 76.623488683936756, 21.185038857633696 ], [ 76.641830326406122, 21.237133801736654 ], [ 76.661642567589411, 21.240707267745695 ], [ 76.662899071720048, 21.275964912400894 ], [ 76.621747301555132, 21.332291360603957 ], [ 76.74031474384168, 21.411274654751001 ], [ 76.744428064848961, 21.439865272760478 ], [ 76.784019948252237, 21.462373530606079 ], [ 76.795609162241675, 21.48958282441345 ], [ 76.763545849927141, 21.520507215721405 ], [ 76.789326473603651, 21.536378533400445 ], [ 76.781412484833851, 21.564720931843738 ], [ 76.796198102233532, 21.594434557661771 ], [ 76.833346994763787, 21.589116044105754 ], [ 76.854936592262575, 21.613287157253875 ], [ 76.900855496163175, 21.596513782632723 ], [ 77.07321867680001, 21.719454035057193 ], [ 77.165122764997818, 21.710737823915196 ], [ 77.176033745557874, 21.72575471538331 ], [ 77.210424378076212, 21.689645143378126 ], [ 77.226910863838256, 21.716792617768586 ], [ 77.287216983208381, 21.721921799680295 ], [ 77.289887927872954, 21.760344912871894 ], [ 77.40578177187156, 21.752520560320086 ], [ 77.478706029269347, 21.770015526025656 ], [ 77.479467239183236, 21.754146721845462 ], [ 77.545039714838524, 21.700706444590544 ], [ 77.5755170083998, 21.620639181014603 ], [ 77.577114793286654, 21.555170631893489 ], [ 77.595292275824349, 21.559431451812369 ], [ 77.611481635721333, 21.538820625641709 ], [ 77.575227626910817, 21.526458460719248 ], [ 77.454886194296137, 21.553842581259786 ], [ 77.425557416588518, 21.537740366396047 ], [ 77.442407429884781, 21.469647626184937 ], [ 77.473598056748557, 21.454446539295652 ], [ 77.488057520123149, 21.374358709789146 ], [ 77.514523767668862, 21.375939625921244 ], [ 77.53155175878247, 21.419075270021327 ], [ 77.56146127486339, 21.396456588231082 ], [ 77.56349647012334, 21.369309551382266 ], [ 77.587111107427759, 21.362839556829769 ], [ 77.608050038996637, 21.365367641170469 ], [ 77.604965581840446, 21.390734556110743 ], [ 77.65398213465717, 21.391168245168227 ], [ 77.669908475025494, 21.36892347390566 ], [ 77.691991489262094, 21.397564997262261 ], [ 77.709988546073276, 21.357447151127836 ], [ 77.737107645150076, 21.362202347668134 ], [ 77.749345136449151, 21.382310042215774 ], [ 77.796767533572805, 21.389010645745405 ], [ 77.801154854216463, 21.409595064339381 ], [ 77.883274018029169, 21.376038326793001 ], [ 77.941188810434852, 21.385771622346834 ], [ 78.176214174938067, 21.499754950172573 ], [ 78.181886711665456, 21.557343079145696 ], [ 78.273855860347709, 21.569254835001448 ], [ 78.266475378330199, 21.591732576928798 ], [ 78.302971567551396, 21.583741891251091 ], [ 78.306884485198566, 21.569639716955702 ], [ 78.342753196702233, 21.5890452068763 ], [ 78.36306166724853, 21.575203810317735 ], [ 78.381615445973893, 21.592037515668071 ], [ 78.372637326393246, 21.613445065905086 ], [ 78.38778723220021, 21.614857036031573 ], [ 78.426415112810872, 21.599789614404806 ], [ 78.42423804571979, 21.544436261924215 ], [ 78.44956883083124, 21.495604945219931 ], [ 78.511644942128171, 21.528690113588784 ], [ 78.569778636900608, 21.513564419590026 ], [ 78.585774264326773, 21.486613521243399 ], [ 78.688910154710257, 21.481970817815558 ], [ 78.728465870143594, 21.462292996358059 ], [ 78.750848518341527, 21.492983918032188 ], [ 78.775805830670208, 21.465590098798465 ], [ 78.800430592968951, 21.490155301036641 ], [ 78.890836587716876, 21.485262477870585 ], [ 78.899258571084928, 21.500461606359114 ], [ 78.936692364307518, 21.485766655042678 ], [ 78.944744486120271, 21.514908707377767 ], [ 78.906797543766345, 21.553259066219383 ], [ 78.931863275563316, 21.561760102618862 ], [ 78.913750720559406, 21.570985369301667 ], [ 78.916761937172168, 21.590918289268888 ], [ 78.998012293561217, 21.618573533672123 ], [ 79.01236897080264, 21.599446180122538 ], [ 79.093958158242131, 21.598112150668772 ], [ 79.107206378203372, 21.60502673024153 ], [ 79.100527309742802, 21.617603424785052 ], [ 79.143300396163426, 21.636964054100812 ], [ 79.148312866989727, 21.661174910417046 ], [ 79.224020436616073, 21.648803788684269 ], [ 79.230644202991087, 21.72222999094889 ], [ 79.352419752837719, 21.679027579011223 ], [ 79.392487104639443, 21.674119689104845 ], [ 79.421679142591131, 21.69182254184043 ], [ 79.496206099558648, 21.674224970364712 ], [ 79.517231027747997, 21.625747163683307 ], [ 79.503929171177802, 21.615988619403652 ], [ 79.512028424898531, 21.58397336915322 ], [ 79.54250765432927, 21.568226776942083 ], [ 79.540190700683837, 21.542720709958328 ], [ 79.652787192193813, 21.556241966236907 ], [ 79.660578522299815, 21.576633499920909 ], [ 79.736880040025682, 21.603892947189337 ], [ 79.79207068594242, 21.586589747651924 ], [ 79.831249119736185, 21.546924809061391 ], [ 79.89124462593557, 21.518186631114183 ], [ 79.9184648546521, 21.524544508789301 ], [ 79.935900477885454, 21.556244436765287 ], [ 79.971482785815283, 21.557717651198583 ], [ 79.996805812177612, 21.533618652811612 ], [ 80.032865403102733, 21.556213991698623 ], [ 80.069913577421659, 21.555556652410559 ], [ 80.121333399406197, 21.610876398383247 ], [ 80.15461698769424, 21.606471027764925 ], [ 80.192371147096623, 21.635266128359603 ], [ 80.253447171174273, 21.624754493727462 ], [ 80.298061674569922, 21.575810147952154 ], [ 80.327754432562656, 21.571401788762753 ], [ 80.331311997344713, 21.547542183730918 ], [ 80.376500144219563, 21.523278461603844 ], [ 80.422012589200165, 21.439974333881082 ], [ 80.396035152729766, 21.408107156176417 ], [ 80.4127995242401, 21.376372712203668 ], [ 80.448631711142625, 21.372053862178817 ], [ 80.45755687683392, 21.402684270982821 ], [ 80.527955343842322, 21.394757733946719 ], [ 80.598501957414101, 21.327673346221069 ], [ 80.66194024436345, 21.334702515795527 ], [ 80.674872569060071, 21.321851440365684 ], [ 80.679567840267978, 21.298836964369524 ], [ 80.614822760600077, 21.227248218605208 ], [ 80.464261272395575, 21.175027647706791 ], [ 80.444712462169349, 21.12196057541216 ], [ 80.458194060848115, 21.113870809031532 ], [ 80.439147247168947, 21.096560303923752 ], [ 80.452446740271611, 21.038325133874693 ], [ 80.424171562424803, 21.009261421755973 ], [ 80.443820215004962, 20.993291019670156 ], [ 80.463695870959143, 20.929198561376012 ], [ 80.546057842206622, 20.935013081851672 ], [ 80.561711685820015, 20.825873874271092 ], [ 80.551677757421317, 20.764413944765906 ], [ 80.565224794775261, 20.710630124036065 ], [ 80.587492796383373, 20.686036465799418 ], [ 80.495650090967246, 20.636848402623126 ], [ 80.496749724994743, 20.602396086166607 ], [ 80.521541987161356, 20.580446907924092 ], [ 80.580767405396898, 20.608364462056212 ], [ 80.631717677084126, 20.598501793825946 ], [ 80.617348259037001, 20.585752409658511 ], [ 80.626585011672788, 20.563812392241477 ], [ 80.602451937753244, 20.451193608158452 ], [ 80.613771257407194, 20.436024237183762 ], [ 80.591481510280985, 20.393070756006974 ], [ 80.626352106367406, 20.332626416135412 ], [ 80.549575931421785, 20.308957888376295 ], [ 80.518946141654524, 20.266329567697536 ], [ 80.479132017744888, 20.278296627605183 ], [ 80.395259465566767, 20.245009003627128 ], [ 80.422051256283254, 20.206799019654838 ], [ 80.388538323611584, 20.165198980262144 ], [ 80.401817652231102, 20.147244315885246 ], [ 80.433378481111689, 20.135330315351592 ], [ 80.460146745849187, 20.150938195773101 ], [ 80.505594504044552, 20.144439184937248 ], [ 80.552072475360504, 20.117961539136331 ], [ 80.544002955875669, 20.095637393135004 ], [ 80.55679217086265, 20.072798122060355 ], [ 80.549600503039755, 19.985971461914602 ], [ 80.529894436434844, 19.939467324177944 ], [ 80.489102678696455, 19.93053166388081 ], [ 80.451672278410683, 19.957295080970951 ], [ 80.411252759169827, 19.938493863184426 ], [ 80.4138830658476, 19.907451131031188 ], [ 80.49250555538319, 19.901395840701937 ], [ 80.505824509588166, 19.870649756918752 ], [ 80.440721101834939, 19.810333799969939 ], [ 80.401624258425144, 19.817037981037121 ], [ 80.401698216722508, 19.796200724366152 ], [ 80.464258327718099, 19.795775051042202 ], [ 80.487972042011862, 19.770283958155346 ], [ 80.48496794095449, 19.802477227232274 ], [ 80.468877681403029, 19.810446720779371 ], [ 80.480581283267483, 19.827505788592791 ], [ 80.546203726812124, 19.818321544702993 ], [ 80.552607005293922, 19.765560511115027 ], [ 80.67221626244303, 19.700715941107859 ], [ 80.665332097823324, 19.611879170398549 ], [ 80.740845934080554, 19.606230874346956 ], [ 80.76942828365226, 19.586669707642464 ], [ 80.775108878267787, 19.562511917322347 ], [ 80.834777506399874, 19.566743606850217 ], [ 80.856557270956131, 19.522748936626453 ], [ 80.894759130933181, 19.519820108761849 ], [ 80.897684317687805, 19.480448720726439 ], [ 80.873358588377485, 19.444898453964807 ], [ 80.795849833724404, 19.432264824256784 ], [ 80.817330602123178, 19.383906794269173 ], [ 80.852852651962095, 19.363899946868418 ], [ 80.755292291035119, 19.28908171459517 ], [ 80.689699210722168, 19.286975190127293 ], [ 80.679896851834044, 19.330332050069956 ], [ 80.612543453551581, 19.309518027060498 ], [ 80.573073722162334, 19.402460035841692 ], [ 80.520330941377367, 19.347769551835714 ], [ 80.482497955707146, 19.338135833408732 ], [ 80.446025642807868, 19.264170938352787 ], [ 80.393590002306766, 19.245009633119672 ], [ 80.383934111030797, 19.215022187758649 ], [ 80.3943442323109, 19.188958448043113 ], [ 80.333596866761425, 19.14606598537382 ], [ 80.329458716319706, 19.06990790559815 ], [ 80.29733916407848, 19.049005895929362 ], [ 80.303126811824711, 19.022163320585882 ], [ 80.272977374596024, 18.991435520918131 ], [ 80.270250561907289, 18.93987589389635 ], [ 80.35431072992742, 18.826456215928854 ], [ 80.278001607962651, 18.767316018745326 ], [ 80.247696680443156, 18.764196751371493 ], [ 80.272417958634307, 18.723505227710842 ], [ 80.252232498891487, 18.70680667569388 ], [ 80.210962307415912, 18.70470793495852 ], [ 80.196569019335072, 18.680795452048542 ], [ 80.157707996263809, 18.700979757659088 ], [ 80.118121870163179, 18.680516792604557 ], [ 80.053571328754913, 18.724378349714076 ], [ 80.018791539767278, 18.770139683798511 ], [ 79.964154099758701, 18.773825002132156 ], [ 79.920523661230959, 18.81108293012214 ], [ 79.915782306448946, 18.829912549865863 ], [ 79.961605031325348, 18.866626602984606 ], [ 79.940263150554344, 19.032563841146903 ], [ 79.928917064698226, 19.049194323931342 ], [ 79.869816654220969, 19.042232544607771 ], [ 79.858429571950239, 19.102416227024552 ], [ 79.94589510499047, 19.169492624010534 ], [ 79.92481689861998, 19.227731542285309 ], [ 79.966197538858026, 19.304145673014808 ], [ 79.959080494984079, 19.335940226215421 ], [ 79.977937128131103, 19.400357407769807 ], [ 79.943879350171599, 19.470710254334879 ], [ 79.8637915323378, 19.511183941048593 ], [ 79.778606551411087, 19.599666499781158 ], [ 79.741999909834107, 19.608351630733427 ], [ 79.708999704085556, 19.584478291847557 ], [ 79.627919502984383, 19.573170822138966 ], [ 79.596153969610128, 19.50727732222126 ], [ 79.552932374131075, 19.524168598929183 ], [ 79.539927213132898, 19.554661262212345 ], [ 79.518610820261458, 19.543109248857192 ], [ 79.51858859773796, 19.520182826720003 ], [ 79.471424890263307, 19.500191725170716 ], [ 79.365730028418781, 19.576331394998657 ], [ 79.313930552344033, 19.566420805867871 ], [ 79.306840493861245, 19.596556016857903 ], [ 79.243557070178639, 19.616688944269022 ], [ 79.253124262701817, 19.593287159108719 ], [ 79.240023091562719, 19.535240207077276 ], [ 79.203851142056777, 19.494083473854186 ], [ 79.223589336009553, 19.469074904407591 ], [ 79.189720807029275, 19.459134632971789 ], [ 79.098034513575485, 19.532026771114698 ], [ 79.046011460301244, 19.548325712790966 ], [ 78.998031391744149, 19.540084338579213 ], [ 78.981251942011767, 19.560839380956217 ], [ 78.940443599576597, 19.55186830109399 ], [ 78.972834917344088, 19.58238765925525 ], [ 78.955752309559514, 19.599729775950891 ], [ 78.955462084552494, 19.655934751143661 ], [ 78.902315735626161, 19.670036190006236 ], [ 78.887653399422774, 19.655358149629883 ], [ 78.851846872896331, 19.658599406838366 ], [ 78.85992308572834, 19.689491280758052 ], [ 78.840886737422252, 19.761665285333066 ], [ 78.802160940445631, 19.756533797395296 ], [ 78.782365984645025, 19.778409698819932 ], [ 78.740948847653598, 19.783090708133077 ], [ 78.718639801121839, 19.766783800598606 ], [ 78.692562543857051, 19.791026671581108 ], [ 78.549477631354378, 19.82425130890087 ], [ 78.515265342267696, 19.819021402605259 ], [ 78.488510731024178, 19.793286654999648 ], [ 78.472459038842814, 19.817338268589047 ], [ 78.422951936710675, 19.817626701161309 ], [ 78.386458312179613, 19.845359360775412 ], [ 78.380671277982728, 19.880436196614081 ], [ 78.332088171273739, 19.884900374642406 ], [ 78.331778927135474, 19.913373836032498 ], [ 78.307027909318506, 19.914297558775839 ], [ 78.28607513381283, 19.847937143091016 ], [ 78.336414470258475, 19.837923242260388 ], [ 78.334024560835573, 19.814591721054864 ], [ 78.357441717897856, 19.805434130178309 ], [ 78.364674649833319, 19.781231545237308 ], [ 78.343134146163095, 19.713250020345242 ], [ 78.31182129542006, 19.691050463631544 ], [ 78.276185874599065, 19.692415346206868 ], [ 78.262649048394948, 19.665064242075346 ], [ 78.2904624948807, 19.646001012017855 ], [ 78.305566911798309, 19.607066537111976 ], [ 78.303688912729953, 19.569320561616049 ], [ 78.274310765410959, 19.553974586992759 ], [ 78.293229658993681, 19.542233590081942 ], [ 78.304340957573885, 19.456137049240777 ], [ 78.270439435269864, 19.456155144097547 ], [ 78.195065244818522, 19.406753716944849 ], [ 78.176190020138378, 19.412262465755138 ], [ 78.187672987684252, 19.394592950044665 ], [ 78.172148228383904, 19.349298864922066 ], [ 78.19370096980326, 19.314474857364875 ], [ 78.175320996220748, 19.237578550114783 ], [ 78.146146867082564, 19.22918794136497 ], [ 78.115219476241407, 19.24882944270292 ], [ 78.08914962558616, 19.239368188949062 ], [ 78.079096875685593, 19.254834328315891 ], [ 78.055675250403098, 19.237121711799105 ], [ 78.041613577206022, 19.243428142189817 ], [ 78.042506274426358, 19.270603767256823 ], [ 77.943515116440722, 19.342740980650323 ], [ 77.863426427241095, 19.304132693901206 ], [ 77.865575519895899, 19.283821549593224 ], [ 77.90756357487794, 19.268228379104677 ], [ 77.875015392397231, 19.25884415518259 ], [ 77.847721023025343, 19.18959495391243 ], [ 77.860494212966017, 19.180354254811771 ], [ 77.834062931444379, 19.134308249782297 ], [ 77.850395025555173, 19.088556895156593 ], [ 77.809934258371413, 19.104733974395401 ], [ 77.800349432817555, 19.051121571715509 ], [ 77.764811991244571, 19.06265528741492 ], [ 77.761790208647426, 19.033001762405007 ], [ 77.771497155672606, 18.979159066752423 ], [ 77.821757776343176, 18.978507767377735 ], [ 77.819249318048861, 18.945859940844134 ], [ 77.858591644076313, 18.949110976748376 ], [ 77.843254232021764, 18.908693375262519 ], [ 77.885384448990749, 18.904200157807963 ], [ 77.903232039613428, 18.866625519167929 ], [ 77.948900929794021, 18.843289164990207 ], [ 77.948275352013312, 18.829097125197706 ], [ 77.839954802628185, 18.804821512227637 ], [ 77.787288251979945, 18.682639976360313 ], [ 77.768267065439218, 18.705775014218904 ], [ 77.753503765784416, 18.700991982374369 ], [ 77.730070784898388, 18.667189178947652 ], [ 77.750332973342907, 18.588913730864459 ], [ 77.73849960714071, 18.556788709638326 ], [ 77.654297131606484, 18.53083624605943 ], [ 77.647913148038711, 18.554931356186525 ], [ 77.596369422325353, 18.548941381222569 ], [ 77.585906901416379, 18.503996132170016 ], [ 77.604706853563897, 18.496366809185631 ], [ 77.60312605492075, 18.476847523576229 ], [ 77.576369301195285, 18.48678464723859 ], [ 77.572861018888062, 18.469814925612248 ], [ 77.548563405049507, 18.468581311031794 ], [ 77.585297340597194, 18.446792305404198 ], [ 77.527516021673023, 18.442111240760354 ], [ 77.556756063796868, 18.41714334033286 ], [ 77.522734110650916, 18.345398188822319 ], [ 77.5580236477482, 18.331416413683762 ], [ 77.570954009625893, 18.308464728681908 ], [ 77.551401280948411, 18.291912915917191 ], [ 77.512631376691346, 18.309598495333777 ], [ 77.511557524312494, 18.282049339074831 ], [ 77.465037483095131, 18.262536027733699 ], [ 77.447578039235395, 18.269995221694497 ], [ 77.437664761765845, 18.310313822119056 ], [ 77.365789683619298, 18.30712476329284 ], [ 77.356724359184142, 18.320202074337022 ], [ 77.400148559794047, 18.347446443383554 ], [ 77.394869831012485, 18.368454657598328 ], [ 77.41409430989529, 18.393107539995103 ], [ 77.372832834772936, 18.401102709031687 ], [ 77.365635930670223, 18.451564090247892 ], [ 77.345218318410218, 18.433611077098249 ], [ 77.319885094372779, 18.458027216331846 ], [ 77.316851606727482, 18.442253028312358 ], [ 77.241767956591858, 18.412607131234626 ], [ 77.233840007104192, 18.387897354121232 ], [ 77.24723295374254, 18.372916991763656 ], [ 77.22635272168759, 18.365500221761625 ], [ 77.219067188002327, 18.325730497977275 ], [ 77.198712466795342, 18.315452184412159 ], [ 77.212917042191208, 18.281056929198119 ], [ 77.17481189304101, 18.284861789300258 ], [ 77.151521947304445, 18.217044883070603 ], [ 77.097874171362932, 18.196931043991512 ], [ 77.11257179159405, 18.156765317282144 ], [ 77.063958002926526, 18.1506520842821 ], [ 77.033177743552514, 18.181992785369026 ], [ 77.023303963209386, 18.15850952342004 ], [ 77.001114055742178, 18.160899453705024 ], [ 76.990609114588864, 18.189987794085894 ], [ 76.951934468582849, 18.188099338735881 ], [ 76.920499561945533, 18.118182823826999 ], [ 76.966349726760598, 18.098201176375831 ], [ 76.945267872331726, 18.083297522953572 ], [ 76.952305173656185, 18.040219261316508 ], [ 76.914315278356966, 18.035361157580773 ], [ 76.905643821156417, 18.009709599732382 ], [ 76.919102495727458, 17.916225130588654 ], [ 76.901264717402682, 17.917242291262529 ], [ 76.884388203805528, 17.894540325215171 ], [ 76.838304814783143, 17.898748267313234 ], [ 76.810215712167619, 17.887041354072615 ], [ 76.808070557727021, 17.870729401001221 ], [ 76.775049623353297, 17.877712933298245 ], [ 76.768144368985702, 17.901147646663368 ], [ 76.740209057946842, 17.899717191717482 ], [ 76.738482098017087, 17.856681603642041 ], [ 76.767400455234281, 17.852095663272948 ], [ 76.790393673957809, 17.826334109621538 ], [ 76.761875788389176, 17.786940127863616 ], [ 76.714091360324574, 17.780940024250498 ], [ 76.728144680087823, 17.737306975337805 ], [ 76.699398238856404, 17.726837270060837 ], [ 76.690967417862609, 17.681260881367098 ], [ 76.664188805431323, 17.6875602172111 ], [ 76.615331118774293, 17.770396480359761 ], [ 76.582199950335436, 17.705270300884663 ], [ 76.570295439359342, 17.705405678616241 ], [ 76.572707742883992, 17.760539544403276 ], [ 76.523157528804717, 17.759760940699092 ], [ 76.524036160204332, 17.71540697404788 ], [ 76.487227644725152, 17.714763620971404 ], [ 76.489748724349198, 17.660499210115379 ], [ 76.430711003702385, 17.645961452776849 ], [ 76.419684931886422, 17.6037100717869 ], [ 76.331562341403, 17.59597748536433 ], [ 76.340692516116874, 17.542474571807617 ], [ 76.362740381073053, 17.537372596352736 ], [ 76.367073564746121, 17.519014532624414 ], [ 76.346571850412559, 17.512579419976177 ], [ 76.345764576687543, 17.492529840365084 ], [ 76.375516126720683, 17.490219879763313 ], [ 76.330687299671283, 17.470193579096243 ], [ 76.333262471350167, 17.433901018614733 ], [ 76.371510401426562, 17.436423623755552 ], [ 76.363426544829778, 17.377668064640552 ], [ 76.409120542024269, 17.371387754575352 ], [ 76.412188657927118, 17.351067743571914 ], [ 76.383159923812599, 17.314525717726458 ], [ 76.354011677832688, 17.314316459426312 ], [ 76.345299242183856, 17.354448123131366 ], [ 76.314344132027998, 17.348389848087177 ], [ 76.317663426765748, 17.332375663787911 ], [ 76.276360436002548, 17.334574176132996 ], [ 76.272009136005124, 17.360591867889493 ], [ 76.250727525003157, 17.360432780220435 ], [ 76.24208711717209, 17.378837115628524 ], [ 76.170334082343402, 17.352362206816629 ], [ 76.176314990944917, 17.300787459123679 ], [ 76.162617846903601, 17.345220099609904 ], [ 76.119733507728313, 17.370406200847846 ], [ 76.079445028432914, 17.331688994108113 ], [ 76.059504155687421, 17.355639773747185 ], [ 76.014332364438957, 17.353533284186671 ], [ 75.930819417750527, 17.322572751918667 ], [ 75.890581856762068, 17.356522299176117 ], [ 75.884188442680411, 17.417959583425233 ], [ 75.860878135729592, 17.385594975374527 ], [ 75.849470076000344, 17.411941906840934 ], [ 75.821440660147246, 17.421222633818324 ], [ 75.81403410902017, 17.373482813836201 ], [ 75.795664755320956, 17.369092159633105 ], [ 75.73359475616121, 17.420093011943628 ], [ 75.690729419049134, 17.409473579358075 ], [ 75.677714222072609, 17.453657125886714 ], [ 75.63297968039879, 17.477214425112923 ], [ 75.606601068898897, 17.420372382172886 ], [ 75.6135163080409, 17.391915138305787 ], [ 75.574142606555498, 17.38329915135143 ], [ 75.580845370776629, 17.351223008339279 ], [ 75.610025168284224, 17.345040312238279 ], [ 75.603838855401449, 17.305388218716136 ], [ 75.657716052083373, 17.263207730267585 ], [ 75.661911647092595, 17.214577574971074 ], [ 75.625336548958472, 17.175075585099513 ], [ 75.650346942737343, 17.115692334909156 ], [ 75.672288651081445, 17.115995839141206 ], [ 75.676715371833467, 17.06541586603857 ], [ 75.6409984513583, 17.037581447267485 ], [ 75.669693989554133, 17.038160278595544 ], [ 75.67032095792689, 16.962051968797496 ], [ 75.64205773126659, 16.954551129081942 ], [ 75.63393196826182, 16.970259162326471 ], [ 75.60786303029488, 16.97099707568379 ], [ 75.606887522778408, 17.004565816396248 ], [ 75.574306372126756, 17.009550217299221 ], [ 75.567821955113558, 16.966031685317368 ], [ 75.529314160391792, 16.969399828649429 ], [ 75.489077659415344, 16.944422723164656 ], [ 75.465552232005138, 16.988365009732888 ], [ 75.427877975950651, 16.966494552754469 ], [ 75.392135065417662, 16.980090669396827 ], [ 75.351124113360072, 16.958116111125761 ], [ 75.279602656126798, 16.956556359301278 ], [ 75.282029924685759, 16.880290476826641 ], [ 75.264719717944146, 16.862799814932274 ], [ 75.237660941637017, 16.867940852376634 ], [ 75.218476628227194, 16.841841907390393 ], [ 75.182716104426447, 16.843149200651581 ], [ 75.188987399731758, 16.875280256580748 ], [ 75.136483212384576, 16.874487897791479 ], [ 75.11748241400754, 16.913444668701072 ], [ 75.096113722118531, 16.914145378276061 ], [ 75.089333700088062, 16.951582160221431 ], [ 75.025234839689475, 16.928002337168696 ], [ 75.026585702857531, 16.944136297802455 ], [ 74.993812715180354, 16.951893662739689 ], [ 74.964355064263756, 16.947633234121067 ], [ 74.964478600581629, 16.926775729941788 ], [ 74.931548644884941, 16.944636767870591 ], [ 74.92177566090659, 16.929861659830507 ], [ 74.963639281255482, 16.911099782762978 ], [ 74.960553868291839, 16.881237198242662 ], [ 74.901515662554743, 16.862550215917285 ], [ 74.920143608884914, 16.772499201813581 ], [ 74.849820435070399, 16.772755603250772 ], [ 74.771969584889149, 16.750682255287796 ], [ 74.732091745273067, 16.71832401712458 ], [ 74.691247203426883, 16.715501483797631 ], [ 74.689347183955974, 16.676727259044146 ], [ 74.653478151753731, 16.638829451153178 ], [ 74.686606838147483, 16.606578048592809 ], [ 74.638865489690616, 16.609900358198772 ], [ 74.62863325280307, 16.57773193114323 ], [ 74.568536739134814, 16.553868713972584 ], [ 74.554846125845643, 16.564511925222696 ], [ 74.56689424779124, 16.585388588858979 ], [ 74.543492703448592, 16.595318582828678 ], [ 74.5444889961841, 16.635468675083548 ], [ 74.48903382785727, 16.630144836371933 ], [ 74.468742531302581, 16.663802980326494 ], [ 74.454782384800637, 16.647295478943292 ], [ 74.46671146020816, 16.606822362656324 ], [ 74.396625926718869, 16.583267517570992 ], [ 74.38098736614343, 16.529470322593909 ], [ 74.358542072132508, 16.539511770702536 ], [ 74.356246561272926, 16.559747326995019 ], [ 74.315713406945264, 16.554454677774491 ], [ 74.306142649907045, 16.503692898837283 ], [ 74.301651326811367, 16.529020128404305 ], [ 74.283138330701561, 16.524589279610481 ], [ 74.270544157030727, 16.547963894661891 ], [ 74.278216233087775, 16.504914507639054 ], [ 74.247372775436887, 16.496913201228566 ], [ 74.260770148074627, 16.480096596042504 ], [ 74.290895007397154, 16.504902075626731 ], [ 74.28927516797178, 16.462970504353017 ], [ 74.332591559069485, 16.454758760051305 ], [ 74.335054344319815, 16.401407379423521 ], [ 74.363439195683071, 16.405468615416595 ], [ 74.353409907082806, 16.36641874259589 ], [ 74.33586938038718, 16.39374156840729 ], [ 74.317577912419736, 16.380920455370266 ], [ 74.317009120741389, 16.326078194815999 ], [ 74.342667870881613, 16.295953457025487 ], [ 74.320825742583395, 16.284475452748513 ], [ 74.324933759038913, 16.271756260952937 ], [ 74.350550699789167, 16.275467526637371 ], [ 74.345596915900373, 16.293762513229233 ], [ 74.373008805572667, 16.261635701742758 ], [ 74.414394834804099, 16.282651090616067 ], [ 74.417610722672876, 16.258000653313779 ], [ 74.468620549968492, 16.240185431357641 ], [ 74.480479513664719, 16.2501256572443 ], [ 74.503101883584435, 16.225405694696835 ], [ 74.50698680164254, 16.191286851778504 ], [ 74.479832403266627, 16.147125070999351 ], [ 74.491153407261734, 16.111442022328671 ], [ 74.481555380066411, 16.088889520407829 ], [ 74.426817625190083, 16.111461438840394 ], [ 74.372218524379548, 16.078210303584505 ], [ 74.361328188901368, 16.053835894871622 ], [ 74.377335225829967, 16.055120486962295 ], [ 74.369048791051767, 16.03921993105536 ], [ 74.380991263933439, 16.035483276785605 ], [ 74.429694413412165, 16.059151456393458 ], [ 74.463226818864243, 16.042835828577442 ], [ 74.4309116863177, 15.956791275389264 ], [ 74.386923516185902, 15.905162815707909 ], [ 74.406170680224577, 15.855376466583534 ], [ 74.388140295018005, 15.854252570330271 ], [ 74.368614855362196, 15.89435962100217 ], [ 74.338259800053208, 15.854960050856281 ], [ 74.38308536442149, 15.849104937056877 ], [ 74.360347583445645, 15.816859863120843 ], [ 74.367492950302179, 15.785816946152087 ], [ 74.28573580126077, 15.741591364376069 ], [ 74.268318818967856, 15.754736722643713 ], [ 74.238219892210992, 15.744061151357625 ], [ 74.228718977389505, 15.788257696633673 ], [ 74.201433371083212, 15.7586207066255 ] ], [ [ 74.263681992152343, 15.824333367913999 ], [ 74.266474801370094, 15.797795488346519 ], [ 74.31176350116624, 15.793262790072436 ], [ 74.291296796874249, 15.832165886272675 ], [ 74.263681992152343, 15.824333367913999 ] ], [ [ 77.271267873242564, 18.465768725233772 ], [ 77.267473565552208, 18.454612696322414 ], [ 77.288641994218281, 18.455335888332787 ], [ 77.29978525665291, 18.474114469892609 ], [ 77.275040218920793, 18.477720642022913 ], [ 77.271267873242564, 18.465768725233772 ] ] ] } },
{ "type": "Feature", "properties": { "stname": "UTTARAKHAND", "num_caaqms": 3, "num_manual": 12 }, "geometry": { "type": "Polygon", "coordinates": [ [ [ 80.061187792807686, 28.920964975858361 ], [ 80.061735978930031, 28.783195029993653 ], [ 80.030131837778029, 28.748634161303507 ], [ 79.954396638668484, 28.722864108130203 ], [ 79.924078522083974, 28.773163145608748 ], [ 79.939819679248004, 28.787716828021118 ], [ 79.900934487902347, 28.782075065302386 ], [ 79.873057704799166, 28.79728307563995 ], [ 79.878489043872776, 28.814834288932332 ], [ 79.915521883949765, 28.804273923392213 ], [ 79.88808855508492, 28.836618746965645 ], [ 79.85058577304514, 28.827981825977233 ], [ 79.849579298804159, 28.799865373110109 ], [ 79.80731580508467, 28.801878088894544 ], [ 79.836900671818512, 28.831770043764639 ], [ 79.823891331857681, 28.839389110051428 ], [ 79.836779714563846, 28.839917467752056 ], [ 79.831192780096487, 28.855628935917043 ], [ 79.849600640978707, 28.859297249387311 ], [ 79.829294991142447, 28.884454040714321 ], [ 79.749070833303037, 28.871768330357831 ], [ 79.706669300863723, 28.841009202719835 ], [ 79.656049107042804, 28.869769699719424 ], [ 79.584361626772008, 28.846272737083563 ], [ 79.573489800181932, 28.854646517146893 ], [ 79.584269573709918, 28.879180227370412 ], [ 79.556478980364986, 28.899259944269758 ], [ 79.52152993889635, 28.864751515928695 ], [ 79.439233303916097, 28.862065871657698 ], [ 79.42481147186713, 28.869114337633224 ], [ 79.418448205246378, 28.939041668734628 ], [ 79.385298367120967, 28.951769512664896 ], [ 79.372368357382868, 28.986974713174821 ], [ 79.364701611928695, 28.968074909349003 ], [ 79.312043528800331, 28.977052928740147 ], [ 79.306820880943633, 28.966666816034408 ], [ 79.211733194819928, 29.027564912919114 ], [ 79.171262443760142, 29.012549433607987 ], [ 79.162350085349829, 29.029209858077525 ], [ 79.174840246687197, 29.046338071243685 ], [ 79.142503074873446, 29.0669472643009 ], [ 79.152646852858354, 29.115569042259882 ], [ 79.126473650131345, 29.132877173880132 ], [ 79.034359755009049, 29.169253144727364 ], [ 79.037802968746973, 29.145459540849025 ], [ 79.019083364613422, 29.155717397639808 ], [ 79.014937961174084, 29.133945221654567 ], [ 79.040513922577702, 29.127800893950663 ], [ 79.026698756077735, 29.112417071198763 ], [ 79.008521077707314, 29.111913233777475 ], [ 78.982343361844315, 29.14304600667344 ], [ 78.956445260986541, 29.119887972391293 ], [ 78.906334393965452, 29.125014020670207 ], [ 78.918737625332753, 29.135442128337772 ], [ 78.908209493272039, 29.179301093832457 ], [ 78.875216113821367, 29.205168222779946 ], [ 78.874480108837716, 29.230248486191357 ], [ 78.80779690585949, 29.23666721330801 ], [ 78.718368395819979, 29.303422751177582 ], [ 78.766551421647506, 29.337401128287148 ], [ 78.793856825924323, 29.327688710168907 ], [ 78.789550822576814, 29.315296382886451 ], [ 78.795910689972473, 29.311765211260511 ], [ 78.824732790910403, 29.367130794085746 ], [ 78.849023584739342, 29.344350474908879 ], [ 78.942919519094715, 29.435331986716275 ], [ 78.799672872111628, 29.464574880818201 ], [ 78.617732244682671, 29.558026725722325 ], [ 78.532673978313269, 29.638749853197535 ], [ 78.51398091939636, 29.72305485834919 ], [ 78.428505418815149, 29.76445533936371 ], [ 78.335658553218238, 29.79660563716898 ], [ 78.259075482821061, 29.738117734705934 ], [ 78.203921799883332, 29.737265234623685 ], [ 78.196030359725469, 29.692676231291138 ], [ 78.171622246818742, 29.691570454024724 ], [ 78.130537968877775, 29.652537575341217 ], [ 78.081462885430383, 29.635142169705102 ], [ 78.086688247995866, 29.62503265386459 ], [ 78.05747174802066, 29.630686886838976 ], [ 78.018283702253399, 29.598199083611778 ], [ 78.021599210592214, 29.58085230263001 ], [ 77.99547393568055, 29.594792778296434 ], [ 77.967497045220426, 29.580065106051876 ], [ 77.933302341553755, 29.600514853903743 ], [ 77.948420951852867, 29.616914468979072 ], [ 77.977689757133803, 29.613445465700554 ], [ 77.983767443037493, 29.644723698673641 ], [ 77.939894513281914, 29.696083131924297 ], [ 77.947022388143225, 29.712484114999224 ], [ 77.926443527391399, 29.714219592266186 ], [ 77.911266910179449, 29.695770678125097 ], [ 77.88264662744821, 29.702427577223794 ], [ 77.830048799715854, 29.668299458194031 ], [ 77.799053611223599, 29.686191420308646 ], [ 77.810483437132177, 29.702371125848909 ], [ 77.771132261800844, 29.714409262827132 ], [ 77.782678024280003, 29.736237864162064 ], [ 77.769529305312929, 29.745338122089656 ], [ 77.774600895166387, 29.788882875667348 ], [ 77.751579318425968, 29.810679554230269 ], [ 77.743068587796074, 29.850203527160414 ], [ 77.714779276754854, 29.87058335981142 ], [ 77.747776304263922, 29.911165939712536 ], [ 77.730471646415822, 29.931694977131855 ], [ 77.748364506738923, 29.951639188245391 ], [ 77.733297389668508, 29.955933830136697 ], [ 77.73996444495873, 29.974705715067071 ], [ 77.78198444313395, 30.018627533965393 ], [ 77.771138656009029, 30.048021868907245 ], [ 77.801194976570315, 30.095477361357908 ], [ 77.82805373758957, 30.085917404976705 ], [ 77.860415545699965, 30.113192546984795 ], [ 77.918935217803877, 30.211278737228561 ], [ 77.961697281895979, 30.242369323346225 ], [ 77.84074800604094, 30.273764882735446 ], [ 77.720842577037587, 30.330823261927449 ], [ 77.656647500783876, 30.400939452135965 ], [ 77.576036632587702, 30.397385602699966 ], [ 77.572315691204935, 30.410450703974355 ], [ 77.818524748618785, 30.508069159295864 ], [ 77.817853879578095, 30.56102426564631 ], [ 77.774028611736526, 30.557841773669704 ], [ 77.742872604147138, 30.593849475159217 ], [ 77.771673509335912, 30.596901993664329 ], [ 77.771110686962658, 30.61637609475385 ], [ 77.79589833178872, 30.613240867019119 ], [ 77.781259531445784, 30.646409368153023 ], [ 77.792528054963611, 30.658686738156216 ], [ 77.747407362583445, 30.679850688143809 ], [ 77.755820505630794, 30.706924792340313 ], [ 77.702673784801945, 30.745520511794201 ], [ 77.70381226198235, 30.764039026849133 ], [ 77.761278730382543, 30.826065717334494 ], [ 77.74402067623312, 30.846593798226177 ], [ 77.758224523095251, 30.876797795122748 ], [ 77.805682830372376, 30.853213657742408 ], [ 77.813572413712535, 30.921323260660614 ], [ 77.76340067684778, 30.918170261727322 ], [ 77.749006791387274, 30.953480023957187 ], [ 77.772384435153484, 30.974348208091758 ], [ 77.824358988385526, 30.950498201242262 ], [ 77.837593532394862, 30.953171373808328 ], [ 77.814204027273632, 30.962765516272533 ], [ 77.831817925666726, 30.993993432335998 ], [ 77.807510901975562, 31.016213176231052 ], [ 77.81145330322866, 31.031632617747018 ], [ 77.829822647944738, 31.028759361270627 ], [ 77.812816516435262, 31.059187100368757 ], [ 77.851235684269426, 31.073366527013064 ], [ 77.898736180923876, 31.150230900370541 ], [ 77.967323488012596, 31.173366563961348 ], [ 78.030341983246544, 31.150967708069576 ], [ 78.042640563578175, 31.178503980095535 ], [ 78.103621500084671, 31.185380238379462 ], [ 78.160226442804927, 31.225477469657388 ], [ 78.212442844969345, 31.219569225787911 ], [ 78.21995081499368, 31.233757044161898 ], [ 78.246952872572095, 31.230407144848769 ], [ 78.282866958879069, 31.26621085387227 ], [ 78.305501574632757, 31.25938510634775 ], [ 78.311249981272411, 31.282691314169444 ], [ 78.370315841645521, 31.286334400122055 ], [ 78.396397498858562, 31.274913467961245 ], [ 78.406951773690636, 31.242187899941648 ], [ 78.436014085932158, 31.254396447091022 ], [ 78.456078061109224, 31.240718240281268 ], [ 78.483752434914265, 31.198937200743138 ], [ 78.551977446957324, 31.200197337788222 ], [ 78.606799366789275, 31.229238515975489 ], [ 78.647039894913121, 31.21471765207113 ], [ 78.658416016839084, 31.185122501263731 ], [ 78.671902146620141, 31.196880280662064 ], [ 78.765176826786288, 31.185755956132141 ], [ 78.809913731927608, 31.198284613324834 ], [ 78.83120598257581, 31.14059580324496 ], [ 78.883768747266018, 31.099469066623776 ], [ 79.00830148543443, 31.110043693072779 ], [ 78.985908706935021, 31.173832014202965 ], [ 78.957531582879824, 31.186594265636515 ], [ 78.947725174386392, 31.216774785043484 ], [ 78.926047633617912, 31.220069909250963 ], [ 78.912099331402956, 31.255154425373057 ], [ 78.932692698150007, 31.252941604696257 ], [ 78.94759144488502, 31.319515145714899 ], [ 79.010832362084983, 31.357082979912125 ], [ 79.067933869239766, 31.461526229989236 ], [ 79.143566602914717, 31.425466493349504 ], [ 79.192211862261587, 31.362814224911705 ], [ 79.246475354278616, 31.330039472113445 ], [ 79.239212848905666, 31.314206729891804 ], [ 79.271855603324568, 31.283185726305678 ], [ 79.251865847854589, 31.24301748128811 ], [ 79.292622849774631, 31.221218236969605 ], [ 79.31748135820186, 31.136720734243482 ], [ 79.398803097418337, 31.107786474026113 ], [ 79.407727343234768, 31.076991473821746 ], [ 79.424567854151945, 31.071074485295025 ], [ 79.424760369405533, 31.030491986283899 ], [ 79.519034869093005, 31.026705985818804 ], [ 79.552547201690089, 30.960067665100134 ], [ 79.603455243575809, 30.932654534309442 ], [ 79.663595063227262, 30.96653085437892 ], [ 79.664988221773825, 30.982921535251151 ], [ 79.717111095842426, 30.975996617990656 ], [ 79.753007532050745, 31.007865027876797 ], [ 79.816367025969896, 30.973934580953404 ], [ 79.862714548431882, 30.975357082382505 ], [ 79.890255788318569, 30.918636613998537 ], [ 79.910387129057099, 30.91506784032758 ], [ 79.929096483413275, 30.882433360231598 ], [ 79.962152897647456, 30.890020032632059 ], [ 80.042033922404499, 30.835816164301548 ], [ 80.056017551766345, 30.841506237070075 ], [ 80.110908484669991, 30.779295111057518 ], [ 80.177770807224249, 30.804054576165601 ], [ 80.214909140058325, 30.749061571920432 ], [ 80.239663519371106, 30.762058859300179 ], [ 80.250510712359457, 30.737136921798264 ], [ 80.236422141806159, 30.690383766254513 ], [ 80.199711889442611, 30.683047100989658 ], [ 80.197158338415989, 30.662092239886217 ], [ 80.221168545262529, 30.641815642324051 ], [ 80.211670762866419, 30.622419945783101 ], [ 80.226830222256481, 30.578944968737165 ], [ 80.257760069989885, 30.558835944014348 ], [ 80.283067158442464, 30.572193389702871 ], [ 80.385591982430341, 30.515049868787163 ], [ 80.415579347412077, 30.525334522747833 ], [ 80.539078441793777, 30.449196885157569 ], [ 80.598008841611914, 30.478766267701811 ], [ 80.751968890098183, 30.393503887844741 ], [ 80.821570823639092, 30.315557565342029 ], [ 81.033208017917573, 30.246389545683794 ], [ 81.027100216892336, 30.228455014277127 ], [ 81.043276188298307, 30.204558683715415 ], [ 80.960047335615116, 30.178992384079191 ], [ 80.918281139355429, 30.189834428861371 ], [ 80.919718668388867, 30.214195648324864 ], [ 80.902732667226545, 30.215380752614902 ], [ 80.867764003857175, 30.1738658119524 ], [ 80.874771664370556, 30.126485644657599 ], [ 80.761031754047792, 30.049516988930574 ], [ 80.744555455181114, 30.003852903972614 ], [ 80.719313384093851, 30.000804538140606 ], [ 80.67415798440436, 29.957091621963084 ], [ 80.601848251916024, 29.958126873108075 ], [ 80.574444604286469, 29.92463139315381 ], [ 80.553291240367727, 29.851694070016649 ], [ 80.506089370663176, 29.822455262706363 ], [ 80.493856504789491, 29.795804935162096 ], [ 80.434527417376927, 29.805766853755191 ], [ 80.406983325339226, 29.794257374109481 ], [ 80.397017050861194, 29.758616911725419 ], [ 80.366415990115001, 29.749187855656114 ], [ 80.384017702861229, 29.675418650245458 ], [ 80.42025791175233, 29.638333303695262 ], [ 80.407379380869898, 29.594930578085005 ], [ 80.378485564727896, 29.561053286312255 ], [ 80.343152193438016, 29.553505244742702 ], [ 80.357747270979445, 29.533244561106255 ], [ 80.349745108072909, 29.519325466807057 ], [ 80.287200130994918, 29.477437327371266 ], [ 80.300688449072013, 29.451972930362484 ], [ 80.242425411271682, 29.443786673286514 ], [ 80.241991109069488, 29.411677143282862 ], [ 80.274738849595607, 29.393380497061827 ], [ 80.280828658264056, 29.3456421488379 ], [ 80.316881033920836, 29.315249091034815 ], [ 80.29057222960337, 29.231561975391557 ], [ 80.297375526084565, 29.204926396839834 ], [ 80.285950036343834, 29.195846114817478 ], [ 80.248797295430919, 29.221228482613814 ], [ 80.240537763398862, 29.202542968920465 ], [ 80.27205233083896, 29.141296262103854 ], [ 80.232790625014985, 29.11848395603441 ], [ 80.182903523839556, 29.137054581378283 ], [ 80.14479018744386, 29.102198555316704 ], [ 80.126368673965985, 29.031939034245447 ], [ 80.135418552768158, 29.007396071676393 ], [ 80.117924283021509, 28.981547499923554 ], [ 80.100547049383295, 28.986903836288327 ], [ 80.061187792807686, 28.920964975858361 ] ] ] } },
{ "type": "Feature", "properties": { "stname": "TAMIL NADU", "num_caaqms": 24, "num_manual": 55 }, "geometry": { "type": "MultiPolygon", "coordinates": [ [ [ [ 78.213271712397159, 8.832270649207956 ], [ 78.205221091669259, 8.841298123129757 ], [ 78.205840318360913, 8.842221964907965 ], [ 78.215787277263686, 8.842005242421164 ], [ 78.213271712397159, 8.832270649207956 ] ] ], [ [ [ 78.227845629223765, 8.868403245051921 ], [ 78.225513865054239, 8.866812054012915 ], [ 78.222857558437184, 8.872222280794814 ], [ 78.2270902287148, 8.871189398420912 ], [ 78.227845629223765, 8.868403245051921 ] ] ], [ [ [ 78.269551102065179, 8.939142238415519 ], [ 78.27022859079122, 8.943166864429577 ], [ 78.273581807710727, 8.943292814969752 ], [ 78.271306126262715, 8.939611003221195 ], [ 78.269551102065179, 8.939142238415519 ] ] ], [ [ [ 78.252016858186693, 8.955549418575433 ], [ 78.25529815867948, 8.954111272416377 ], [ 78.253094031637133, 8.95205786914002 ], [ 78.250674398758107, 8.952670693609029 ], [ 78.252016858186693, 8.955549418575433 ] ] ], [ [ [ 78.492743223435355, 9.08642473202134 ], [ 78.487499633154471, 9.088239211108812 ], [ 78.490471311318316, 9.09330142968073 ], [ 78.495546422567685, 9.090659702710216 ], [ 78.492743223435355, 9.08642473202134 ] ] ], [ [ [ 78.538398289442085, 9.102600199620207 ], [ 78.53679957479892, 9.101864150911579 ], [ 78.535073480845099, 9.102244729657359 ], [ 78.539578777235036, 9.105130444144702 ], [ 78.538398289442085, 9.102600199620207 ] ] ], [ [ [ 78.576467382013377, 9.100517257195136 ], [ 78.571038471984295, 9.103531893378433 ], [ 78.585657001842847, 9.111139894809639 ], [ 78.587359514122127, 9.106551143117423 ], [ 78.576467382013377, 9.100517257195136 ] ] ], [ [ [ 78.69700368436601, 9.152589692432999 ], [ 78.695452480719936, 9.150566198827924 ], [ 78.693865537600246, 9.151199000056829 ], [ 78.694856800668504, 9.155023188132626 ], [ 78.69700368436601, 9.152589692432999 ] ] ], [ [ [ 78.729707399358404, 9.15422048286803 ], [ 78.730862618440753, 9.155768606869158 ], [ 78.731803977400034, 9.155640759184843 ], [ 78.731193123905115, 9.15227504300861 ], [ 78.729707399358404, 9.15422048286803 ] ] ], [ [ [ 78.750953899707497, 9.156590841909839 ], [ 78.752243495078218, 9.156829073240409 ], [ 78.752503449555149, 9.155560055731732 ], [ 78.751386004630533, 9.155533446061456 ], [ 78.750953899707497, 9.156590841909839 ] ] ], [ [ [ 78.81912531736242, 9.164359261741291 ], [ 78.822614428723142, 9.166448477063319 ], [ 78.823558099047659, 9.166035885279545 ], [ 78.819428781740129, 9.16208453881549 ], [ 78.81912531736242, 9.164359261741291 ] ] ], [ [ [ 78.824177356282036, 9.166927329686898 ], [ 78.826886715603123, 9.169601683178758 ], [ 78.828671756107582, 9.173493267918385 ], [ 78.828011490780455, 9.168411613341476 ], [ 78.824177356282036, 9.166927329686898 ] ] ], [ [ [ 78.903443762704825, 9.178451478893978 ], [ 78.897392009366797, 9.179984970413798 ], [ 78.943453730126194, 9.187273042667899 ], [ 78.937193527218014, 9.182399771639723 ], [ 78.903443762704825, 9.178451478893978 ] ] ], [ [ [ 78.970084851764227, 9.184443309920589 ], [ 78.966907217753516, 9.183645391623543 ], [ 78.966888153706549, 9.187410106905391 ], [ 78.968255177566576, 9.188018620684051 ], [ 78.970084851764227, 9.184443309920589 ] ] ], [ [ [ 77.563268242345586, 8.12392022340358 ], [ 77.563931711064981, 8.091970374619722 ], [ 77.532506359807371, 8.077704415723952 ], [ 77.316059944823792, 8.121900485354384 ], [ 77.096070822294678, 8.293168044026586 ], [ 77.13939841807894, 8.329650878409428 ], [ 77.180884314817135, 8.324187102148928 ], [ 77.166943438076316, 8.342746849029602 ], [ 77.174294246943376, 8.358632821415636 ], [ 77.153017211061155, 8.355144172814622 ], [ 77.151257137433404, 8.384937372616223 ], [ 77.181670964121565, 8.395794284581768 ], [ 77.206599868127725, 8.444702573378454 ], [ 77.228099987136034, 8.447252374977978 ], [ 77.202384089770703, 8.501190418220897 ], [ 77.214309047300958, 8.512813256585087 ], [ 77.240124248031051, 8.497053689715502 ], [ 77.262191096185802, 8.506538213074002 ], [ 77.283846844723826, 8.546728597348274 ], [ 77.200710859874746, 8.669076265730654 ], [ 77.206716738047874, 8.684195526405913 ], [ 77.170011870186158, 8.741794721415726 ], [ 77.192463853052672, 8.744440972095155 ], [ 77.197961937850224, 8.769438633666852 ], [ 77.229708876996426, 8.784587517316591 ], [ 77.262816394590473, 8.842544736101081 ], [ 77.256570912374841, 8.877566842937702 ], [ 77.192795590107309, 8.926195976900269 ], [ 77.196288147405497, 8.954583135260741 ], [ 77.146555346253166, 9.021815243201674 ], [ 77.167467040004297, 9.045299484392826 ], [ 77.197455747967396, 9.046972728408109 ], [ 77.212406956315007, 9.100482391584451 ], [ 77.266470946880474, 9.151915493244191 ], [ 77.251617482422276, 9.189377373965591 ], [ 77.281712427845846, 9.216570057227351 ], [ 77.282987344744825, 9.301332729272824 ], [ 77.299537424940752, 9.310911975367404 ], [ 77.299972744934195, 9.33665303427974 ], [ 77.325288319771261, 9.337114704363787 ], [ 77.349405854633005, 9.441175442810092 ], [ 77.366000163381955, 9.460082177417526 ], [ 77.39261336363009, 9.459350173316754 ], [ 77.412396414956561, 9.508977436802807 ], [ 77.400507319070769, 9.527363841204041 ], [ 77.385178373637757, 9.519231526043496 ], [ 77.365618381182827, 9.534999140564844 ], [ 77.350263199553623, 9.567081123181623 ], [ 77.361269279362958, 9.60212160669049 ], [ 77.339490822753731, 9.573313943422807 ], [ 77.317818741945516, 9.602504873256226 ], [ 77.269713722224012, 9.572769118882999 ], [ 77.234301795957478, 9.581545290178026 ], [ 77.208957289978358, 9.613443529086252 ], [ 77.165862977690253, 9.612862728952683 ], [ 77.206615147572393, 9.69443529883409 ], [ 77.20345930219888, 9.721907873605538 ], [ 77.223451369932405, 9.729999889178387 ], [ 77.222663455800088, 9.787791772396885 ], [ 77.246666026966722, 9.797886555973388 ], [ 77.221777820236213, 9.822451408589 ], [ 77.237184028868455, 9.851380753635748 ], [ 77.212450056584018, 9.87688481491778 ], [ 77.218252564261661, 9.904294420681232 ], [ 77.246542361291432, 9.951396482045391 ], [ 77.272854758870025, 9.964194675367807 ], [ 77.253193599046156, 10.012812329418445 ], [ 77.261899707860479, 10.029725212381049 ], [ 77.201264888639685, 10.105821445610236 ], [ 77.237839062407332, 10.129970420752272 ], [ 77.267776409194056, 10.121613612924895 ], [ 77.29371960008919, 10.221491665274771 ], [ 77.28089310501791, 10.236849180839158 ], [ 77.259723053096124, 10.230274146040665 ], [ 77.262925960309047, 10.263331916396822 ], [ 77.227747139672204, 10.315416049048235 ], [ 77.234585544111326, 10.351943518888595 ], [ 77.176777990787613, 10.358318642410655 ], [ 77.091358840625858, 10.313913293133096 ], [ 77.042876735097522, 10.283767206653659 ], [ 77.05268075766557, 10.27249964287331 ], [ 77.040434176314136, 10.252642814677149 ], [ 76.983491341282914, 10.220368721040682 ], [ 76.912638509997109, 10.234735399115563 ], [ 76.873421943617814, 10.276335869659723 ], [ 76.873330971229024, 10.298239887667219 ], [ 76.848715687054863, 10.285278131007596 ], [ 76.830313442439788, 10.303626844591431 ], [ 76.848785384642795, 10.368228672200214 ], [ 76.81637855656362, 10.423519041146616 ], [ 76.843096095233662, 10.537285306397179 ], [ 76.838362348283837, 10.596409473282428 ], [ 76.810097342959239, 10.624180958279908 ], [ 76.814344629724872, 10.635537868994799 ], [ 76.882206336117591, 10.639531707075069 ], [ 76.867589094443147, 10.694775140349147 ], [ 76.892940071885548, 10.721460458259335 ], [ 76.90721024855165, 10.782688014014717 ], [ 76.900887336050133, 10.807150635940857 ], [ 76.848172264698448, 10.8188045506359 ], [ 76.853783530933583, 10.838958580764567 ], [ 76.828315440127568, 10.871909633829107 ], [ 76.740787417581259, 10.890970033232016 ], [ 76.659094843035732, 10.930496453092873 ], [ 76.710887375133311, 11.038721694304037 ], [ 76.766599849703624, 11.029093007612316 ], [ 76.800859567142368, 11.05396555408357 ], [ 76.778159902582331, 11.042090982952059 ], [ 76.746128929618038, 11.054823562044582 ], [ 76.748296114342651, 11.135837326049661 ], [ 76.728388020223562, 11.130876642223489 ], [ 76.689556405299768, 11.159574426365607 ], [ 76.70023854004117, 11.181819436891381 ], [ 76.7284984770709, 11.191104258352786 ], [ 76.731416142231666, 11.215585793360905 ], [ 76.698269817417312, 11.239601638611081 ], [ 76.629722639868945, 11.19417374961262 ], [ 76.600900823697003, 11.206594471904147 ], [ 76.534217279358984, 11.196771030701292 ], [ 76.510482044125951, 11.211637589326465 ], [ 76.472366394568382, 11.208750705349891 ], [ 76.458442866990666, 11.187681469409384 ], [ 76.438622752073897, 11.198961219900044 ], [ 76.453087897292619, 11.239367346241407 ], [ 76.522177834240708, 11.271338082080826 ], [ 76.545755587617919, 11.300310349189104 ], [ 76.547857263598758, 11.358885576414837 ], [ 76.508184554277776, 11.354123438217485 ], [ 76.517752327112589, 11.371563303994021 ], [ 76.462082306922639, 11.387469769859948 ], [ 76.415078257921763, 11.422627320091362 ], [ 76.418704948064885, 11.441783227094355 ], [ 76.398002577944666, 11.434937073671652 ], [ 76.342225960069797, 11.467592623756625 ], [ 76.325470516016765, 11.453328887562922 ], [ 76.28443504444347, 11.482920296402867 ], [ 76.247573398106795, 11.468540697273246 ], [ 76.2384032196167, 11.524784396961195 ], [ 76.251372845957164, 11.53697194117608 ], [ 76.233767714222978, 11.571171105596621 ], [ 76.27890633428126, 11.600942130350084 ], [ 76.302383786265409, 11.571225579433365 ], [ 76.335876505944896, 11.595736198049858 ], [ 76.354577745819114, 11.589311032782589 ], [ 76.388095820447461, 11.629667433427031 ], [ 76.432480480894526, 11.631290311873055 ], [ 76.444057024146872, 11.647194178096825 ], [ 76.431362249944016, 11.666363369890986 ], [ 76.456670938296114, 11.664456308367191 ], [ 76.511675323928543, 11.704978588592608 ], [ 76.550558261401193, 11.674193534084099 ], [ 76.559954530576888, 11.622469488138842 ], [ 76.576503313605571, 11.614775689108573 ], [ 76.756915786362015, 11.618436855397219 ], [ 76.846932660573259, 11.594471499896022 ], [ 76.858124539831067, 11.614029851395932 ], [ 76.835468218085197, 11.655520423571815 ], [ 76.888349441831835, 11.733643169137711 ], [ 76.907484812330026, 11.794732577868377 ], [ 76.953939629569561, 11.79205213579891 ], [ 76.9699226994464, 11.776859736257153 ], [ 76.982990637411532, 11.811848921278001 ], [ 77.012940239913689, 11.814615034615587 ], [ 77.038749268319449, 11.793846691820331 ], [ 77.028864763888478, 11.774674733411166 ], [ 77.062942566193968, 11.790396713094969 ], [ 77.05642675216329, 11.769775763307457 ], [ 77.080868936372084, 11.736539476384127 ], [ 77.116950280900141, 11.721587345076378 ], [ 77.110746562260417, 11.773472453211809 ], [ 77.238601694354301, 11.794652747969049 ], [ 77.249876035361979, 11.813012677858749 ], [ 77.293854378822857, 11.808998277280233 ], [ 77.3351488319976, 11.771230779767873 ], [ 77.364846414841764, 11.790403376902518 ], [ 77.394455531596691, 11.787633191433397 ], [ 77.42724111275588, 11.76087036880894 ], [ 77.466398732584494, 11.846312717879345 ], [ 77.461508413772208, 11.89938232831844 ], [ 77.485493425569985, 11.886967639728566 ], [ 77.495365374248266, 11.944054641051197 ], [ 77.537983910015811, 11.932385394599446 ], [ 77.67566988657552, 11.95201160743024 ], [ 77.696369187152428, 12.015767477407792 ], [ 77.775562872258064, 12.11844127969704 ], [ 77.727698116840742, 12.181530323264402 ], [ 77.61075476301086, 12.206144204154993 ], [ 77.49297766839274, 12.197277756586837 ], [ 77.472038799705942, 12.207893619091399 ], [ 77.482633955069986, 12.230204477602417 ], [ 77.472016596047084, 12.249869601247978 ], [ 77.487597947413676, 12.280495234611655 ], [ 77.551336753164904, 12.291206722959235 ], [ 77.616807365256861, 12.368199513962876 ], [ 77.634804767919434, 12.486844534154846 ], [ 77.626088185647234, 12.496308980182024 ], [ 77.607423582663586, 12.475123835196385 ], [ 77.583680123354114, 12.478795449263622 ], [ 77.616289684124951, 12.509297877683927 ], [ 77.587202169648123, 12.514754731944398 ], [ 77.58035001290034, 12.551589646015801 ], [ 77.591019113985297, 12.615243012177858 ], [ 77.606015900155469, 12.628003979019164 ], [ 77.598873124938521, 12.667157641258607 ], [ 77.659910111827188, 12.683839990584636 ], [ 77.676384321212552, 12.679471564781624 ], [ 77.678654644209871, 12.660388908848114 ], [ 77.704228216094847, 12.661404435958522 ], [ 77.711590491058203, 12.683137577947509 ], [ 77.739163890632028, 12.672474700756066 ], [ 77.737462187734849, 12.697745072572753 ], [ 77.76079933005812, 12.697004564044741 ], [ 77.77445125829793, 12.724214398786438 ], [ 77.763331496689432, 12.736892003319706 ], [ 77.793599674130675, 12.75000163756866 ], [ 77.778844541060124, 12.76800684920666 ], [ 77.807644291913761, 12.79493547959849 ], [ 77.80988158295979, 12.831531832581051 ], [ 77.792462978309516, 12.842125232973311 ], [ 77.836013441624189, 12.870329680614597 ], [ 77.890343885079318, 12.869655142883198 ], [ 77.929324578119477, 12.890915584437435 ], [ 77.927722899934196, 12.874916341415929 ], [ 77.941777144063892, 12.871636642332451 ], [ 77.920556513398338, 12.828157197238504 ], [ 77.940678316723492, 12.823344373955047 ], [ 77.93999455865513, 12.85314264603514 ], [ 77.952183990984807, 12.857130413165963 ], [ 77.995617086712642, 12.805866445034312 ], [ 78.015312469653907, 12.813791088108916 ], [ 78.00371017888888, 12.824782109339219 ], [ 78.028803644373625, 12.844973180152657 ], [ 78.023865688800129, 12.856500916239096 ], [ 78.05782506260843, 12.852110255356214 ], [ 78.134394105812476, 12.781897898018382 ], [ 78.230951228230168, 12.760659714849554 ], [ 78.241007859751051, 12.729943121847661 ], [ 78.205466712627498, 12.705992045368401 ], [ 78.210589015972019, 12.686076694102479 ], [ 78.272154285011268, 12.704674256704001 ], [ 78.300994371119486, 12.665869266940764 ], [ 78.370315987172589, 12.627648806667636 ], [ 78.465028924007513, 12.624128619703869 ], [ 78.46789965399131, 12.675892085706893 ], [ 78.499784628264081, 12.676140345746527 ], [ 78.503055589147962, 12.716602270966257 ], [ 78.51994902880169, 12.711959199363498 ], [ 78.489087963272951, 12.741980396924243 ], [ 78.516693209021909, 12.72437334683983 ], [ 78.520923814970999, 12.736130917194172 ], [ 78.525430695090776, 12.715306011579852 ], [ 78.544280197411041, 12.710937799428629 ], [ 78.529787905104442, 12.710417395947271 ], [ 78.534905306342452, 12.691124640621908 ], [ 78.556510589324446, 12.701007193802722 ], [ 78.555628115830345, 12.755785068603592 ], [ 78.592521024437232, 12.782675628135172 ], [ 78.633532430144058, 12.931321090240788 ], [ 78.657013862563247, 12.932106394932189 ], [ 78.620896813595905, 12.991240366590807 ], [ 78.655520376572454, 13.015248063919396 ], [ 78.656214697031956, 13.031169391068543 ], [ 78.705271432389679, 13.015238620979554 ], [ 78.714516342626581, 13.068678314368533 ], [ 78.751342661816366, 13.054973177253187 ], [ 78.792847404310933, 13.065778986330105 ], [ 78.813056804156091, 13.089097044188328 ], [ 78.842036425577376, 13.078613089713715 ], [ 78.891212291914812, 13.09715069160359 ], [ 78.891546273859348, 13.033465143302438 ], [ 78.936185205142536, 13.030756848563124 ], [ 78.929163117685704, 13.045758779432923 ], [ 78.90367541306378, 13.047705616274541 ], [ 78.923941547807331, 13.080809067033083 ], [ 78.995001182051354, 13.086608659611224 ], [ 79.063397633973139, 13.053107343894203 ], [ 79.080907294555587, 13.025727123867888 ], [ 79.114781377819241, 13.039240575852237 ], [ 79.163121141697545, 13.020270372966094 ], [ 79.192996459813912, 13.046695497403078 ], [ 79.180679270881143, 13.04832971467996 ], [ 79.192121090197077, 13.067431587376488 ], [ 79.180658779411189, 13.084242356154054 ], [ 79.234426666394398, 13.105228876980052 ], [ 79.232872969923378, 13.139370221603963 ], [ 79.210030042940147, 13.148458090673573 ], [ 79.235644203404618, 13.171227398416532 ], [ 79.245273057187191, 13.138275816140911 ], [ 79.257165542416573, 13.160758767594929 ], [ 79.280547004921047, 13.152561478295892 ], [ 79.284017605597043, 13.12276988758151 ], [ 79.311071094420441, 13.126073403187764 ], [ 79.294305422149549, 13.109598981153779 ], [ 79.307189861251615, 13.105521888899435 ], [ 79.34111850099913, 13.136700594900834 ], [ 79.34538466136884, 13.121425533017463 ], [ 79.360504823956774, 13.123537545853424 ], [ 79.356115370712644, 13.164579287752082 ], [ 79.38003813285448, 13.162926322130586 ], [ 79.369522204406948, 13.172914319854392 ], [ 79.387726720844796, 13.177528976974102 ], [ 79.37454914260087, 13.189424384364607 ], [ 79.438427681294584, 13.188175123113041 ], [ 79.453151673367486, 13.238351765850529 ], [ 79.431143634321103, 13.229741326349869 ], [ 79.437679251712225, 13.242888783168764 ], [ 79.418496216605092, 13.242960108420876 ], [ 79.408418123433748, 13.265269615630617 ], [ 79.433732328339971, 13.274987036657954 ], [ 79.445182401376769, 13.301721839319677 ], [ 79.420035272333578, 13.289546841430663 ], [ 79.3818880128578, 13.307487805979576 ], [ 79.435428990790157, 13.351709701951572 ], [ 79.456255117315507, 13.338570740310582 ], [ 79.499708383814749, 13.347787401408047 ], [ 79.497383874439478, 13.332038045323314 ], [ 79.537300643446713, 13.338647720712283 ], [ 79.533978899003216, 13.276996526867871 ], [ 79.579824725853754, 13.257680265176075 ], [ 79.595590806775363, 13.284663931702354 ], [ 79.63183620164061, 13.269783920304167 ], [ 79.642481736322409, 13.29014819721467 ], [ 79.665852233990506, 13.279403399637733 ], [ 79.682923653258243, 13.295552904653405 ], [ 79.69543127964134, 13.269183734641112 ], [ 79.678293341923478, 13.261653601744545 ], [ 79.684273823825208, 13.244428815654945 ], [ 79.712545830619092, 13.244665447983483 ], [ 79.702707822987236, 13.222396149130065 ], [ 79.718385746840099, 13.216515849908422 ], [ 79.737317082089518, 13.236534770817668 ], [ 79.75984325861198, 13.207443171607206 ], [ 79.794493038920123, 13.226321734797427 ], [ 79.794732020430104, 13.242103946059435 ], [ 79.73371243840009, 13.288817098848298 ], [ 79.756746684080923, 13.295288373357268 ], [ 79.760756110434031, 13.318444364183692 ], [ 79.791732806207847, 13.293524142388486 ], [ 79.808999068264043, 13.31723539359534 ], [ 79.862065969288338, 13.31696670836231 ], [ 79.91597242320077, 13.359869173380279 ], [ 79.93800714310936, 13.355522859250268 ], [ 79.962754617970845, 13.391357676419153 ], [ 79.936624496648236, 13.415718594711686 ], [ 79.973338715972062, 13.429672477225353 ], [ 79.972420332324475, 13.469091660565198 ], [ 80.007490536761992, 13.478640515578974 ], [ 80.015904553870115, 13.497951506782625 ], [ 80.046618298387216, 13.49368380476529 ], [ 80.048423213219024, 13.512250755762567 ], [ 80.000519071168071, 13.525675412747459 ], [ 79.998599713664035, 13.542723824169109 ], [ 80.056934603212326, 13.536636520031355 ], [ 80.0812594297158, 13.549751227867816 ], [ 80.078190069646283, 13.488811434832847 ], [ 80.138469179370745, 13.504332540654824 ], [ 80.161982748120906, 13.488268192848324 ], [ 80.214598561921903, 13.490271830056368 ], [ 80.241814011601122, 13.470646954258143 ], [ 80.268748861721519, 13.564628197689208 ], [ 80.326018497564903, 13.441682190755802 ], [ 80.34536080936185, 13.281302858166319 ], [ 80.298520590610906, 13.137736498805463 ], [ 80.294888419846217, 13.09307751600892 ], [ 80.310629893217268, 13.107775436039345 ], [ 80.28567494615271, 13.06043841318599 ], [ 80.259229723676185, 12.933527834562497 ], [ 80.255021619626632, 12.782136507091664 ], [ 80.157353069200127, 12.469033587145132 ], [ 79.873649410703777, 12.042032014252126 ], [ 79.849768795718418, 12.051311665859433 ], [ 79.840865742956183, 12.013166799281651 ], [ 79.856797393266106, 12.006055012208179 ], [ 79.840635940431767, 11.955785648928845 ], [ 79.81260488784821, 11.97789176390776 ], [ 79.80507349874442, 11.953256056695899 ], [ 79.784721333244406, 11.959862463739803 ], [ 79.759943736074831, 11.943599062438718 ], [ 79.762195021974676, 11.928544046570154 ], [ 79.750274067337301, 11.919905608590643 ], [ 79.744530721805972, 11.96495538573736 ], [ 79.723628969710106, 11.978034728836807 ], [ 79.76042375803344, 11.989201026064112 ], [ 79.746495935610298, 12.007678119846679 ], [ 79.691660937206166, 11.951316849283053 ], [ 79.709659884072721, 11.933851881855546 ], [ 79.709678267196679, 11.949956484293175 ], [ 79.720891071810712, 11.944899831957894 ], [ 79.717530579435746, 11.928986094971572 ], [ 79.740696689715435, 11.905438151333589 ], [ 79.711795486726899, 11.890726277924736 ], [ 79.706601868826908, 11.913621331907523 ], [ 79.718661132576983, 11.919037265626777 ], [ 79.696202573144291, 11.919165401270078 ], [ 79.695389004025728, 11.894789374947567 ], [ 79.673845237674414, 11.891611360308394 ], [ 79.674004205343707, 11.880695563576147 ], [ 79.70982161495985, 11.889289428611789 ], [ 79.718365072113855, 11.853533857715982 ], [ 79.740166465407214, 11.864473793904185 ], [ 79.751886937632719, 11.84834613870974 ], [ 79.763989009699344, 11.876967436167952 ], [ 79.7681901913313, 11.838797888678201 ], [ 79.781569021843254, 11.855648934113637 ], [ 79.808205728307399, 11.845256610733617 ], [ 79.798102953923646, 11.82496807008056 ], [ 79.773037547316804, 11.822667932597131 ], [ 79.738616326264733, 11.84351517565937 ], [ 79.7357217603832, 11.809322510277616 ], [ 79.712358424084528, 11.791507705987884 ], [ 79.751242264364024, 11.775569381307212 ], [ 79.765911047776186, 11.791825154314807 ], [ 79.795864390863173, 11.785720614041095 ], [ 79.757035376562101, 11.556148514015247 ], [ 79.842562525780565, 11.350471236240951 ], [ 79.853816447183476, 10.983221369593906 ], [ 79.840131028851573, 11.001595692137933 ], [ 79.816191614639308, 11.003751259727682 ], [ 79.79778699757361, 10.982494939344605 ], [ 79.748703830186969, 11.003265753762122 ], [ 79.762464116809596, 10.960194548140976 ], [ 79.730666211745756, 10.9704534547666 ], [ 79.719742530804211, 10.954445803717059 ], [ 79.736704783205369, 10.957425590296243 ], [ 79.724698370038396, 10.929720653759091 ], [ 79.763048449342349, 10.913353755185875 ], [ 79.756290473765588, 10.891756112646462 ], [ 79.789327109792154, 10.908440804236047 ], [ 79.783658451990163, 10.88847549770262 ], [ 79.828583319723222, 10.883781766596016 ], [ 79.811301623712112, 10.880337671603185 ], [ 79.824907086593825, 10.864828273818983 ], [ 79.807937710552494, 10.855616265069111 ], [ 79.82808938825076, 10.849671515965262 ], [ 79.831069819598724, 10.827382741267636 ], [ 79.852496606435452, 10.827209230614534 ], [ 79.853297344018458, 10.679417215286664 ], [ 79.841472388742275, 10.676088843420583 ], [ 79.853336230290466, 10.676480180230861 ], [ 79.880443527301068, 10.304685315298915 ], [ 79.861510257978864, 10.282841806575178 ], [ 79.817222548208818, 10.275955659363687 ], [ 79.814449499232424, 10.287532051082362 ], [ 79.813927187285202, 10.275615935100198 ], [ 79.780092514909654, 10.272469795681721 ], [ 79.782669077180628, 10.294272800073344 ], [ 79.748722501670173, 10.31437650559654 ], [ 79.777710658883279, 10.284082067346851 ], [ 79.76575160579641, 10.271868224832703 ], [ 79.530742518766147, 10.309166178754468 ], [ 79.544130415075969, 10.324885319017062 ], [ 79.512924338985911, 10.313138092693944 ], [ 79.39590003976241, 10.318635155088277 ], [ 79.298461411336191, 10.263298499867586 ], [ 79.225672576764126, 10.1458274250661 ], [ 79.229450421030222, 10.083641694267484 ], [ 79.266111757431588, 10.039233636168422 ], [ 79.138870800802493, 9.920861248842096 ], [ 79.14701344404979, 9.911435637205715 ], [ 79.114648606820239, 9.889867770298848 ], [ 79.119313968620759, 9.852776661947276 ], [ 79.084955134666842, 9.834650471590093 ], [ 79.093903476892478, 9.829362546429289 ], [ 79.059069257185143, 9.772957778962384 ], [ 78.998793536804243, 9.717947768934925 ], [ 78.959814829939162, 9.630934333693112 ], [ 78.934774814213839, 9.608331234596712 ], [ 78.915226351635596, 9.499031153167859 ], [ 78.898441158973611, 9.490338981379951 ], [ 78.93767979606109, 9.406797427570496 ], [ 79.070818884233191, 9.295144007367174 ], [ 79.210003496825195, 9.283180163248939 ], [ 79.265928446316408, 9.292744173886438 ], [ 79.309915389349527, 9.327646842672413 ], [ 79.329774478573214, 9.31976177482545 ], [ 79.314717150444466, 9.281188349797173 ], [ 79.324003782036414, 9.263577299270189 ], [ 79.423247457346747, 9.178508712948894 ], [ 79.435842971303998, 9.164171889171916 ], [ 79.435496290774594, 9.157793143974173 ], [ 79.310866193195693, 9.241477450713068 ], [ 79.220436323922428, 9.257422733717407 ], [ 79.209198060154947, 9.28240316589798 ], [ 79.081021464139994, 9.261248289059935 ], [ 78.978470512652066, 9.274824788638366 ], [ 78.861099010079684, 9.255401916404663 ], [ 78.73260279528327, 9.211889351241084 ], [ 78.717255199028315, 9.189542662894931 ], [ 78.66137212719903, 9.192661520907913 ], [ 78.642208434616578, 9.1746788644289 ], [ 78.657648198917968, 9.158123156987127 ], [ 78.57757198013114, 9.130845846745613 ], [ 78.530902734134969, 9.138077814000983 ], [ 78.40870470571187, 9.111348230684492 ], [ 78.21504443340578, 8.96603792641878 ], [ 78.186641952605086, 8.923590913969869 ], [ 78.158080825731972, 8.796964934011845 ], [ 78.187055545046732, 8.764139952437334 ], [ 78.199134489088053, 8.787475299216347 ], [ 78.196197075364097, 8.753196528966122 ], [ 78.160785011655349, 8.737602392174503 ], [ 78.125638634573292, 8.66508837611746 ], [ 78.137972621103572, 8.58596380075692 ], [ 78.121900069142981, 8.515695111394582 ], [ 78.130471374969119, 8.496615165010235 ], [ 78.06318171844427, 8.416506793598149 ], [ 78.056896389657609, 8.379411279050073 ], [ 78.067565854560257, 8.373739440982318 ], [ 77.802924536224481, 8.240165763079467 ], [ 77.78131024673344, 8.201040721126491 ], [ 77.745606119166254, 8.177367792567697 ], [ 77.612682362557621, 8.150373828664758 ], [ 77.563268242345586, 8.12392022340358 ] ], [ [ 79.689660163591284, 11.802139782726506 ], [ 79.688125205078805, 11.812242353850067 ], [ 79.675930177143201, 11.81430106562815 ], [ 79.678446463356892, 11.798421936745889 ], [ 79.689660163591284, 11.802139782726506 ] ], [ [ 79.645938222668661, 11.835665681059918 ], [ 79.646336430562741, 11.816243211712344 ], [ 79.671291604002761, 11.814880341044274 ], [ 79.661778283447191, 11.839416061016951 ], [ 79.645938222668661, 11.835665681059918 ] ], [ [ 79.6212175688066, 11.890597265654995 ], [ 79.599409292621559, 11.88300658642528 ], [ 79.602000341124779, 11.857862150741493 ], [ 79.628455440577852, 11.869796516732615 ], [ 79.626340079661972, 11.854668043221611 ], [ 79.65788844711291, 11.852655459901047 ], [ 79.662726689689862, 11.867254545597026 ], [ 79.6212175688066, 11.890597265654995 ] ], [ [ 79.672773524184265, 11.967781954165154 ], [ 79.662196537246842, 11.969166380290009 ], [ 79.654643389150252, 11.953487394623801 ], [ 79.682801493159388, 11.95236273057202 ], [ 79.686505624368223, 11.973253288165195 ], [ 79.672773524184265, 11.967781954165154 ] ], [ [ 79.628197132712828, 12.023349650049807 ], [ 79.618485100324833, 11.926060849815473 ], [ 79.636514451570505, 11.901418286423853 ], [ 79.670697969415258, 11.931577323987327 ], [ 79.657484359745297, 11.948054141380881 ], [ 79.642647916565139, 11.942099899569868 ], [ 79.636015649432593, 11.996043640104791 ], [ 79.650999443268816, 12.021812286812935 ], [ 79.628197132712828, 12.023349650049807 ] ], [ [ 79.687545762076141, 12.026942004212335 ], [ 79.659768444034484, 12.010624654569162 ], [ 79.657024831053278, 11.991386999600325 ], [ 79.717986079183717, 11.990416649141778 ], [ 79.703590629756292, 12.031417600800655 ], [ 79.687545762076141, 12.026942004212335 ] ], [ [ 79.809762897665294, 10.88042413275496 ], [ 79.806054086233843, 10.879641190427202 ], [ 79.806950971400028, 10.87761182118771 ], [ 79.810033199835999, 10.878367462958096 ], [ 79.809762897665294, 10.88042413275496 ] ], [ [ 79.720490495059224, 10.936227587393564 ], [ 79.722300224860945, 10.935217387662339 ], [ 79.722992673231403, 10.9369999890071 ], [ 79.720449634290219, 10.937235543408468 ], [ 79.720490495059224, 10.936227587393564 ] ], [ [ 79.719700249798748, 10.954846564437755 ], [ 79.719739623855972, 10.955945360670068 ], [ 79.718381605606652, 10.955913501387032 ], [ 79.718342162379173, 10.954832141100528 ], [ 79.719700249798748, 10.954846564437755 ] ], [ [ 79.702002561945861, 11.822906422647314 ], [ 79.694592377133489, 11.823039289053526 ], [ 79.692985498601004, 11.813737326876275 ], [ 79.704234569101402, 11.813468147834053 ], [ 79.702002561945861, 11.822906422647314 ] ], [ [ 79.699407760281389, 11.869119497051248 ], [ 79.697230250320885, 11.874080456370386 ], [ 79.695996009137943, 11.860351513037287 ], [ 79.699070818387995, 11.86128640037173 ], [ 79.699407760281389, 11.869119497051248 ] ], [ [ 79.801859440743868, 12.01706811632679 ], [ 79.804336426562202, 12.025855630862523 ], [ 79.788802346342521, 12.026375154783635 ], [ 79.789108105017448, 12.018225904703545 ], [ 79.801859440743868, 12.01706811632679 ] ] ], [ [ [ 79.491072265439158, 9.12291511327869 ], [ 79.4955764146805, 9.125490431263236 ], [ 79.496981437277029, 9.123930319778436 ], [ 79.489292480977454, 9.119036838613974 ], [ 79.491072265439158, 9.12291511327869 ] ] ], [ [ [ 79.483601846790336, 9.133518465295822 ], [ 79.482282190196955, 9.131837213055858 ], [ 79.481559274565285, 9.133112238040162 ], [ 79.483601846790336, 9.133518465295822 ] ] ], [ [ [ 79.473613824997599, 9.138399189025476 ], [ 79.473935897078078, 9.135261731129759 ], [ 79.470693760436731, 9.139986731378904 ], [ 79.471799184106217, 9.140036188999227 ], [ 79.473613824997599, 9.138399189025476 ] ] ], [ [ [ 79.467509654064386, 9.140511971240018 ], [ 79.465094731950728, 9.142935680983467 ], [ 79.465276854594791, 9.143460041123156 ], [ 79.467414882700254, 9.143378192578059 ], [ 79.467509654064386, 9.140511971240018 ] ] ], [ [ [ 79.453768941731809, 9.148584758817577 ], [ 79.452662982666382, 9.146424087924919 ], [ 79.45124890056023, 9.149380967944829 ], [ 79.452691005611683, 9.149715189054163 ], [ 79.453768941731809, 9.148584758817577 ] ] ], [ [ [ 79.445818990706215, 9.157930773003294 ], [ 79.447669690871408, 9.153934027750198 ], [ 79.446996181682096, 9.152822066844641 ], [ 79.445591257900233, 9.156665028423175 ], [ 79.445818990706215, 9.157930773003294 ] ] ], [ [ [ 79.088694528343851, 9.192806689981023 ], [ 79.068433835594291, 9.200028558061202 ], [ 79.05695767637998, 9.199188537748729 ], [ 79.070398631682039, 9.210612052824715 ], [ 79.088694528343851, 9.192806689981023 ] ] ], [ [ [ 79.13133633496885, 9.216212511945741 ], [ 79.133107459671223, 9.214650916672133 ], [ 79.122306050219635, 9.216136150364322 ], [ 79.125552135855003, 9.217420986283773 ], [ 79.13133633496885, 9.216212511945741 ] ] ], [ [ [ 79.206527365221987, 9.245857054227365 ], [ 79.22364618319736, 9.247150655331906 ], [ 79.199803299250561, 9.230356459352773 ], [ 79.17807343700666, 9.2423264036061 ], [ 79.206527365221987, 9.245857054227365 ] ] ], [ [ [ 79.23411543697938, 9.243282586908402 ], [ 79.235730863880079, 9.243476528427484 ], [ 79.2384602969545, 9.241034503114518 ], [ 79.235375014246557, 9.240452203386273 ], [ 79.23411543697938, 9.243282586908402 ] ] ], [ [ [ 79.766636209196037, 10.898627482072653 ], [ 79.766157604778954, 10.900611836240808 ], [ 79.769084339330817, 10.901761101738705 ], [ 79.769350262214488, 10.899966585953068 ], [ 79.766636209196037, 10.898627482072653 ] ] ], [ [ [ 79.766015663777551, 10.900955316044358 ], [ 79.762179523341075, 10.901519807576227 ], [ 79.764058230281876, 10.912219123970697 ], [ 79.767885989436735, 10.901769668725827 ], [ 79.766015663777551, 10.900955316044358 ] ] ], [ [ [ 79.795664033317152, 11.891451830925455 ], [ 79.792373543957282, 11.876846757252 ], [ 79.785171385608521, 11.863071048193182 ], [ 79.778548123188386, 11.86315634477107 ], [ 79.769843522645431, 11.902774346016919 ], [ 79.795664033317152, 11.891451830925455 ] ], [ [ 79.792947548559212, 11.883484892020029 ], [ 79.793321778621745, 11.884553362789205 ], [ 79.791587526168527, 11.884999368196997 ], [ 79.791249391312434, 11.883931051255779 ], [ 79.792947548559212, 11.883484892020029 ] ], [ [ 79.790714610749063, 11.894548249103655 ], [ 79.790994332653824, 11.895325761613879 ], [ 79.789256527363648, 11.895839985294794 ], [ 79.789020929807322, 11.895035893399996 ], [ 79.790714610749063, 11.894548249103655 ] ] ], [ [ [ 79.847810147700471, 13.324316106693033 ], [ 79.849771424188958, 13.323175002912951 ], [ 79.84267505773623, 13.322576735273017 ], [ 79.8456676612563, 13.327576679365761 ], [ 79.847810147700471, 13.324316106693033 ] ] ] ] } },
{ "type": "Feature", "properties": { "stname": "ODISHA", "num_caaqms": 19, "num_manual": 38 }, "geometry": { "type": "MultiPolygon", "coordinates": [ [ [ [ 84.331602961008599, 18.786139427158442 ], [ 84.339591571930754, 18.789400542949394 ], [ 84.339361606811295, 18.778691964683407 ], [ 84.336864750258854, 18.782223264792336 ], [ 84.331602961008599, 18.786139427158442 ] ] ], [ [ [ 84.349676147345178, 18.788704124759768 ], [ 84.349678059858434, 18.791918983613904 ], [ 84.353274639371548, 18.789892993823006 ], [ 84.35171316708346, 18.785771136116796 ], [ 84.349676147345178, 18.788704124759768 ] ] ], [ [ [ 82.400233331414597, 18.458381939300512 ], [ 82.364212421047256, 18.421537644074327 ], [ 82.385549003554743, 18.367505296631947 ], [ 82.338129139680191, 18.32803034864439 ], [ 82.355870203584857, 18.315922942791481 ], [ 82.38896125865304, 18.328507437676326 ], [ 82.39233587523924, 18.297949549732007 ], [ 82.376495948309696, 18.280678499733934 ], [ 82.344664973565315, 18.280548197838172 ], [ 82.324412414162325, 18.231210426344742 ], [ 82.33705506092592, 18.224304637380367 ], [ 82.310842539837211, 18.204094774258664 ], [ 82.315452570806144, 18.184029240960289 ], [ 82.372316831097748, 18.148163525686865 ], [ 82.363881597579265, 18.134836044881155 ], [ 82.338795368024137, 18.146922268625406 ], [ 82.335789957223071, 18.105858677937444 ], [ 82.35148417022701, 18.075400157050801 ], [ 82.320133337815435, 18.044788539008614 ], [ 82.299584284961369, 18.054714516382045 ], [ 82.301165567796446, 18.069307251301097 ], [ 82.27261171368383, 18.057221007007794 ], [ 82.268007398695104, 18.000003077785678 ], [ 82.186591355238392, 18.015448040316294 ], [ 82.16883885578018, 18.051952952698798 ], [ 82.137175973791742, 18.04393603186271 ], [ 82.132947745683211, 18.060051509417097 ], [ 82.076635718424271, 18.075217357719694 ], [ 82.061564106184207, 18.055450353575743 ], [ 82.032323887092232, 18.069318402137917 ], [ 82.007389947130605, 18.056323285618962 ], [ 82.009347193776705, 18.030072722367251 ], [ 81.962966528870609, 17.999251462157712 ], [ 81.809894123682867, 17.950984259119537 ], [ 81.790128629030292, 17.920806548819758 ], [ 81.72562016740487, 17.87886325616002 ], [ 81.708181329101109, 17.872894409627506 ], [ 81.699649988423673, 17.900966211405091 ], [ 81.66973111818568, 17.886551508411443 ], [ 81.617232407866837, 17.822299572247196 ], [ 81.573169038864279, 17.836994765204366 ], [ 81.490045472325662, 17.812694885151487 ], [ 81.473920065290372, 17.837965742578252 ], [ 81.391003432863997, 17.816510883377767 ], [ 81.400731680741174, 17.894263850211559 ], [ 81.44392224481706, 17.885054844917764 ], [ 81.449114191850583, 17.931934675719432 ], [ 81.482949968255582, 17.976815096265366 ], [ 81.480405601604417, 18.050741363037851 ], [ 81.512855167033237, 18.0986877339225 ], [ 81.52564770668512, 18.152588831232592 ], [ 81.507151269220969, 18.185514917217951 ], [ 81.525239302912553, 18.257708123956398 ], [ 81.598885461744032, 18.309482723640201 ], [ 81.661897646313122, 18.321227257417554 ], [ 81.649663667426807, 18.336904796716709 ], [ 81.659140454398084, 18.346560835807217 ], [ 81.750057544728605, 18.352749966652176 ], [ 81.768874298066876, 18.41709070793755 ], [ 81.856205137713417, 18.49140102139199 ], [ 81.868247752986306, 18.524921001194603 ], [ 81.908807723821823, 18.538033145944077 ], [ 81.91069073369286, 18.57063481320537 ], [ 81.950193128724152, 18.569970034681454 ], [ 81.963420691925421, 18.590028489338565 ], [ 81.894507471560004, 18.630014375643295 ], [ 81.893497212716781, 18.657089961398643 ], [ 81.948943465264435, 18.643709887627466 ], [ 81.970984670111079, 18.698636979806032 ], [ 82.030390769194653, 18.723586769393595 ], [ 82.084974556424569, 18.718593134018359 ], [ 82.09157954711182, 18.765730653400777 ], [ 82.133417616679068, 18.76536420941429 ], [ 82.133494712791702, 18.780445741818077 ], [ 82.165435429324475, 18.798624737225303 ], [ 82.160412561397095, 18.878912420810316 ], [ 82.176146423342701, 18.902669453171335 ], [ 82.246053959251711, 18.919111037391087 ], [ 82.232765756175496, 19.017914316162997 ], [ 82.202254017612958, 19.066638981408488 ], [ 82.218415146155493, 19.097268750664725 ], [ 82.204912294235399, 19.097140804619748 ], [ 82.205816061394984, 19.12412983389823 ], [ 82.182469278352045, 19.131690930143428 ], [ 82.173605181930412, 19.118410570406024 ], [ 82.166095578768889, 19.132699087672641 ], [ 82.180931948287224, 19.150816532409792 ], [ 82.170179886887439, 19.161159299279021 ], [ 82.186139484684205, 19.166347501105371 ], [ 82.161705568569246, 19.202245849194014 ], [ 82.158425583210018, 19.265167288355777 ], [ 82.194121969994427, 19.32593531941653 ], [ 82.148777952841385, 19.352976213408379 ], [ 82.1477355262261, 19.371818400260864 ], [ 82.178088765141624, 19.378491115649222 ], [ 82.189879058922571, 19.425729787203409 ], [ 82.171491708374958, 19.437187819643604 ], [ 82.126141562914995, 19.429085724065292 ], [ 82.102820991813758, 19.466106434288108 ], [ 82.100254909288921, 19.516589231370816 ], [ 82.07602727241435, 19.523625889770582 ], [ 82.029147772132674, 19.507648192032484 ], [ 82.050710112050822, 19.548818793038144 ], [ 82.03993766967389, 19.597857386234146 ], [ 82.059017862054077, 19.62817540415578 ], [ 82.044750595929514, 19.708877123046292 ], [ 82.065547507445189, 19.790657880384028 ], [ 81.985949451104332, 19.801089309676456 ], [ 81.968131408766325, 19.859894903239717 ], [ 81.853155598970645, 19.918477977378501 ], [ 81.84527524312503, 19.959532866733859 ], [ 81.872018468222336, 20.045991885203556 ], [ 81.89528017362133, 20.048237802671853 ], [ 81.946881230714453, 20.105031416594908 ], [ 81.995344839032754, 20.053566300975614 ], [ 82.017683948583837, 20.048976793672328 ], [ 82.032561377398835, 20.015720882034692 ], [ 82.070469354429008, 20.056947942365948 ], [ 82.127342686806685, 20.014532039140907 ], [ 82.171557320424981, 20.005151674160473 ], [ 82.184253714290321, 19.984189723324281 ], [ 82.237123513263143, 20.003327553110573 ], [ 82.269169458448303, 19.975261213640064 ], [ 82.303527223407045, 19.88884228621291 ], [ 82.344242980977427, 19.835017253620578 ], [ 82.394870553560111, 19.888015076728564 ], [ 82.446955687607002, 19.91016414094517 ], [ 82.603429630991684, 19.866989988161482 ], [ 82.575787954066371, 19.833394533753534 ], [ 82.591812834231433, 19.775862726963304 ], [ 82.627127477444262, 19.793657974140935 ], [ 82.652159163091994, 19.832165857806679 ], [ 82.7079449886985, 19.835814139798661 ], [ 82.724584457553419, 19.875537677649891 ], [ 82.707408202197115, 19.902040928193991 ], [ 82.715446879823318, 19.995926707361736 ], [ 82.641506635924017, 20.00671328572356 ], [ 82.595732543142162, 19.991570645820715 ], [ 82.550108644184235, 20.017772518731022 ], [ 82.509112474802947, 20.018162851874891 ], [ 82.398291942728193, 20.058178874291656 ], [ 82.386132840217428, 20.14756319213858 ], [ 82.42080828539325, 20.205820572159574 ], [ 82.412341512025151, 20.267042314118445 ], [ 82.437811131763752, 20.294407653420716 ], [ 82.400379051628391, 20.341581056284848 ], [ 82.437874382142908, 20.434142748988698 ], [ 82.41763350443189, 20.481742386397563 ], [ 82.394942770024102, 20.461251368863223 ], [ 82.389699013554846, 20.517603215257076 ], [ 82.357144969566903, 20.529790721282708 ], [ 82.332234445989783, 20.561906501192478 ], [ 82.376497478140621, 20.632410243618619 ], [ 82.341688626856936, 20.768051050216719 ], [ 82.351192657035853, 20.889740414899236 ], [ 82.364608311287924, 20.870671890397983 ], [ 82.405448222318796, 20.870187684086918 ], [ 82.420314116765567, 20.831463738954106 ], [ 82.464485441705691, 20.828995984793107 ], [ 82.48668141100444, 20.861646425840949 ], [ 82.487700243368764, 20.908001835714821 ], [ 82.559147907594706, 20.947937533946511 ], [ 82.628791764611577, 21.03803584282748 ], [ 82.611983258871348, 21.074693602327308 ], [ 82.649905594573013, 21.106467732845047 ], [ 82.640610128948566, 21.154874042766533 ], [ 82.755906841218234, 21.166434290410393 ], [ 82.794253177242425, 21.142679077263043 ], [ 82.850409904653361, 21.16857891107324 ], [ 82.882971972393406, 21.148529928674265 ], [ 82.902621995802733, 21.166996875029124 ], [ 82.947683306847665, 21.161778411064748 ], [ 82.944227479864821, 21.178409214605406 ], [ 82.964934396358728, 21.193274945619539 ], [ 82.965559010247134, 21.175331124043989 ], [ 82.988800121768222, 21.182636731236794 ], [ 82.981175397706409, 21.169761654878183 ], [ 83.003764307178443, 21.166930463223114 ], [ 82.990322240660376, 21.139859464738564 ], [ 83.015997058067754, 21.146306639063312 ], [ 83.077813088225298, 21.111949755196036 ], [ 83.131491748246276, 21.105814831866581 ], [ 83.166914707621132, 21.138788177348541 ], [ 83.198103822620297, 21.145443394677006 ], [ 83.222954187819496, 21.265769106415878 ], [ 83.250257330138425, 21.282320025612243 ], [ 83.271624282889007, 21.273675786895666 ], [ 83.279269429250519, 21.294955716197137 ], [ 83.257344162771062, 21.320499443172839 ], [ 83.268728360551393, 21.378589904844269 ], [ 83.378288276906474, 21.344796257254295 ], [ 83.406880230366895, 21.351625843139228 ], [ 83.398927067864165, 21.405342658043921 ], [ 83.354371492154513, 21.448070517249121 ], [ 83.337882561178276, 21.502100216710371 ], [ 83.372910955327541, 21.55785453472566 ], [ 83.365111151413458, 21.576236414250626 ], [ 83.382684825943045, 21.62012985540175 ], [ 83.442387258577611, 21.655338512344219 ], [ 83.456107750731491, 21.609996053410509 ], [ 83.489612002084243, 21.631464725304888 ], [ 83.41869341232298, 21.68065386696917 ], [ 83.431646529425151, 21.699905174288816 ], [ 83.459297332335467, 21.698490412034925 ], [ 83.489357786045375, 21.745906922631399 ], [ 83.469355388584404, 21.787269147916753 ], [ 83.492906071230507, 21.81836635480326 ], [ 83.540426143073304, 21.79905222686947 ], [ 83.532707124652774, 21.831758611162023 ], [ 83.576913090426871, 21.83129954175762 ], [ 83.590887542599773, 21.851101342885972 ], [ 83.57421659587898, 21.875103838025918 ], [ 83.605588420122089, 21.914783753216597 ], [ 83.556720780131698, 21.935345078312203 ], [ 83.561691526907978, 21.948009027357006 ], [ 83.537806352972567, 21.96938232635625 ], [ 83.55615170907727, 22.007817512303099 ], [ 83.536807878229212, 22.027584228064885 ], [ 83.543056885434012, 22.05593915858406 ], [ 83.585429606207214, 22.048799198409629 ], [ 83.606424230628733, 22.06658766331444 ], [ 83.562581374672249, 22.103020905857232 ], [ 83.649512783817585, 22.22334037837496 ], [ 83.703945600180802, 22.246714615816554 ], [ 83.757750833723648, 22.240339453083099 ], [ 83.864263887417167, 22.343275411150593 ], [ 83.891204070835428, 22.336715341927984 ], [ 83.923283797166832, 22.358410177701032 ], [ 84.010292260203997, 22.371584391998184 ], [ 84.046766545803635, 22.437533188227079 ], [ 84.047247162446951, 22.469220904342755 ], [ 83.980023585096063, 22.502545079034061 ], [ 83.982887241745303, 22.523101049399862 ], [ 84.059714914411231, 22.516431821998527 ], [ 84.113489948390807, 22.475686422640162 ], [ 84.140684336169869, 22.473915062645375 ], [ 84.140856354563624, 22.425935454954505 ], [ 84.156132723399679, 22.407735092827256 ], [ 84.198344885587233, 22.376133246732785 ], [ 84.251455949587509, 22.3780779453453 ], [ 84.296608815129574, 22.341108941233227 ], [ 84.428132674030337, 22.353265781932745 ], [ 84.434959468642717, 22.374165212670956 ], [ 84.485087481807653, 22.389354700127686 ], [ 84.483003886218526, 22.41351600097703 ], [ 84.535989086366044, 22.427299303073312 ], [ 84.628648141186517, 22.434552975654867 ], [ 84.668057553399393, 22.41806444329708 ], [ 84.749895325339239, 22.419341854123591 ], [ 84.759315459158813, 22.447465723626497 ], [ 84.81252397240111, 22.452931298340051 ], [ 84.838553173391446, 22.430925671102848 ], [ 84.882394705231206, 22.448466195293786 ], [ 84.886038269328651, 22.422087084178049 ], [ 84.910226259058149, 22.423283169862454 ], [ 84.956668373221277, 22.458225407038693 ], [ 84.959351510719216, 22.443053680268704 ], [ 85.063371762855496, 22.48553870005248 ], [ 85.078003496152107, 22.477549222073712 ], [ 85.060288209404476, 22.449559801620108 ], [ 85.087868161290018, 22.388466625022449 ], [ 85.076670166301767, 22.356206833104348 ], [ 85.095748798308279, 22.344740603606862 ], [ 85.090735872934445, 22.318580377848644 ], [ 85.118095830101836, 22.317594606634689 ], [ 85.115997027831611, 22.294093264951492 ], [ 85.070614537631542, 22.273652222157637 ], [ 85.078042939379586, 22.25703693864914 ], [ 85.05265812240043, 22.18245688301532 ], [ 85.029098345210372, 22.16349424481319 ], [ 85.032352267748294, 22.134750276361121 ], [ 84.983393475706009, 22.095524752723591 ], [ 84.986949546589727, 22.082823007939101 ], [ 85.039089397918872, 22.115616553620164 ], [ 85.094244431922803, 22.108394823775136 ], [ 85.120065426786468, 22.070176815772196 ], [ 85.153533818291393, 22.079250677309041 ], [ 85.173865551610248, 22.051378829002271 ], [ 85.167430914738546, 22.068754109589062 ], [ 85.179986823771543, 22.073443659400308 ], [ 85.236292546653814, 22.009803316356571 ], [ 85.281301684445353, 22.090428147155727 ], [ 85.32309224121893, 22.12749920484017 ], [ 85.364406916369006, 22.123714073289587 ], [ 85.371069013857209, 22.160991709398111 ], [ 85.420542651050056, 22.158936062708882 ], [ 85.542979615169045, 22.090473056908596 ], [ 85.597182495158918, 22.079123698951108 ], [ 85.651623697295335, 22.095438547948863 ], [ 85.686288269262946, 22.054129864412989 ], [ 85.74939229219676, 22.073566312351414 ], [ 85.807425441234386, 22.116111851744265 ], [ 85.83586325906343, 22.080157498152289 ], [ 85.793437359822008, 22.08181011538478 ], [ 85.762993437775222, 21.996143973304051 ], [ 85.824370698408643, 21.975448684854371 ], [ 85.895766306162173, 21.984413328800578 ], [ 85.907217027782622, 21.970190113957386 ], [ 85.916153470025662, 22.008776842637467 ], [ 85.943594212686534, 22.020356166238368 ], [ 86.007583810997133, 22.117676736611152 ], [ 85.996761515715178, 22.132448019706317 ], [ 86.031432029140063, 22.190850991212166 ], [ 85.973875882823364, 22.24707853623147 ], [ 86.014932015648185, 22.297760966676655 ], [ 86.047205886777107, 22.308956291603959 ], [ 86.014131016655412, 22.312995230393678 ], [ 86.026711915023, 22.334863999149743 ], [ 85.998024448189994, 22.3415995606595 ], [ 86.027235572646504, 22.386004298065487 ], [ 86.015001482369115, 22.428729386586923 ], [ 85.984613190292919, 22.435446992757473 ], [ 85.957122531844945, 22.464281269787609 ], [ 85.973150350399308, 22.505313273832758 ], [ 86.026529752853051, 22.524021805049504 ], [ 86.024027119235043, 22.544624571364764 ], [ 86.045443605090384, 22.567507354130424 ], [ 86.115197301812003, 22.487827009032937 ], [ 86.281300840089415, 22.448661738366468 ], [ 86.35814374279262, 22.349212676798484 ], [ 86.431651471238808, 22.306987367177257 ], [ 86.445268575388312, 22.328923673626189 ], [ 86.496395675947639, 22.347077164398751 ], [ 86.532447000575502, 22.301260924836761 ], [ 86.582254790392824, 22.301645243676813 ], [ 86.592596545388233, 22.279095369053191 ], [ 86.648729642615621, 22.26435629759581 ], [ 86.654253523434861, 22.236267985079564 ], [ 86.724961979284856, 22.218020086216772 ], [ 86.719710715594786, 22.14728147974737 ], [ 86.793845301022643, 22.157484373082674 ], [ 86.806700139737799, 22.119587983332668 ], [ 86.824621355382803, 22.118921867018653 ], [ 86.833738198199555, 22.098699813290089 ], [ 86.964707092290823, 22.085740498056339 ], [ 87.026695643898663, 22.037085657619034 ], [ 87.030073353384424, 21.984232110635237 ], [ 86.999721833844362, 21.913245487143861 ], [ 87.032670370294383, 21.870776241415246 ], [ 87.097849520399166, 21.866937426815262 ], [ 87.097099673275295, 21.913937529124791 ], [ 87.161770564677141, 21.935335662218083 ], [ 87.170413721352958, 21.979937904618996 ], [ 87.248957367552705, 21.936684747162662 ], [ 87.23426084865612, 21.901053819643458 ], [ 87.277377908982203, 21.805005191862367 ], [ 87.355516459904536, 21.792173265980754 ], [ 87.369660365781016, 21.765432938109956 ], [ 87.385700871242165, 21.776758041847931 ], [ 87.442822398251394, 21.769253609115907 ], [ 87.444754243236176, 21.734650719862152 ], [ 87.469184392715135, 21.732516541329893 ], [ 87.460370400726759, 21.651397279276672 ], [ 87.47628831310108, 21.647202389933543 ], [ 87.484807911899466, 21.612460112710128 ], [ 87.362477817654892, 21.558091375948766 ], [ 87.248828579683646, 21.556214501344421 ], [ 87.118501885799091, 21.517097099960719 ], [ 86.979279739797903, 21.409763264609335 ], [ 86.892562568966383, 21.318374719613224 ], [ 86.829353122445767, 21.208646982263925 ], [ 86.856286552329749, 21.205603747133793 ], [ 86.841535703324794, 21.175081372001664 ], [ 86.84789739340215, 21.095502877116193 ], [ 86.980415878663621, 20.858244293082329 ], [ 86.967411382418746, 20.791393866190994 ], [ 86.944163497600414, 20.766477947593042 ], [ 86.992108551624341, 20.770497577905729 ], [ 87.000038410930273, 20.697836803839042 ], [ 87.058248066344817, 20.716757009016259 ], [ 86.775250491746647, 20.520752711061906 ], [ 86.733357135365239, 20.461589461815443 ], [ 86.724622852688668, 20.394886395604679 ], [ 86.739487930566852, 20.400568795987162 ], [ 86.747004857692858, 20.378790194093938 ], [ 86.776817950407832, 20.404501097667623 ], [ 86.781216136174848, 20.378494603170815 ], [ 86.797230417117902, 20.375005439701354 ], [ 86.789318666949754, 20.374984320391757 ], [ 86.781854186164978, 20.365863348037724 ], [ 86.778792102449245, 20.356615574866868 ], [ 86.798055650860377, 20.363973115031264 ], [ 86.779510711557407, 20.33635515208524 ], [ 86.523825564264939, 20.173447218801066 ], [ 86.433964534280733, 20.052140721932393 ], [ 86.413871993575967, 19.997102939844577 ], [ 86.377997443921245, 19.966833493361143 ], [ 86.41166452120747, 19.975056005398212 ], [ 86.392159390663608, 19.956935564280244 ], [ 86.309619544006722, 19.941272261878854 ], [ 86.143736985899309, 19.873507607615796 ], [ 85.78108540608774, 19.780649432663562 ], [ 85.346745810609463, 19.584550259188926 ], [ 84.930209807169533, 19.27620655659069 ], [ 84.817804640645377, 19.165598592137073 ], [ 84.766265504424808, 19.078143625312297 ], [ 84.701881696621456, 19.119354594993982 ], [ 84.710977393994696, 19.159158391059155 ], [ 84.670906112063648, 19.166042340392085 ], [ 84.667318409702133, 19.129856736414151 ], [ 84.595530035150205, 19.132449534059731 ], [ 84.625494770671622, 19.084913615790189 ], [ 84.658970860738549, 19.094428000742834 ], [ 84.670852346995574, 19.07633014129846 ], [ 84.661131033214048, 19.063038861305696 ], [ 84.618309762958219, 19.065873005786131 ], [ 84.600901128709268, 19.024789393633455 ], [ 84.581666241945584, 19.030088266697401 ], [ 84.572864847930788, 19.073719982366903 ], [ 84.494367358068672, 19.029001168014766 ], [ 84.478893166732306, 18.988459171935574 ], [ 84.421085397812931, 19.021991447987446 ], [ 84.452319315388593, 18.97645472996123 ], [ 84.431072936312063, 18.969189415161253 ], [ 84.424219830943343, 18.947253904410783 ], [ 84.437652880172564, 18.919639605043841 ], [ 84.418969076598017, 18.91777783707116 ], [ 84.418018146089409, 18.897202117591366 ], [ 84.378933892568327, 18.904217533227577 ], [ 84.397830071350768, 18.889118137594071 ], [ 84.392132483305048, 18.876296432143153 ], [ 84.36035592490731, 18.893989573288827 ], [ 84.384202176638098, 18.874139654030131 ], [ 84.374226910922388, 18.8613883782951 ], [ 84.331073909900113, 18.883823291711973 ], [ 84.333060305080565, 18.86051372564938 ], [ 84.363849640133907, 18.837121916400562 ], [ 84.331055249196751, 18.817849680683274 ], [ 84.344545352226291, 18.801797145290557 ], [ 84.321258361048677, 18.786492427866559 ], [ 84.288661542880149, 18.804659320306587 ], [ 84.260966735097355, 18.78322007288498 ], [ 84.226308191723646, 18.79876710713674 ], [ 84.089462533416679, 18.756780404363248 ], [ 84.038483300943014, 18.816432844849505 ], [ 83.950161534198159, 18.805177269758861 ], [ 83.915587948992425, 18.827899321581786 ], [ 83.893162279577183, 18.814473184910046 ], [ 83.846005115431097, 18.869097375644667 ], [ 83.845787686301406, 18.9135828469526 ], [ 83.826870960353489, 18.915805836647628 ], [ 83.794688029274013, 19.017976999979471 ], [ 83.744853466966305, 18.987978776289211 ], [ 83.759050650125673, 18.950927697625374 ], [ 83.784456018761901, 18.933595270975481 ], [ 83.778243415784019, 18.911363387622675 ], [ 83.753858746211279, 18.925131044670486 ], [ 83.733012704036071, 18.987711752744023 ], [ 83.709635156389581, 19.00215561274242 ], [ 83.729918080645803, 19.022011033654366 ], [ 83.700615854443043, 19.025001751999461 ], [ 83.626101918555548, 19.161852771814111 ], [ 83.598893347276444, 19.129528123693348 ], [ 83.610614150980282, 19.096063334627175 ], [ 83.584953206255847, 19.085394902617644 ], [ 83.584455092227429, 19.057565877593763 ], [ 83.563419234236051, 19.057850455689845 ], [ 83.561064464212109, 19.086315603592709 ], [ 83.549045515953665, 19.080517676130246 ], [ 83.557567374015022, 19.05620236660771 ], [ 83.536705174741087, 19.009495076640363 ], [ 83.50057762716304, 19.021154070670125 ], [ 83.497292947208095, 19.035805913630963 ], [ 83.519304391767719, 19.039245547634561 ], [ 83.51122275490799, 19.070439549422797 ], [ 83.500604054700375, 19.060631971335877 ], [ 83.48445594274628, 19.09104510983882 ], [ 83.468225521756011, 19.093241059777863 ], [ 83.478372035110937, 19.079273928618317 ], [ 83.462294348380198, 19.063766509576656 ], [ 83.48250820925908, 19.015094199395822 ], [ 83.449941250192268, 19.00965865661448 ], [ 83.467835431937132, 18.991083066647235 ], [ 83.461829066877101, 18.954781357951841 ], [ 83.400055619558998, 19.009410066799138 ], [ 83.373452004334965, 19.002185281831167 ], [ 83.342921488288027, 19.018136553659847 ], [ 83.338784838032794, 18.997005093934366 ], [ 83.310646221177137, 18.998672857627096 ], [ 83.338778387230747, 18.953697922838035 ], [ 83.326497972630762, 18.931981963958545 ], [ 83.348437710071124, 18.926286429914573 ], [ 83.354735959326547, 18.967296289285262 ], [ 83.387358065070302, 18.932594912881044 ], [ 83.370604274815705, 18.926036204035718 ], [ 83.370146991013598, 18.941716308103139 ], [ 83.352483990707086, 18.943463125377537 ], [ 83.368082113620019, 18.908686953880576 ], [ 83.39317751856747, 18.907380738879457 ], [ 83.381915414410628, 18.891756434582611 ], [ 83.414751379379155, 18.874963245200171 ], [ 83.405882582073602, 18.842515212163921 ], [ 83.378325654008805, 18.830662856234309 ], [ 83.365700327662239, 18.843147355635629 ], [ 83.330616307135642, 18.806346744030048 ], [ 83.284337853440888, 18.79787815977236 ], [ 83.271354608640721, 18.764635364354099 ], [ 83.224607488590877, 18.775088236400549 ], [ 83.212552251988228, 18.73053386758793 ], [ 83.206547864120139, 18.751438431580816 ], [ 83.139029676187036, 18.785364556411061 ], [ 83.072597351108115, 18.705225907113423 ], [ 83.057894598801781, 18.665234794940847 ], [ 83.013128417565326, 18.646054184683326 ], [ 83.000570555594905, 18.607899244761608 ], [ 83.023790247686364, 18.589647176213827 ], [ 83.052663734953498, 18.600996962754724 ], [ 83.029756750005674, 18.573507805163679 ], [ 83.045224784289061, 18.544459226380447 ], [ 83.095039209961357, 18.546642411934332 ], [ 83.020947663717081, 18.456241954064989 ], [ 83.04253037473093, 18.424225818808548 ], [ 83.067311613670682, 18.430091421744148 ], [ 83.057856663845627, 18.418960961371322 ], [ 83.077051993295782, 18.403469631180581 ], [ 83.054488809776871, 18.379985821334092 ], [ 83.021920664035591, 18.391703806878649 ], [ 82.970471461751373, 18.360006129346861 ], [ 82.93972706671677, 18.360818663825189 ], [ 82.894193665837193, 18.381568108344432 ], [ 82.894999663954522, 18.42410257969091 ], [ 82.852416119363909, 18.41920145866267 ], [ 82.803142591782034, 18.449246031582799 ], [ 82.782163268364741, 18.430787768383492 ], [ 82.799538370300766, 18.406749760041905 ], [ 82.774253797222499, 18.340550089853497 ], [ 82.666765921427057, 18.29802922873132 ], [ 82.642119399237188, 18.301436719015857 ], [ 82.652486708607498, 18.249999356011131 ], [ 82.637322682182557, 18.236811531058446 ], [ 82.58765615334201, 18.276416989037266 ], [ 82.598485572264181, 18.303735928744707 ], [ 82.581610042322254, 18.31419506937425 ], [ 82.60829297159934, 18.326545023640218 ], [ 82.601915667903995, 18.351622329342472 ], [ 82.621227537592603, 18.359708283599979 ], [ 82.594384751314038, 18.389322744714669 ], [ 82.535528565813095, 18.406170600783938 ], [ 82.561633964600802, 18.446541071156116 ], [ 82.543152688003673, 18.457593745423225 ], [ 82.538524048433658, 18.444452952237672 ], [ 82.519420046206861, 18.465596657683975 ], [ 82.534190212583695, 18.477734441937734 ], [ 82.532034825433698, 18.511156500930554 ], [ 82.503847218055697, 18.51426954567226 ], [ 82.482753123182775, 18.548722118719166 ], [ 82.400233331414597, 18.458381939300512 ] ] ], [ [ [ 86.780164539557163, 20.360549801675589 ], [ 86.782743962063989, 20.363679849595641 ], [ 86.784238305945848, 20.364128636230099 ], [ 86.780474844605777, 20.358141755801885 ], [ 86.780164539557163, 20.360549801675589 ] ] ], [ [ [ 86.798381909988436, 20.364788563922225 ], [ 86.802200505429113, 20.390882781683008 ], [ 86.797861019175997, 20.400540436696165 ], [ 86.80553904926677, 20.395767734129379 ], [ 86.807741018555816, 20.376306810208003 ], [ 86.798381909988436, 20.364788563922225 ] ] ], [ [ [ 86.791796719966655, 20.386128360714633 ], [ 86.792588362107409, 20.383501742779355 ], [ 86.792119188204182, 20.381702429126662 ], [ 86.790294471808593, 20.382280281591591 ], [ 86.791796719966655, 20.386128360714633 ] ] ], [ [ [ 86.788558525132757, 20.405030799580896 ], [ 86.799971383662253, 20.443692956385473 ], [ 86.793698144402683, 20.493201359990223 ], [ 86.808243981690126, 20.453118518032831 ], [ 86.787865744385627, 20.38347220903546 ], [ 86.788558525132757, 20.405030799580896 ] ] ], [ [ [ 87.0077823593966, 20.718131928677156 ], [ 87.0062021743028, 20.715050103365588 ], [ 87.002753272432486, 20.711768423888731 ], [ 87.005023547819121, 20.716763808163456 ], [ 87.0077823593966, 20.718131928677156 ] ] ], [ [ [ 86.978454312917634, 20.778806374150875 ], [ 86.981970086276021, 20.784820155729555 ], [ 86.983012626079002, 20.784431720006623 ], [ 86.982941173182965, 20.779010184981679 ], [ 86.978454312917634, 20.778806374150875 ] ] ], [ [ [ 86.990126359661119, 20.80243172303706 ], [ 86.986575731669717, 20.801993242827777 ], [ 86.986114392872381, 20.802978114290916 ], [ 86.989213365006918, 20.803877404968912 ], [ 86.990126359661119, 20.80243172303706 ] ] ], [ [ [ 87.011747232904867, 20.712307763810127 ], [ 87.007538168556266, 20.711205522796121 ], [ 87.012218077674518, 20.716812874269216 ], [ 87.013074299701046, 20.716018641826572 ], [ 87.011747232904867, 20.712307763810127 ] ] ], [ [ [ 87.05372432215222, 20.729589782082186 ], [ 87.053484518683746, 20.730488931628972 ], [ 87.057139052109108, 20.730207644252836 ], [ 87.056163991055342, 20.72974261459272 ], [ 87.05372432215222, 20.729589782082186 ] ] ], [ [ [ 87.077133633328813, 20.743957030273606 ], [ 87.077995754591811, 20.739294108848657 ], [ 87.076336302157372, 20.734261845767872 ], [ 87.071993062743019, 20.730563506251809 ], [ 87.077133633328813, 20.743957030273606 ] ] ], [ [ [ 87.071088260724224, 20.736676685639353 ], [ 87.068778634636544, 20.737626396581096 ], [ 87.071814441731917, 20.748947155631324 ], [ 87.070349138586536, 20.73771611999258 ], [ 87.071088260724224, 20.736676685639353 ] ] ], [ [ [ 87.055338394393488, 20.744091927709789 ], [ 87.049992570443351, 20.743307439682848 ], [ 87.058239740758779, 20.745211423010506 ], [ 87.055338394393488, 20.744091927709789 ] ] ], [ [ [ 87.101681180937319, 20.75150731874276 ], [ 87.100358628175414, 20.748919311261876 ], [ 87.099379127647524, 20.749394264299987 ], [ 87.099687248891641, 20.750505502211169 ], [ 87.101681180937319, 20.75150731874276 ] ] ], [ [ [ 87.085692889153734, 20.753544592602779 ], [ 87.074160108228767, 20.75264636465409 ], [ 87.072504048731147, 20.7547750257411 ], [ 87.097163999836141, 20.755440548383444 ], [ 87.085692889153734, 20.753544592602779 ] ] ], [ [ [ 87.074872586335118, 20.775434574153927 ], [ 87.074071427442206, 20.787502331605037 ], [ 87.068775092579401, 20.793495313304298 ], [ 87.07475437343362, 20.789020061127559 ], [ 87.076009384564216, 20.772018512168188 ], [ 87.074777360423411, 20.767401715173008 ], [ 87.074872586335118, 20.775434574153927 ] ] ], [ [ [ 87.416560855199322, 21.569999707819623 ], [ 87.413425827384245, 21.562427531912554 ], [ 87.421836685117469, 21.582823057883765 ], [ 87.430098729737381, 21.586207425849651 ], [ 87.416560855199322, 21.569999707819623 ] ] ] ] } },
{ "type": "Feature", "properties": { "stname": "SIKKIM", "num_caaqms": 1, "num_manual": 9 }, "geometry": { "type": "Polygon", "coordinates": [ [ [ 88.806826758296253, 27.413141464859329 ], [ 88.837451403411904, 27.379374014374612 ], [ 88.861463093377012, 27.385934063934066 ], [ 88.884015154854367, 27.342515219672119 ], [ 88.919202377434075, 27.327966081804671 ], [ 88.913564800442586, 27.290090803131921 ], [ 88.879108811894056, 27.261138605940175 ], [ 88.803096082769059, 27.247836215646711 ], [ 88.786760369346013, 27.181986008226485 ], [ 88.764608139018463, 27.177017500647167 ], [ 88.73862480241327, 27.135399561019941 ], [ 88.691532248695651, 27.178392135310698 ], [ 88.660259488865407, 27.160552034901901 ], [ 88.591389075019961, 27.191173105922019 ], [ 88.520765512659224, 27.172889598305694 ], [ 88.532035864248698, 27.149821136982897 ], [ 88.432946589572779, 27.079259571306984 ], [ 88.322660234393538, 27.104580210266569 ], [ 88.302293527864023, 27.129290169271748 ], [ 88.230023251179588, 27.118980502031871 ], [ 88.194626792105623, 27.134849882350274 ], [ 88.151780736432769, 27.109576442891814 ], [ 88.09630732332252, 27.133135042995281 ], [ 88.079166136398257, 27.201087299213007 ], [ 88.043094710169257, 27.219472062837248 ], [ 88.012358759298309, 27.216105071723053 ], [ 88.032046635917084, 27.286390215144454 ], [ 88.066927814157538, 27.335774757021959 ], [ 88.041573280284922, 27.372931077205816 ], [ 88.050713572723851, 27.412984657891851 ], [ 88.074995501079243, 27.433290596804159 ], [ 88.04406843542823, 27.495559534249146 ], [ 88.08422400268914, 27.588107131262316 ], [ 88.144690988767053, 27.665354646813714 ], [ 88.156283840933426, 27.736326699022403 ], [ 88.178369713609271, 27.746184625079135 ], [ 88.197183772001694, 27.791378933660216 ], [ 88.173591187439143, 27.82059547005424 ], [ 88.202005930243473, 27.842224364628635 ], [ 88.135013984386944, 27.881619917798719 ], [ 88.119580893669806, 27.916004556267964 ], [ 88.137862568204042, 27.937154476674753 ], [ 88.12939302802485, 27.949256483638951 ], [ 88.145397079851747, 27.963994896026357 ], [ 88.206401270147694, 27.941668373261205 ], [ 88.20796035022218, 27.961659797012704 ], [ 88.237453170182135, 27.970552955773002 ], [ 88.251353648786335, 27.942485480220611 ], [ 88.352265907906002, 27.989948470966294 ], [ 88.399065635095496, 27.978036794378514 ], [ 88.414702299327402, 27.998882454801567 ], [ 88.467816493956448, 28.017135056804957 ], [ 88.494488489838204, 28.053117050392615 ], [ 88.550804334038787, 28.037571690712916 ], [ 88.552546174561229, 28.081416115691109 ], [ 88.619344477778469, 28.098076249222562 ], [ 88.609961046426449, 28.128691315247529 ], [ 88.672063853856997, 28.072340964091389 ], [ 88.756286440873765, 28.0759731722857 ], [ 88.836278326720034, 28.014814526268026 ], [ 88.836936755890676, 27.928780435290335 ], [ 88.870018633769888, 27.915602460118233 ], [ 88.887550629165247, 27.855749179225192 ], [ 88.880451364747429, 27.829184477337574 ], [ 88.855781639073768, 27.815082992639365 ], [ 88.865141157272916, 27.742248033921161 ], [ 88.837983516877188, 27.706287314958377 ], [ 88.848386246819146, 27.668007917361816 ], [ 88.815260168234715, 27.646092927008453 ], [ 88.791084135081633, 27.574975556386406 ], [ 88.763747102021981, 27.565070122881721 ], [ 88.777331352086563, 27.532562788168214 ], [ 88.792432759647994, 27.530044186761014 ], [ 88.777042335313581, 27.468140439181241 ], [ 88.806826758296253, 27.413141464859329 ] ] ] } },
{ "type": "Feature", "properties": { "stname": "DADRA,NAGAR HAVELI,DAMAN & DIU", "num_caaqms": 0, "num_manual": 6 }, "geometry": { "type": "MultiPolygon", "coordinates": [ [ [ [ 73.212350974861423, 20.106650655814569 ], [ 73.177983023007371, 20.047032095076023 ], [ 73.137047804318129, 20.085830924258705 ], [ 73.110805752911105, 20.073726407953579 ], [ 73.102262590404493, 20.091236960905821 ], [ 73.063692888284905, 20.099586652112905 ], [ 73.050623241724097, 20.063743639579155 ], [ 73.040203891152728, 20.066433150617573 ], [ 73.000738020722565, 20.112303459034589 ], [ 73.011648980621359, 20.134022912177695 ], [ 72.997437772065467, 20.142250967257514 ], [ 72.977355472154898, 20.112780031073406 ], [ 72.963861277299188, 20.125727245353378 ], [ 72.976878863794397, 20.178649989678497 ], [ 72.960850752389248, 20.186055036031245 ], [ 72.965953558698828, 20.224874742167614 ], [ 72.912391359864557, 20.275350503063649 ], [ 72.937949930782565, 20.294387561963063 ], [ 72.971192547808855, 20.269060524880562 ], [ 72.981172424576911, 20.289265215189019 ], [ 73.010046044794663, 20.291208894735963 ], [ 73.0060597653315, 20.312433632061857 ], [ 73.034879601616581, 20.291944688046762 ], [ 73.041740947231418, 20.325988145843439 ], [ 73.077172790944417, 20.323480550838816 ], [ 73.095804321552606, 20.361327910972676 ], [ 73.111254896180114, 20.337772788745259 ], [ 73.102806637090026, 20.301776492876154 ], [ 73.150781074108579, 20.318339355252036 ], [ 73.166304165237406, 20.287874187937106 ], [ 73.145847641552535, 20.288581070398649 ], [ 73.097717810362894, 20.229290222313374 ], [ 73.059959610338382, 20.223338770786135 ], [ 73.048847779955523, 20.200209033400469 ], [ 73.060236217784023, 20.161894313386568 ], [ 73.07246441511316, 20.154971240583688 ], [ 73.079282168182218, 20.173239099329727 ], [ 73.115659116829235, 20.152173151028816 ], [ 73.141870756670613, 20.177363524698496 ], [ 73.132991005308526, 20.205767554766997 ], [ 73.168290828115801, 20.208231136043334 ], [ 73.177947509909259, 20.192641831408306 ], [ 73.217721816892237, 20.185927400047692 ], [ 73.184520040872044, 20.147245321999257 ], [ 73.212350974861423, 20.106650655814569 ] ], [ [ 73.002119591001957, 20.234379307296557 ], [ 72.9792253989621, 20.23403464128781 ], [ 72.974775305843011, 20.21926881080412 ], [ 73.000084027432777, 20.214291623223048 ], [ 73.002119591001957, 20.234379307296557 ] ] ], [ [ [ 72.982560172570516, 20.320359750356577 ], [ 72.970838092360665, 20.296859373057824 ], [ 72.952771991036741, 20.314212337744561 ], [ 72.96111834703764, 20.332422596105289 ], [ 72.982560172570516, 20.320359750356577 ] ] ], [ [ [ 72.880230677359734, 20.46185587441002 ], [ 72.895322398387464, 20.444307912110219 ], [ 72.874742612370881, 20.445479972784163 ], [ 72.857254565254166, 20.418923976894501 ], [ 72.904117205954606, 20.414837002995046 ], [ 72.882758348821326, 20.397849832589188 ], [ 72.895472431412941, 20.378129611345429 ], [ 72.804602925741335, 20.372271950985038 ], [ 72.846268553808329, 20.478029978120411 ], [ 72.880230677359734, 20.46185587441002 ] ] ], [ [ [ 70.99999985696644, 20.733935496343058 ], [ 70.976812985722162, 20.702834349742655 ], [ 70.870927109708887, 20.707617708858645 ], [ 70.878065081633991, 20.728536699727293 ], [ 70.919492786406394, 20.743095341992557 ], [ 70.980551191826379, 20.722718238267202 ], [ 70.99999985696644, 20.733935496343058 ] ] ], [ [ [ 71.15338119008544, 20.761431416415995 ], [ 71.155244400189261, 20.759908615802484 ], [ 71.149991865383072, 20.760072245999467 ], [ 71.152085927243576, 20.762767182139115 ], [ 71.15338119008544, 20.761431416415995 ] ] ], [ [ [ 71.149129774662754, 20.766367781616189 ], [ 71.149717208179908, 20.761901141591821 ], [ 71.148147285439919, 20.758291449375651 ], [ 71.14639149318279, 20.771343403361328 ], [ 71.149129774662754, 20.766367781616189 ] ] ] ] } },
{ "type": "Feature", "properties": { "stname": "TELANGANA", "num_caaqms": 13, "num_manual": 25 }, "geometry": { "type": "Polygon", "coordinates": [ [ [ 78.252150484381829, 15.955376395184222 ], [ 78.248413814396756, 15.932440593868456 ], [ 78.1844292547366, 15.909817215106807 ], [ 78.175343823310428, 15.858075265726008 ], [ 78.135536113371913, 15.854704419038619 ], [ 78.134219283776716, 15.836619682601139 ], [ 78.083554561365503, 15.840922799944121 ], [ 78.031889569376958, 15.907346116180591 ], [ 78.008863097716571, 15.861753782661026 ], [ 77.887978812277382, 15.906083986309037 ], [ 77.856687163571706, 15.8831695565987 ], [ 77.803516584387211, 15.874134860177415 ], [ 77.724095900399192, 15.895814230387362 ], [ 77.657423132251324, 15.885922854100441 ], [ 77.612790885332146, 15.917519661147971 ], [ 77.513438159037904, 15.926792456783147 ], [ 77.51405206500813, 16.008076307272113 ], [ 77.494001405558507, 16.036987861680519 ], [ 77.50691783097291, 16.078971366394804 ], [ 77.493658001184954, 16.086343575243781 ], [ 77.513275581937776, 16.108023768380164 ], [ 77.489793041895865, 16.119619314222071 ], [ 77.486151991284572, 16.162984244653703 ], [ 77.501149129594339, 16.221717789649112 ], [ 77.515549466755218, 16.228367865253261 ], [ 77.492343016729336, 16.22929729639247 ], [ 77.490108276898738, 16.255275309013939 ], [ 77.504814831773643, 16.275800926036396 ], [ 77.536662112737076, 16.266695424793284 ], [ 77.563205846264296, 16.301635528225358 ], [ 77.59771904042843, 16.292805165106309 ], [ 77.595292621675725, 16.342361840780594 ], [ 77.489690956448655, 16.385014798423079 ], [ 77.419413322727465, 16.366289548403127 ], [ 77.349710281106368, 16.383633144690368 ], [ 77.287958522712444, 16.408642323127914 ], [ 77.235761019304974, 16.472743948379637 ], [ 77.294104273066907, 16.476715559370774 ], [ 77.298839369286299, 16.496129958242683 ], [ 77.369012788553093, 16.48867138141539 ], [ 77.377788806957767, 16.51370482805196 ], [ 77.419116787953854, 16.522378339800671 ], [ 77.419017141432661, 16.548924430429182 ], [ 77.392874529934303, 16.569974416634913 ], [ 77.423757675154448, 16.568880957283501 ], [ 77.46730090882771, 16.598541473572244 ], [ 77.453596016817087, 16.616168858975108 ], [ 77.476110673344337, 16.650107109702823 ], [ 77.43434356529464, 16.641382053322332 ], [ 77.418860442907743, 16.668572307034868 ], [ 77.469961406983884, 16.68773481214259 ], [ 77.474049627265487, 16.716558831738666 ], [ 77.439127781393793, 16.711692581217402 ], [ 77.426067881553777, 16.722873755233653 ], [ 77.439498825131977, 16.789131621310617 ], [ 77.476501349763083, 16.788368064692438 ], [ 77.457606787049855, 16.828235131593402 ], [ 77.454015885787626, 16.913897663193186 ], [ 77.469435303247835, 16.919197384064951 ], [ 77.479516229705581, 16.996017536853419 ], [ 77.502531616155338, 17.014104527238086 ], [ 77.463622792829511, 17.109996777341383 ], [ 77.406658364095478, 17.124511231177475 ], [ 77.363954587190619, 17.158745598249588 ], [ 77.372271708418893, 17.195562831117545 ], [ 77.393893612928608, 17.194396589096055 ], [ 77.403761974633937, 17.209977940700529 ], [ 77.380187648329525, 17.222530490282303 ], [ 77.420418609395597, 17.237624847965613 ], [ 77.458535223743752, 17.278997291387302 ], [ 77.437925908307164, 17.291918842621548 ], [ 77.455914381715829, 17.330969773389764 ], [ 77.453606245034919, 17.373989926405642 ], [ 77.479095948408315, 17.370721193407661 ], [ 77.483818520316007, 17.354997426265268 ], [ 77.529801907084362, 17.370711345075808 ], [ 77.537844140242456, 17.406092762878103 ], [ 77.514173758881356, 17.414181241306679 ], [ 77.512998425621504, 17.430870327302909 ], [ 77.537301032296398, 17.443746851248488 ], [ 77.575954054955218, 17.430976981149442 ], [ 77.576186073623404, 17.456167635297252 ], [ 77.614271362819309, 17.445946412402115 ], [ 77.614840423093924, 17.472235570957825 ], [ 77.644272074071225, 17.477295206810059 ], [ 77.657131593009026, 17.506583511612707 ], [ 77.657087112029416, 17.481035949272247 ], [ 77.688613989982116, 17.475340640065742 ], [ 77.692395548781931, 17.49687905535934 ], [ 77.662009577054121, 17.522822747272727 ], [ 77.596899290002426, 17.534303174190043 ], [ 77.593799868710235, 17.56451313930496 ], [ 77.550559299015731, 17.551733835942652 ], [ 77.528383405266979, 17.575365538915623 ], [ 77.506898762434361, 17.542278968395724 ], [ 77.494065723136231, 17.568357885080502 ], [ 77.443118997099432, 17.583963189995622 ], [ 77.452430157190207, 17.694703385755091 ], [ 77.545963881839896, 17.726840732926323 ], [ 77.568627089172423, 17.749156346385355 ], [ 77.569149534070306, 17.766491972148962 ], [ 77.506336179911287, 17.785315547875388 ], [ 77.528221426444816, 17.827897825044666 ], [ 77.55402610790297, 17.82006789197624 ], [ 77.576398783902931, 17.875419404915384 ], [ 77.598779247398099, 17.872865874402788 ], [ 77.586336688685947, 17.908617306627576 ], [ 77.619038615132595, 17.904058633612188 ], [ 77.624544538629308, 17.959602860201631 ], [ 77.633012854404768, 17.967382102261325 ], [ 77.649484948257637, 17.950015251914916 ], [ 77.655779582692347, 17.968279093399904 ], [ 77.649892246204075, 17.99791074260931 ], [ 77.627787437042045, 17.996787186393384 ], [ 77.605933840850923, 18.020232988013067 ], [ 77.5895819793123, 18.011691192294638 ], [ 77.547635672634769, 18.056131123693874 ], [ 77.598803710319913, 18.093331322063982 ], [ 77.596842881192458, 18.155947615084017 ], [ 77.563674841402758, 18.200989052990959 ], [ 77.585222245930993, 18.219589033236215 ], [ 77.571779635932188, 18.244001910058984 ], [ 77.605417238595649, 18.281349021415284 ], [ 77.551401280948411, 18.291912915917191 ], [ 77.570479506018103, 18.31811254414696 ], [ 77.522734110650916, 18.345398188822319 ], [ 77.556756063796868, 18.41714334033286 ], [ 77.527516021673023, 18.442111240760354 ], [ 77.585297340597194, 18.446792305404198 ], [ 77.548563405049507, 18.468581311031794 ], [ 77.572861018888062, 18.469814925612248 ], [ 77.576369301195285, 18.48678464723859 ], [ 77.60312605492075, 18.476847523576229 ], [ 77.604706853563897, 18.496366809185631 ], [ 77.585906901416379, 18.503996132170016 ], [ 77.596369422325353, 18.548941381222569 ], [ 77.647913148038711, 18.554931356186525 ], [ 77.654297131606484, 18.53083624605943 ], [ 77.73849960714071, 18.556788709638326 ], [ 77.750332973342907, 18.588913730864459 ], [ 77.730070784898388, 18.667189178947652 ], [ 77.753503765784416, 18.700991982374369 ], [ 77.768267065439218, 18.705775014218904 ], [ 77.787288251979945, 18.682639976360313 ], [ 77.839954802628185, 18.804821512227637 ], [ 77.948275352013312, 18.829097125197706 ], [ 77.948900929794021, 18.843289164990207 ], [ 77.903232039613428, 18.866625519167929 ], [ 77.885384448990749, 18.904200157807963 ], [ 77.843254232021764, 18.908693375262519 ], [ 77.858591644076313, 18.949110976748376 ], [ 77.819249318048861, 18.945859940844134 ], [ 77.821757776343176, 18.978507767377735 ], [ 77.771497155672606, 18.979159066752423 ], [ 77.761790208647426, 19.033001762405007 ], [ 77.764811991244571, 19.06265528741492 ], [ 77.800349432817555, 19.051121571715509 ], [ 77.809934258371413, 19.104733974395401 ], [ 77.850395025555173, 19.088556895156593 ], [ 77.834062931444379, 19.134308249782297 ], [ 77.860494212966017, 19.180354254811771 ], [ 77.847721023025343, 19.18959495391243 ], [ 77.875015392397231, 19.25884415518259 ], [ 77.90756357487794, 19.268228379104677 ], [ 77.865575519895899, 19.283821549593224 ], [ 77.863426427241095, 19.304132693901206 ], [ 77.943515116440722, 19.342740980650323 ], [ 78.042506274426358, 19.270603767256823 ], [ 78.041613577206022, 19.243428142189817 ], [ 78.055675250403098, 19.237121711799105 ], [ 78.079096875685593, 19.254834328315891 ], [ 78.08914962558616, 19.239368188949062 ], [ 78.115219476241407, 19.24882944270292 ], [ 78.146146867082564, 19.22918794136497 ], [ 78.175320996220748, 19.237578550114783 ], [ 78.19370096980326, 19.314474857364875 ], [ 78.172148228383904, 19.349298864922066 ], [ 78.187672987684252, 19.394592950044665 ], [ 78.176190020138378, 19.412262465755138 ], [ 78.195065244818522, 19.406753716944849 ], [ 78.270439435269864, 19.456155144097547 ], [ 78.304340957573885, 19.456137049240777 ], [ 78.293229658993681, 19.542233590081942 ], [ 78.274310765410959, 19.553974586992759 ], [ 78.303688912729953, 19.569320561616049 ], [ 78.305566911798309, 19.607066537111976 ], [ 78.2904624948807, 19.646001012017855 ], [ 78.262649048394948, 19.665064242075346 ], [ 78.276185874599065, 19.692415346206868 ], [ 78.31182129542006, 19.691050463631544 ], [ 78.343134146163095, 19.713250020345242 ], [ 78.363653846565271, 19.775775001382449 ], [ 78.357441717897856, 19.805434130178309 ], [ 78.334024560835573, 19.814591721054864 ], [ 78.336414470258475, 19.837923242260388 ], [ 78.28607513381283, 19.847937143091016 ], [ 78.307027909318506, 19.914297558775839 ], [ 78.321841184049191, 19.91680698568636 ], [ 78.332088171273739, 19.884900374642406 ], [ 78.380671277982728, 19.880436196614081 ], [ 78.402990451222706, 19.831865333772061 ], [ 78.431678625928157, 19.814876349615076 ], [ 78.472459038842814, 19.817338268589047 ], [ 78.488510731024178, 19.793286654999648 ], [ 78.515265342267696, 19.819021402605259 ], [ 78.549477631354378, 19.82425130890087 ], [ 78.692562543857051, 19.791026671581108 ], [ 78.718639801121839, 19.766783800598606 ], [ 78.740948847653598, 19.783090708133077 ], [ 78.782365984645025, 19.778409698819932 ], [ 78.802160940445631, 19.756533797395296 ], [ 78.840886737422252, 19.761665285333066 ], [ 78.85992308572834, 19.689491280758052 ], [ 78.851846872896331, 19.658599406838366 ], [ 78.887653399422774, 19.655358149629883 ], [ 78.902315735626161, 19.670036190006236 ], [ 78.955462084552494, 19.655934751143661 ], [ 78.955752309559514, 19.599729775950891 ], [ 78.972834917344088, 19.58238765925525 ], [ 78.940443599576597, 19.55186830109399 ], [ 78.981251942011767, 19.560839380956217 ], [ 78.998031391744149, 19.540084338579213 ], [ 79.046011460301244, 19.548325712790966 ], [ 79.098034513575485, 19.532026771114698 ], [ 79.189720807029275, 19.459134632971789 ], [ 79.223589336009553, 19.469074904407591 ], [ 79.203851142056777, 19.494083473854186 ], [ 79.240023091562719, 19.535240207077276 ], [ 79.253124262701817, 19.593287159108719 ], [ 79.243557070178639, 19.616688944269022 ], [ 79.306840493861245, 19.596556016857903 ], [ 79.313930552344033, 19.566420805867871 ], [ 79.365730028418781, 19.576331394998657 ], [ 79.471424890263307, 19.500191725170716 ], [ 79.51858859773796, 19.520182826720003 ], [ 79.518610820261458, 19.543109248857192 ], [ 79.539927213132898, 19.554661262212345 ], [ 79.552932374131075, 19.524168598929183 ], [ 79.596153969610128, 19.50727732222126 ], [ 79.627919502984383, 19.573170822138966 ], [ 79.708999704085556, 19.584478291847557 ], [ 79.753448276970175, 19.607533912077074 ], [ 79.816326871276701, 19.574029775126704 ], [ 79.8637915323378, 19.511183941048593 ], [ 79.914865689787561, 19.495840622198081 ], [ 79.946443451012939, 19.467823277102482 ], [ 79.979671721944115, 19.388659764901981 ], [ 79.959080494984079, 19.335940226215421 ], [ 79.966197538858026, 19.304145673014808 ], [ 79.92481689861998, 19.227731542285309 ], [ 79.94589510499047, 19.169492624010534 ], [ 79.858429571950239, 19.102416227024552 ], [ 79.869816654220969, 19.042232544607771 ], [ 79.928917064698226, 19.049194323931342 ], [ 79.940263150554344, 19.032563841146903 ], [ 79.961605031325348, 18.866626602984606 ], [ 79.915782306448946, 18.829912549865863 ], [ 79.92142421511673, 18.809676180140883 ], [ 79.964154099758701, 18.773825002132156 ], [ 80.018791539767278, 18.770139683798511 ], [ 80.053571328754913, 18.724378349714076 ], [ 80.118121870163179, 18.680516792604557 ], [ 80.157707996263809, 18.700979757659088 ], [ 80.196569019335072, 18.680795452048542 ], [ 80.2127717057393, 18.705717739971433 ], [ 80.280796974683994, 18.720279815260362 ], [ 80.348122895298545, 18.594139219862669 ], [ 80.375159159824676, 18.61065621239085 ], [ 80.388452401551305, 18.596656642808355 ], [ 80.456123500712067, 18.629358078382356 ], [ 80.514660737574758, 18.619332499776668 ], [ 80.534508095699181, 18.588353214267446 ], [ 80.637569207623457, 18.522529296422537 ], [ 80.656463051684469, 18.474809091613984 ], [ 80.704214193574558, 18.441614479766386 ], [ 80.698952833719005, 18.421430396987475 ], [ 80.73487357474562, 18.412840512811258 ], [ 80.719667565555866, 18.391125162192129 ], [ 80.748723736914101, 18.308924729582781 ], [ 80.79428445017156, 18.254562547908488 ], [ 80.737202307101043, 18.22209291557531 ], [ 80.736903093551263, 18.177164568248582 ], [ 80.79911333230325, 18.168169758102181 ], [ 80.824068282961093, 18.19103633938904 ], [ 80.823591928823802, 18.236075330604116 ], [ 80.837140683756587, 18.23880244267658 ], [ 80.865937312964604, 18.230127864985182 ], [ 80.872607953431128, 18.21057653625741 ], [ 80.852911995568078, 18.202001142094804 ], [ 80.866669554007203, 18.136923397100407 ], [ 80.914170171934217, 18.141170465170763 ], [ 80.979027547300802, 18.175411261578699 ], [ 80.949257224274888, 18.082861606990068 ], [ 80.998340184150663, 17.916786517317124 ], [ 81.008219034585238, 17.799366257805559 ], [ 81.046616528766521, 17.782307305686725 ], [ 81.085587500238688, 17.798023476819935 ], [ 81.104262259574966, 17.772006361699631 ], [ 81.058165013141007, 17.733085766340569 ], [ 80.991317969133036, 17.749917129739959 ], [ 80.973421817382786, 17.780122162356033 ], [ 80.927490137642195, 17.760962259934381 ], [ 80.885546322891287, 17.735677953882352 ], [ 80.894749560282122, 17.702909980421001 ], [ 80.878131936658306, 17.650668288418416 ], [ 80.938780324931471, 17.632632153374601 ], [ 81.003562282238406, 17.649794286273657 ], [ 81.00704490057629, 17.62171467174084 ], [ 80.983746861917297, 17.625866781221696 ], [ 80.969395203563352, 17.598055471146296 ], [ 81.014826400418102, 17.522126209973198 ], [ 81.099283427062772, 17.504409324968833 ], [ 81.126173741406404, 17.526855621103753 ], [ 81.142145378424573, 17.488587539247771 ], [ 81.159605090880575, 17.484302473399847 ], [ 81.148253675319879, 17.463653285257383 ], [ 81.175547262259144, 17.463636376714344 ], [ 81.172327070561849, 17.44904328961481 ], [ 81.193297151213173, 17.435625159383129 ], [ 81.205263609112947, 17.449587931150312 ], [ 81.313387545130155, 17.408114170099278 ], [ 81.322641314552357, 17.374547703943225 ], [ 81.274028841916703, 17.317192697760269 ], [ 81.190410494997721, 17.324814107011232 ], [ 81.173220054344768, 17.2304479429129 ], [ 81.079565139776719, 17.215547527601796 ], [ 81.054518964303497, 17.224544349626495 ], [ 81.031271110926156, 17.19032989380602 ], [ 80.918877273056069, 17.21973729138443 ], [ 80.923994594344009, 17.15784625705194 ], [ 80.879438053843742, 17.160830095208098 ], [ 80.867740615320457, 17.123130612100969 ], [ 80.876746549437229, 17.071371977703979 ], [ 80.845309452707255, 17.039967155625565 ], [ 80.738881325740692, 17.079588911590946 ], [ 80.653810762333379, 17.068611512155851 ], [ 80.670554774426137, 17.101187541022469 ], [ 80.580019248004106, 17.153071996641753 ], [ 80.562421998986522, 17.132765615094971 ], [ 80.514079910268279, 17.122052935409528 ], [ 80.505397159447938, 17.068463716405475 ], [ 80.471375926750866, 17.050369373891574 ], [ 80.464859311422956, 17.030023780238366 ], [ 80.43862848087214, 17.03758329388252 ], [ 80.409387627569615, 17.091759297941653 ], [ 80.385784664770568, 17.068383631199218 ], [ 80.407034862585377, 17.015796036246368 ], [ 80.363404568686349, 16.976065558360357 ], [ 80.449667707617081, 16.954763944670557 ], [ 80.49344611574017, 16.927428587790676 ], [ 80.499689482423292, 16.956705446367874 ], [ 80.526103483952099, 16.947881379142824 ], [ 80.534472069663011, 16.961365642584195 ], [ 80.601941608433606, 16.918589703990879 ], [ 80.587120006320262, 16.904177807598614 ], [ 80.595621013585514, 16.884246943625779 ], [ 80.568306138370673, 16.86938808121328 ], [ 80.562847694429976, 16.832840779861655 ], [ 80.612544445291647, 16.794310008741785 ], [ 80.570240801370517, 16.768009017805358 ], [ 80.464454927611285, 16.795448656331402 ], [ 80.464240217681976, 16.81997775799195 ], [ 80.384126404400504, 16.86524745927364 ], [ 80.380913461209218, 16.850725214817867 ], [ 80.407794213884927, 16.8489839068788 ], [ 80.381286342002198, 16.816821737606059 ], [ 80.374065605595021, 16.852394452188435 ], [ 80.321698864977904, 16.879629862770546 ], [ 80.316215178377746, 16.948125010790264 ], [ 80.292470823447943, 16.997683406900762 ], [ 80.211429607433445, 17.010273474149226 ], [ 80.196452765659231, 17.044033653693095 ], [ 80.187287081440473, 17.019955017899434 ], [ 80.140236850050854, 16.990592273202942 ], [ 80.095160577564869, 16.990651500840436 ], [ 80.091556132403085, 16.968315582235206 ], [ 80.055444827263685, 16.971421623717266 ], [ 80.040741168557247, 16.918825154791502 ], [ 80.017383675799493, 16.914974788223905 ], [ 79.998761482280372, 16.865214053023738 ], [ 80.04684381594771, 16.853342326991125 ], [ 80.070601944745775, 16.801692277319606 ], [ 80.054955282264785, 16.744646289392691 ], [ 79.99741122817008, 16.702092772353005 ], [ 79.94975405994019, 16.635900804341865 ], [ 79.907822408378252, 16.635213679821426 ], [ 79.877528680155379, 16.697298191572219 ], [ 79.852062210808469, 16.705873643662052 ], [ 79.818084131380999, 16.691648029164906 ], [ 79.777814844591603, 16.731077705003365 ], [ 79.74461292843425, 16.719081748098695 ], [ 79.722894121756525, 16.690276528623418 ], [ 79.681541728144282, 16.694372432162794 ], [ 79.633090575865666, 16.660424083369644 ], [ 79.598923449579928, 16.673225428826996 ], [ 79.542090941140316, 16.632246528926775 ], [ 79.447173444440466, 16.619712763160166 ], [ 79.418640014424199, 16.580245186574199 ], [ 79.259067903795412, 16.566921548221078 ], [ 79.214929553314434, 16.488465659627934 ], [ 79.23318948772048, 16.459724802015295 ], [ 79.211564535227026, 16.447387614412651 ], [ 79.210201559175658, 16.358230287761739 ], [ 79.234295890553653, 16.333839090085512 ], [ 79.209388404180473, 16.222326655140776 ], [ 79.156947353126426, 16.209286903028108 ], [ 79.11972469813162, 16.231938164595192 ], [ 79.101577684651716, 16.222823103084398 ], [ 79.009094045653384, 16.239954134744188 ], [ 78.986541694918515, 16.211213865390707 ], [ 78.904887738048728, 16.182875631430655 ], [ 78.922178599570685, 16.105843272416102 ], [ 78.894244084439151, 16.084872785410138 ], [ 78.872880825560983, 16.143255259223753 ], [ 78.834670337265663, 16.145160962429902 ], [ 78.837058445566399, 16.070373949631382 ], [ 78.781740254150719, 16.020043425367472 ], [ 78.735495917572123, 16.008151848043852 ], [ 78.681192281641671, 16.034789675996365 ], [ 78.627238743432002, 16.087636843377197 ], [ 78.551760900871571, 16.042801772767909 ], [ 78.407891993586134, 16.074809213601625 ], [ 78.326556796708402, 16.036737570288587 ], [ 78.312261630707724, 16.011509622196996 ], [ 78.260863511122125, 16.025817026889676 ], [ 78.252150484381829, 15.955376395184222 ] ] ] } },
{ "type": "Feature", "properties": { "stname": "MANIPUR", "num_caaqms": 2, "num_manual": 1 }, "geometry": { "type": "Polygon", "coordinates": [ [ [ 93.738509017061773, 24.000401170393744 ], [ 93.623354289810948, 24.010919161617281 ], [ 93.591657720101068, 23.960590504746577 ], [ 93.559773067425155, 23.982071255199749 ], [ 93.550107732160598, 23.959160927957001 ], [ 93.504760275358294, 23.942186686353438 ], [ 93.463408622856136, 23.973530479330808 ], [ 93.416946405295278, 24.071407442131495 ], [ 93.347549414301625, 24.10443138210459 ], [ 93.353806798296446, 24.090533517371654 ], [ 93.328367942263057, 24.08038220227586 ], [ 93.331615927835244, 24.05302346440406 ], [ 93.283530450064404, 24.048397032698762 ], [ 93.250638484121083, 24.020712362617264 ], [ 93.261986167181789, 24.057152314061241 ], [ 93.243449276783736, 24.082273217614006 ], [ 93.219292137896048, 24.080995743913554 ], [ 93.212169212751945, 24.047062755226502 ], [ 93.165335773586477, 24.052055542666395 ], [ 93.165394510829643, 24.072170226096965 ], [ 93.137772256379066, 24.083954486091805 ], [ 93.096506872686916, 24.042336723645111 ], [ 93.097948221356916, 24.071263315596834 ], [ 93.075164649657779, 24.100270904122745 ], [ 93.049387146728563, 24.088047082922522 ], [ 92.972339606006983, 24.112345638769892 ], [ 93.001265103932425, 24.158057340302303 ], [ 92.998894856834468, 24.194967330203081 ], [ 93.018116428769005, 24.207459892300211 ], [ 93.004149489206853, 24.277906571993658 ], [ 93.039317161751001, 24.3407418429519 ], [ 93.017545704814509, 24.344219188633993 ], [ 93.020354625316827, 24.387850224224902 ], [ 92.998308016205442, 24.399756235407352 ], [ 93.013044676320476, 24.417031914076937 ], [ 93.024648149268415, 24.406774820395835 ], [ 93.043088521977396, 24.416504841285175 ], [ 93.032923859958757, 24.428750437802918 ], [ 93.046366320837222, 24.473565253008232 ], [ 93.03255519675605, 24.495297435905638 ], [ 93.049580174920195, 24.543489572775155 ], [ 93.070809012594182, 24.558047523352919 ], [ 93.058180631975617, 24.573837223951003 ], [ 93.104361596004182, 24.582382015069712 ], [ 93.071186165774634, 24.599942593193621 ], [ 93.104016121013885, 24.673696233155688 ], [ 93.073546840424925, 24.707805708027895 ], [ 93.107209032672657, 24.740467858119672 ], [ 93.109295252240699, 24.811019076076214 ], [ 93.138567401949445, 24.809994511330409 ], [ 93.150337789962038, 24.787423349657672 ], [ 93.196953979660861, 24.811358870670556 ], [ 93.19495495326926, 24.853230811931521 ], [ 93.226444896989079, 24.872834416594053 ], [ 93.234919509056354, 24.910419897391268 ], [ 93.248931429061429, 24.915500495682217 ], [ 93.236814585996555, 24.937163002747823 ], [ 93.263005576264533, 24.961335798064688 ], [ 93.243635653848997, 25.017699099058255 ], [ 93.263749490015911, 25.048910163315742 ], [ 93.2999572472674, 25.046039353641429 ], [ 93.344963685621494, 25.123140942402983 ], [ 93.35157135059336, 25.183585193754709 ], [ 93.420690558246676, 25.277619056963292 ], [ 93.470503295984543, 25.305060405012174 ], [ 93.473140877219521, 25.275630257146844 ], [ 93.507143892082624, 25.272133777401866 ], [ 93.501467024577252, 25.240654908392926 ], [ 93.550977514256346, 25.246957055396582 ], [ 93.58918074057091, 25.200248181615333 ], [ 93.608715834421076, 25.202485297164646 ], [ 93.688994853273186, 25.357783509391098 ], [ 93.714240143024114, 25.357737277822299 ], [ 93.8052089296026, 25.461589358762641 ], [ 93.800305206129664, 25.495054375316752 ], [ 93.762102120850543, 25.496001519731163 ], [ 93.766989053912539, 25.536387992704757 ], [ 93.888188875290211, 25.564299374309776 ], [ 93.961351224865851, 25.552294938772341 ], [ 94.006503677182906, 25.566934784903619 ], [ 94.010856321059975, 25.59176569328276 ], [ 94.081923793104835, 25.555186341083331 ], [ 94.088049092413513, 25.528153624315951 ], [ 94.134600485732648, 25.519015997128943 ], [ 94.156007492565124, 25.550537834151072 ], [ 94.190707906414261, 25.547633223070839 ], [ 94.186532213580136, 25.525978562107841 ], [ 94.210591553781185, 25.495364302112524 ], [ 94.282410485425828, 25.506673606901984 ], [ 94.309139788432859, 25.489351782313982 ], [ 94.415817083804711, 25.537332818691223 ], [ 94.425603276610985, 25.587413204887895 ], [ 94.469623838195332, 25.616248729807705 ], [ 94.500910917171154, 25.611522539188808 ], [ 94.568569076998585, 25.692090243182651 ], [ 94.591131920056014, 25.685660540299835 ], [ 94.571564951284586, 25.639093276216297 ], [ 94.590639654958395, 25.638194828133305 ], [ 94.551139225440934, 25.580197491990504 ], [ 94.552740403264607, 25.50709393715373 ], [ 94.628133056789977, 25.459760323810489 ], [ 94.680278298010847, 25.454012325598033 ], [ 94.667098208077405, 25.414644398992202 ], [ 94.634602457564895, 25.395006475102665 ], [ 94.634626235072162, 25.358411475084708 ], [ 94.58479409013087, 25.266544446275578 ], [ 94.576005907638944, 25.213663710912993 ], [ 94.605570290089375, 25.181459653934834 ], [ 94.736236810357696, 25.134930940593545 ], [ 94.744890062300698, 25.080641798721217 ], [ 94.73858358088404, 25.023560977154578 ], [ 94.696668264287183, 24.96861416834923 ], [ 94.712315961627411, 24.931719796887648 ], [ 94.6879869660427, 24.888258747608955 ], [ 94.631855381578262, 24.839455217036182 ], [ 94.618607325110432, 24.779795054005096 ], [ 94.628407407667652, 24.75482327322111 ], [ 94.601626247614249, 24.70948369593631 ], [ 94.585124486000808, 24.705419956607638 ], [ 94.578143986050037, 24.723443830351279 ], [ 94.549663576398444, 24.712769788998962 ], [ 94.550065827609629, 24.658928210908474 ], [ 94.529207220698552, 24.618023636741338 ], [ 94.461539781274226, 24.557953392944551 ], [ 94.425203684413049, 24.486121751190908 ], [ 94.40307612811138, 24.47529377516291 ], [ 94.397634105374109, 24.407286159668285 ], [ 94.367130862179224, 24.394618350301293 ], [ 94.380112002226682, 24.374635317113519 ], [ 94.354004275005764, 24.334471421994436 ], [ 94.327162441839732, 24.327664178024285 ], [ 94.315322356239221, 24.252676996914268 ], [ 94.292713398166669, 24.236018824606916 ], [ 94.28318777069174, 24.179349822018814 ], [ 94.259865063396717, 24.162260498115717 ], [ 94.251540410693082, 24.081907822923842 ], [ 94.186857961566773, 23.941281585686486 ], [ 94.165351880439928, 23.929640028032416 ], [ 94.153969031929122, 23.853152369153243 ], [ 94.120672320153091, 23.832848422702671 ], [ 94.084304548695016, 23.881426888110081 ], [ 93.930460252624655, 23.95025042735525 ], [ 93.807383005303777, 23.927075243597066 ], [ 93.759515721128935, 24.002961360620805 ], [ 93.738509017061773, 24.000401170393744 ] ] ] } },
{ "type": "Feature", "properties": { "stname": "PUDUCHERRY", "num_caaqms": 1, "num_manual": 6 }, "geometry": { "type": "MultiPolygon", "coordinates": [ [ [ [ 79.719700249798748, 10.954846564437755 ], [ 79.718342162379173, 10.954832141100528 ], [ 79.718381605606652, 10.955913501387032 ], [ 79.719739623855972, 10.955945360670068 ], [ 79.719700249798748, 10.954846564437755 ] ] ], [ [ [ 75.532087295606473, 11.704707560606026 ], [ 75.53929902730124, 11.709008862879287 ], [ 75.541484236722042, 11.696799582000654 ], [ 75.536226103614993, 11.693542204571225 ], [ 75.532087295606473, 11.704707560606026 ] ] ], [ [ [ 75.54442524730041, 11.751233087114855 ], [ 75.555340659249751, 11.721468830156132 ], [ 75.529075705294559, 11.709077844599983 ], [ 75.541639039801694, 11.74135708960511 ], [ 75.531228866419283, 11.75870989293746 ], [ 75.54442524730041, 11.751233087114855 ] ] ], [ [ [ 79.675749337293354, 11.802264314417396 ], [ 79.675930177143201, 11.81430106562815 ], [ 79.690620396154685, 11.808567014150769 ], [ 79.681423638311983, 11.79624278603627 ], [ 79.675749337293354, 11.802264314417396 ] ] ], [ [ [ 79.702002561945861, 11.822906422647314 ], [ 79.704234569101402, 11.813468147834053 ], [ 79.692985498601004, 11.813737326876275 ], [ 79.694592377133489, 11.823039289053526 ], [ 79.702002561945861, 11.822906422647314 ] ] ], [ [ [ 79.664337068058671, 11.824906590177989 ], [ 79.671291604002761, 11.814880341044274 ], [ 79.646336430562741, 11.816243211712344 ], [ 79.647324438136422, 11.844221986896983 ], [ 79.664337068058671, 11.824906590177989 ] ] ], [ [ [ 79.699840291005856, 11.873924049806513 ], [ 79.699070818387995, 11.86128640037173 ], [ 79.695996009137943, 11.860351513037287 ], [ 79.697230250320885, 11.874080456370386 ], [ 79.699840291005856, 11.873924049806513 ] ] ], [ [ [ 79.648565383446311, 11.877362439956283 ], [ 79.66334603765408, 11.8654465106396 ], [ 79.656851302591534, 11.852072486730258 ], [ 79.626340079661972, 11.854668043221611 ], [ 79.628455440577852, 11.869796516732615 ], [ 79.602000341124779, 11.857862150741493 ], [ 79.599409292621559, 11.88300658642528 ], [ 79.624957944342228, 11.890800802008293 ], [ 79.648565383446311, 11.877362439956283 ] ] ], [ [ [ 79.676691069951787, 11.949561373398138 ], [ 79.65281208630698, 11.957862863571053 ], [ 79.686505624368223, 11.973253288165195 ], [ 79.683958571754346, 11.953732035286873 ], [ 79.676691069951787, 11.949561373398138 ] ] ], [ [ [ 79.646421755243381, 12.02510758227041 ], [ 79.642647916565139, 11.942099899569868 ], [ 79.657484359745297, 11.948054141380881 ], [ 79.670527774601496, 11.929855256003567 ], [ 79.632090068234831, 11.901255591341293 ], [ 79.61717815668932, 11.989552691386892 ], [ 79.625529202794311, 12.032172583163355 ], [ 79.646421755243381, 12.02510758227041 ] ] ], [ [ [ 79.702112838231855, 12.016954173902572 ], [ 79.717986079183717, 11.990416649141778 ], [ 79.657024831053278, 11.991386999600325 ], [ 79.69153315904353, 12.034670273253356 ], [ 79.702112838231855, 12.016954173902572 ] ] ], [ [ [ 79.806054086233843, 10.879641190427202 ], [ 79.809762897665294, 10.88042413275496 ], [ 79.810033199835999, 10.878367462958096 ], [ 79.806950971400028, 10.87761182118771 ], [ 79.806054086233843, 10.879641190427202 ] ] ], [ [ [ 79.85277721497738, 10.94924802988613 ], [ 79.850736141142235, 10.827828352925467 ], [ 79.831069819598724, 10.827382741267636 ], [ 79.82808938825076, 10.849671515965262 ], [ 79.80731255228504, 10.859832105747218 ], [ 79.824907086593825, 10.864828273818983 ], [ 79.811301623712112, 10.880337671603185 ], [ 79.828583319723222, 10.883781766596016 ], [ 79.783658451990163, 10.88847549770262 ], [ 79.789327109792154, 10.908440804236047 ], [ 79.756290473765588, 10.891756112646462 ], [ 79.763048449342349, 10.913353755185875 ], [ 79.724698370038396, 10.929720653759091 ], [ 79.737558551034525, 10.952575469308879 ], [ 79.719975290582539, 10.952597101833518 ], [ 79.719691481343247, 10.968507403338039 ], [ 79.762464116809596, 10.960194548140976 ], [ 79.748703830186969, 11.003265753762122 ], [ 79.79778699757361, 10.982494939344605 ], [ 79.804966597428972, 10.998447841562193 ], [ 79.833275490845068, 11.002759721281823 ], [ 79.851264160086444, 10.99428644709924 ], [ 79.85277721497738, 10.94924802988613 ] ], [ [ 79.766157604778954, 10.900611836240808 ], [ 79.766636209196037, 10.898627482072653 ], [ 79.769350262214488, 10.899966585953068 ], [ 79.769084339330817, 10.901761101738705 ], [ 79.766157604778954, 10.900611836240808 ] ], [ [ 79.765347469919746, 10.902189042378767 ], [ 79.767885989436735, 10.901769668725827 ], [ 79.764058230281876, 10.912219123970697 ], [ 79.762179523341075, 10.901519807576227 ], [ 79.765347469919746, 10.902189042378767 ] ] ], [ [ [ 79.722300224860945, 10.935217387662339 ], [ 79.720490495059224, 10.936227587393564 ], [ 79.720449634290219, 10.937235543408468 ], [ 79.722992673231403, 10.9369999890071 ], [ 79.722300224860945, 10.935217387662339 ] ] ], [ [ [ 79.787998615572988, 11.786630763632807 ], [ 79.761998079823329, 11.790788452018514 ], [ 79.751242264364024, 11.775569381307212 ], [ 79.713454611276276, 11.790359342832179 ], [ 79.7357217603832, 11.809322510277616 ], [ 79.729840282707215, 11.836521483186086 ], [ 79.748679230721251, 11.840692594169626 ], [ 79.767816000794639, 11.822702045198252 ], [ 79.807058078429677, 11.833488028565506 ], [ 79.787998615572988, 11.786630763632807 ] ] ], [ [ [ 79.793321778621745, 11.884553362789205 ], [ 79.792947548559212, 11.883484892020029 ], [ 79.791249391312434, 11.883931051255779 ], [ 79.791587526168527, 11.884999368196997 ], [ 79.793321778621745, 11.884553362789205 ] ] ], [ [ [ 79.789020929807322, 11.895035893399996 ], [ 79.789256527363648, 11.895839985294794 ], [ 79.790994332653824, 11.895325761613879 ], [ 79.790714610749063, 11.894548249103655 ], [ 79.789020929807322, 11.895035893399996 ] ] ], [ [ [ 79.828105335143661, 11.901530070344625 ], [ 79.807821455080003, 11.836580461751671 ], [ 79.800672687201825, 11.855270853354041 ], [ 79.766156701972108, 11.84054630302251 ], [ 79.768528205813141, 11.875925176396112 ], [ 79.749514715139455, 11.847992481935368 ], [ 79.740166465407214, 11.864473793904185 ], [ 79.718365072113855, 11.853533857715982 ], [ 79.70982161495985, 11.889289428611789 ], [ 79.674004205343707, 11.880695563576147 ], [ 79.695389004025728, 11.894789374947567 ], [ 79.696202573144291, 11.919165401270078 ], [ 79.718661132576983, 11.919037265626777 ], [ 79.706601868826908, 11.913621331907523 ], [ 79.711795486726899, 11.890726277924736 ], [ 79.740696689715435, 11.905438151333589 ], [ 79.717530579435746, 11.928986094971572 ], [ 79.720891071810712, 11.944899831957894 ], [ 79.709678267196679, 11.949956484293175 ], [ 79.709659884072721, 11.933851881855546 ], [ 79.691660937206166, 11.951316849283053 ], [ 79.746495935610298, 12.007678119846679 ], [ 79.76042375803344, 11.989201026064112 ], [ 79.723628969710106, 11.978034728836807 ], [ 79.744530721805972, 11.96495538573736 ], [ 79.750274067337301, 11.919905608590643 ], [ 79.784721333244406, 11.959862463739803 ], [ 79.80507349874442, 11.953256056695899 ], [ 79.816295732075687, 11.979031676219451 ], [ 79.840635940431767, 11.955785648928845 ], [ 79.828105335143661, 11.901530070344625 ] ], [ [ 79.771777767030358, 11.886399246071992 ], [ 79.785171385608521, 11.863071048193182 ], [ 79.792373543957282, 11.876846757252 ], [ 79.796501282026583, 11.899886359240794 ], [ 79.769843522645431, 11.902774346016919 ], [ 79.771777767030358, 11.886399246071992 ] ] ], [ [ [ 79.805054060998287, 12.021001361101163 ], [ 79.789108105017448, 12.018225904703545 ], [ 79.788802346342521, 12.026375154783635 ], [ 79.804336426562202, 12.025855630862523 ], [ 79.805054060998287, 12.021001361101163 ] ] ], [ [ [ 79.844430216681033, 12.036096918894419 ], [ 79.849768795718418, 12.051311665859433 ], [ 79.873649410703777, 12.042032014252126 ], [ 79.856797393266106, 12.006055012208179 ], [ 79.840865742956183, 12.013166799281651 ], [ 79.844430216681033, 12.036096918894419 ] ] ], [ [ [ 82.254370549575668, 16.703619803642649 ], [ 82.201410742106276, 16.720516489650855 ], [ 82.182447266932641, 16.737110124746291 ], [ 82.225467506837376, 16.763695154417107 ], [ 82.217825040150387, 16.743305826751442 ], [ 82.234853369030574, 16.729272270935081 ], [ 82.288505668887822, 16.734907334000024 ], [ 82.305532111305908, 16.752529497242946 ], [ 82.302643998921369, 16.718256957600822 ], [ 82.254370549575668, 16.703619803642649 ] ] ] ] } },
{ "type": "Feature", "properties": { "stname": "GOA", "num_caaqms": 0, "num_manual": 18 }, "geometry": { "type": "MultiPolygon", "coordinates": [ [ [ [ 74.260803638166763, 15.477599398850298 ], [ 74.275871658044011, 15.391586770611475 ], [ 74.323202097326956, 15.367679640946848 ], [ 74.317023207223372, 15.329116736925974 ], [ 74.33643714439286, 15.29494289184775 ], [ 74.27632672929559, 15.283532321718234 ], [ 74.251116628350999, 15.258853787141113 ], [ 74.301612430657869, 15.224340708844503 ], [ 74.316961118365882, 15.186260801125725 ], [ 74.285136798341114, 15.149032676048767 ], [ 74.272645106274524, 15.097497567702831 ], [ 74.296494985402433, 15.041207727227411 ], [ 74.253605158419049, 14.998145510812757 ], [ 74.264320510164737, 14.978524688381126 ], [ 74.252595871552955, 14.959093829649863 ], [ 74.236034902877435, 14.966289628089672 ], [ 74.201544791822869, 14.925723679845442 ], [ 74.163608336401566, 14.958480917814489 ], [ 74.162118525418592, 14.912140010627763 ], [ 74.124225431676066, 14.925323967637686 ], [ 74.084097279201004, 14.900526282593946 ], [ 74.044544789617873, 14.916066904188407 ], [ 74.050056910591721, 14.95725824623303 ], [ 74.021039913864726, 15.017168400331258 ], [ 73.992261354268649, 15.016898265091911 ], [ 73.980977374337996, 15.053394636775852 ], [ 73.913219725194551, 15.083357250307881 ], [ 73.941092136197213, 15.117386877027643 ], [ 73.936341264663128, 15.131262502600769 ], [ 73.954923567593738, 15.136861575757678 ], [ 73.902126001254558, 15.309627709728922 ], [ 73.873689630611423, 15.367889074923726 ], [ 73.842426432449116, 15.358414892174912 ], [ 73.789787066618004, 15.395340912388983 ], [ 73.789711716830297, 15.463804110988402 ], [ 73.766588728379133, 15.492812435104589 ], [ 73.732216560731473, 15.588591185012865 ], [ 73.731654815438219, 15.606179858017843 ], [ 73.744669653986946, 15.605690492157889 ], [ 73.68955765108177, 15.719372201040342 ], [ 73.822389183948374, 15.740510665340228 ], [ 73.855708057162474, 15.801016639258 ], [ 73.880088837030044, 15.774320947768114 ], [ 73.875695053007902, 15.751283052420829 ], [ 73.937738214998546, 15.743291361139221 ], [ 73.952204472331573, 15.713856956253403 ], [ 73.94369516822637, 15.696936473293036 ], [ 73.963760465723496, 15.692321784651524 ], [ 73.961765228425747, 15.641684577571617 ], [ 73.993358541285303, 15.610638109605706 ], [ 74.020797189074969, 15.606085184614519 ], [ 74.031156079434439, 15.622611329103457 ], [ 74.118264513284586, 15.652031643334723 ], [ 74.164415996402141, 15.653498534208198 ], [ 74.181930092865471, 15.682212043912033 ], [ 74.205127521110938, 15.651032179034889 ], [ 74.236356046099928, 15.668584847185818 ], [ 74.251976526283684, 15.654311424573228 ], [ 74.24415959688703, 15.626108376911555 ], [ 74.264158861922624, 15.615877938277119 ], [ 74.245192972975786, 15.566602556273299 ], [ 74.263153365048694, 15.56393674613224 ], [ 74.282652545152104, 15.531417679927943 ], [ 74.252291702896045, 15.499336127268366 ], [ 74.260803638166763, 15.477599398850298 ] ] ], [ [ [ 73.691723332924937, 15.721768926252949 ], [ 73.683547150178214, 15.720396193754992 ], [ 73.676993809924809, 15.725940333141351 ], [ 73.690796476367609, 15.729229088819361 ], [ 73.691723332924937, 15.721768926252949 ] ] ] ] } },
{ "type": "Feature", "properties": { "stname": "KARNATAKA", "num_caaqms": 39, "num_manual": 30 }, "geometry": { "type": "MultiPolygon", "coordinates": [ [ [ [ 74.111870083208373, 14.755276546405511 ], [ 74.10930167674185, 14.761503481647527 ], [ 74.119694898914872, 14.753943673980826 ], [ 74.119239913003241, 14.752822987582457 ], [ 74.111870083208373, 14.755276546405511 ] ] ], [ [ [ 74.087246390803131, 14.796346451742959 ], [ 74.088983569967567, 14.795501697425916 ], [ 74.088969970372474, 14.79370774513994 ], [ 74.085964451773549, 14.795930532071058 ], [ 74.087246390803131, 14.796346451742959 ] ] ], [ [ [ 74.061299073945889, 14.81978500660933 ], [ 74.057114049412633, 14.818929785191889 ], [ 74.056584053276467, 14.820470570799818 ], [ 74.061447153135632, 14.821664890015033 ], [ 74.061299073945889, 14.81978500660933 ] ] ], [ [ [ 74.064787634639373, 14.819614210968069 ], [ 74.062660266841405, 14.819288310164209 ], [ 74.062292796601383, 14.821077712071236 ], [ 74.064169380823188, 14.821344802072092 ], [ 74.064787634639373, 14.819614210968069 ] ] ], [ [ [ 74.093696370899906, 14.838829866998921 ], [ 74.095852120969283, 14.837393116010862 ], [ 74.093641084085746, 14.835820304739901 ], [ 74.092744260005006, 14.837650299583329 ], [ 74.093696370899906, 14.838829866998921 ] ] ], [ [ [ 74.098666407108809, 14.845211166810806 ], [ 74.101904616315764, 14.843693173214575 ], [ 74.100223102156249, 14.841239271104749 ], [ 74.09660392103055, 14.843245198569534 ], [ 74.098666407108809, 14.845211166810806 ] ] ], [ [ [ 74.23862828789872, 14.711368309610615 ], [ 74.240847186837627, 14.711981670043228 ], [ 74.241488834580437, 14.710169630728988 ], [ 74.237715789114588, 14.709274225248542 ], [ 74.23862828789872, 14.711368309610615 ] ] ], [ [ [ 74.155480338388358, 14.738469602136062 ], [ 74.152398469278467, 14.740335299199435 ], [ 74.153388749589809, 14.742213087085162 ], [ 74.158027788955877, 14.738115149388467 ], [ 74.155480338388358, 14.738469602136062 ] ] ], [ [ [ 75.403000740344666, 12.497737875349163 ], [ 75.382230848356116, 12.502015757340196 ], [ 75.360817619791945, 12.464968383185074 ], [ 75.336604266130436, 12.464082326076658 ], [ 75.332337453583804, 12.499075344203703 ], [ 75.304559757351399, 12.504077236388735 ], [ 75.304097654986094, 12.523281857904417 ], [ 75.279936619206708, 12.525988696997628 ], [ 75.270556004971439, 12.548336913617772 ], [ 75.272886586059698, 12.568968930132451 ], [ 75.29053690125609, 12.582609026596019 ], [ 75.31624773032658, 12.573045533606249 ], [ 75.327013390423119, 12.592393809812556 ], [ 75.276349463919232, 12.618507456121721 ], [ 75.237497390763124, 12.569758048570764 ], [ 75.220318333561465, 12.569102548921213 ], [ 75.201142228956684, 12.587733181053709 ], [ 75.201741893036399, 12.630022551843973 ], [ 75.160683099401709, 12.622126922351775 ], [ 75.138506962209476, 12.643436386617134 ], [ 75.162033532276752, 12.671956426331485 ], [ 75.152002592572998, 12.683240573699267 ], [ 75.111457480770568, 12.68181922917084 ], [ 75.086009140324407, 12.70403456312911 ], [ 75.085166105566245, 12.6747608187525 ], [ 75.046642001032168, 12.667565674285292 ], [ 75.052457764250164, 12.72008110018891 ], [ 75.000986522698753, 12.716393164105385 ], [ 75.013399624754399, 12.727954546836759 ], [ 74.983267278872319, 12.737196294307962 ], [ 75.00944829963727, 12.76751232825093 ], [ 75.003162559422194, 12.791667309167492 ], [ 74.932926124236559, 12.780542467387281 ], [ 74.882312559982438, 12.754048560118079 ], [ 74.864189059905129, 12.761376633617003 ], [ 74.824427378743465, 12.849057475989754 ], [ 74.716365529787112, 13.312579386959557 ], [ 74.693590333081374, 13.344037271203893 ], [ 74.695429877069046, 13.455179415123361 ], [ 74.668511334065968, 13.640168011837293 ], [ 74.644822406087513, 13.684787096293327 ], [ 74.610073352059004, 13.86500479806859 ], [ 74.56920873286623, 13.946779048818547 ], [ 74.513982081574653, 13.986858475297092 ], [ 74.468927088381108, 14.188676636368397 ], [ 74.441655441894341, 14.224565860587314 ], [ 74.397669410651233, 14.408179078083057 ], [ 74.355734620375671, 14.520860608846181 ], [ 74.310988731183173, 14.522162758160714 ], [ 74.314493803809896, 14.546268973596616 ], [ 74.270994143817774, 14.626755931664361 ], [ 74.28643915607708, 14.634214521184736 ], [ 74.28400599995976, 14.663648147064396 ], [ 74.262798110099894, 14.719808399988304 ], [ 74.234239229014975, 14.74842655574801 ], [ 74.203807957942317, 14.736389374252685 ], [ 74.204032639171274, 14.719276904932384 ], [ 74.092773269300466, 14.804001945743419 ], [ 74.113336414026406, 14.796787522236913 ], [ 74.126182832832399, 14.816926814296604 ], [ 74.085356758551825, 14.899844203629003 ], [ 74.094526032438438, 14.910987543130727 ], [ 74.12982554173368, 14.925468588175365 ], [ 74.162118525418592, 14.912140010627763 ], [ 74.163608336401566, 14.958480917814489 ], [ 74.201544791822869, 14.925723679845442 ], [ 74.236034902877435, 14.966289628089672 ], [ 74.252595871552955, 14.959093829649863 ], [ 74.264320510164737, 14.978524688381126 ], [ 74.253605158419049, 14.998145510812757 ], [ 74.296494985402433, 15.041207727227411 ], [ 74.272645106274524, 15.097497567702831 ], [ 74.285136798341114, 15.149032676048767 ], [ 74.316961118365882, 15.186260801125725 ], [ 74.301612430657869, 15.224340708844503 ], [ 74.251116628350999, 15.258853787141113 ], [ 74.27632672929559, 15.283532321718234 ], [ 74.33643714439286, 15.29494289184775 ], [ 74.317023207223372, 15.329116736925974 ], [ 74.323202097326956, 15.367679640946848 ], [ 74.275871658044011, 15.391586770611475 ], [ 74.275451155761189, 15.449187943139952 ], [ 74.250909987987868, 15.491805568869637 ], [ 74.282652545152104, 15.531417679927943 ], [ 74.263153365048694, 15.56393674613224 ], [ 74.245192972975786, 15.566602556273299 ], [ 74.264158861922624, 15.615877938277119 ], [ 74.24415959688703, 15.626108376911555 ], [ 74.250442494832555, 15.657257913781692 ], [ 74.223779258423093, 15.668982646315541 ], [ 74.205127521110938, 15.651032179034889 ], [ 74.181930092865471, 15.682212043912033 ], [ 74.164415996402141, 15.653498534208198 ], [ 74.135544024592917, 15.648371586973964 ], [ 74.088062509340446, 15.672255576214301 ], [ 74.125770895985809, 15.680967173730483 ], [ 74.122165618085802, 15.720731147412073 ], [ 74.161556595072412, 15.751294459725836 ], [ 74.201433371083212, 15.7586207066255 ], [ 74.208924865106937, 15.78112597562331 ], [ 74.233501307026515, 15.786994514145055 ], [ 74.238219892210992, 15.744061151357625 ], [ 74.268318818967856, 15.754736722643713 ], [ 74.28573580126077, 15.741591364376069 ], [ 74.367492950302179, 15.785816946152087 ], [ 74.360347583445645, 15.816859863120843 ], [ 74.38308536442149, 15.849104937056877 ], [ 74.338259800053208, 15.854960050856281 ], [ 74.362817041381916, 15.874625705830653 ], [ 74.364695115010448, 15.893861789847465 ], [ 74.368614855362196, 15.89435962100217 ], [ 74.388140295018005, 15.854252570330271 ], [ 74.406170680224577, 15.855376466583534 ], [ 74.386923516185902, 15.905162815707909 ], [ 74.4309116863177, 15.956791275389264 ], [ 74.463226818864243, 16.042835828577442 ], [ 74.429694413412165, 16.059151456393458 ], [ 74.380991263933439, 16.035483276785605 ], [ 74.369048791051767, 16.03921993105536 ], [ 74.377335225829967, 16.055120486962295 ], [ 74.361328188901368, 16.053835894871622 ], [ 74.372218524379548, 16.078210303584505 ], [ 74.426817625190083, 16.111461438840394 ], [ 74.481555380066411, 16.088889520407829 ], [ 74.491153407261734, 16.111442022328671 ], [ 74.479832403266627, 16.147125070999351 ], [ 74.50698680164254, 16.191286851778504 ], [ 74.503101883584435, 16.225405694696835 ], [ 74.480479513664719, 16.2501256572443 ], [ 74.468620549968492, 16.240185431357641 ], [ 74.417610722672876, 16.258000653313779 ], [ 74.414394834804099, 16.282651090616067 ], [ 74.373008805572667, 16.261635701742758 ], [ 74.345596915900373, 16.293762513229233 ], [ 74.350550699789167, 16.275467526637371 ], [ 74.324933759038913, 16.271756260952937 ], [ 74.320825742583395, 16.284475452748513 ], [ 74.342667870881613, 16.295953457025487 ], [ 74.317009120741389, 16.326078194815999 ], [ 74.317577912419736, 16.380920455370266 ], [ 74.33586938038718, 16.39374156840729 ], [ 74.353409907082806, 16.36641874259589 ], [ 74.363439195683071, 16.405468615416595 ], [ 74.335054344319815, 16.401407379423521 ], [ 74.332591559069485, 16.454758760051305 ], [ 74.28927516797178, 16.462970504353017 ], [ 74.290895007397154, 16.504902075626731 ], [ 74.260770148074627, 16.480096596042504 ], [ 74.247372775436887, 16.496913201228566 ], [ 74.278216233087775, 16.504914507639054 ], [ 74.270544157030727, 16.547963894661891 ], [ 74.283138330701561, 16.524589279610481 ], [ 74.301651326811367, 16.529020128404305 ], [ 74.306142649907045, 16.503692898837283 ], [ 74.315713406945264, 16.554454677774491 ], [ 74.356246561272926, 16.559747326995019 ], [ 74.358542072132508, 16.539511770702536 ], [ 74.38098736614343, 16.529470322593909 ], [ 74.396625926718869, 16.583267517570992 ], [ 74.46671146020816, 16.606822362656324 ], [ 74.454782384800637, 16.647295478943292 ], [ 74.468742531302581, 16.663802980326494 ], [ 74.48903382785727, 16.630144836371933 ], [ 74.5444889961841, 16.635468675083548 ], [ 74.543492703448592, 16.595318582828678 ], [ 74.56689424779124, 16.585388588858979 ], [ 74.554846125845643, 16.564511925222696 ], [ 74.568536739134814, 16.553868713972584 ], [ 74.62863325280307, 16.57773193114323 ], [ 74.638865489690616, 16.609900358198772 ], [ 74.686606838147483, 16.606578048592809 ], [ 74.653478151753731, 16.638829451153178 ], [ 74.689347183955974, 16.676727259044146 ], [ 74.691247203426883, 16.715501483797631 ], [ 74.732091745273067, 16.71832401712458 ], [ 74.771969584889149, 16.750682255287796 ], [ 74.849820435070399, 16.772755603250772 ], [ 74.920143608884914, 16.772499201813581 ], [ 74.901515662554743, 16.862550215917285 ], [ 74.960553868291839, 16.881237198242662 ], [ 74.963639281255482, 16.911099782762978 ], [ 74.92177566090659, 16.929861659830507 ], [ 74.931548644884941, 16.944636767870591 ], [ 74.964478600581629, 16.926775729941788 ], [ 74.964355064263756, 16.947633234121067 ], [ 74.993812715180354, 16.951893662739689 ], [ 75.026585702857531, 16.944136297802455 ], [ 75.025234839689475, 16.928002337168696 ], [ 75.089333700088062, 16.951582160221431 ], [ 75.096113722118531, 16.914145378276061 ], [ 75.11748241400754, 16.913444668701072 ], [ 75.136483212384576, 16.874487897791479 ], [ 75.188987399731758, 16.875280256580748 ], [ 75.182716104426447, 16.843149200651581 ], [ 75.218476628227194, 16.841841907390393 ], [ 75.237660941637017, 16.867940852376634 ], [ 75.264719717944146, 16.862799814932274 ], [ 75.282029924685759, 16.880290476826641 ], [ 75.279602656126798, 16.956556359301278 ], [ 75.351124113360072, 16.958116111125761 ], [ 75.392135065417662, 16.980090669396827 ], [ 75.427877975950651, 16.966494552754469 ], [ 75.465552232005138, 16.988365009732888 ], [ 75.489077659415344, 16.944422723164656 ], [ 75.529314160391792, 16.969399828649429 ], [ 75.567821955113558, 16.966031685317368 ], [ 75.574306372126756, 17.009550217299221 ], [ 75.606887522778408, 17.004565816396248 ], [ 75.60786303029488, 16.97099707568379 ], [ 75.63393196826182, 16.970259162326471 ], [ 75.64205773126659, 16.954551129081942 ], [ 75.67032095792689, 16.962051968797496 ], [ 75.669693989554133, 17.038160278595544 ], [ 75.6409984513583, 17.037581447267485 ], [ 75.676715371833467, 17.06541586603857 ], [ 75.672288651081445, 17.115995839141206 ], [ 75.650346942737343, 17.115692334909156 ], [ 75.625336548958472, 17.175075585099513 ], [ 75.661911647092595, 17.214577574971074 ], [ 75.657716052083373, 17.263207730267585 ], [ 75.603838855401449, 17.305388218716136 ], [ 75.610025168284224, 17.345040312238279 ], [ 75.580845370776629, 17.351223008339279 ], [ 75.574142606555498, 17.38329915135143 ], [ 75.6135163080409, 17.391915138305787 ], [ 75.606601068898897, 17.420372382172886 ], [ 75.63297968039879, 17.477214425112923 ], [ 75.677714222072609, 17.453657125886714 ], [ 75.690729419049134, 17.409473579358075 ], [ 75.73359475616121, 17.420093011943628 ], [ 75.795664755320956, 17.369092159633105 ], [ 75.81403410902017, 17.373482813836201 ], [ 75.821440660147246, 17.421222633818324 ], [ 75.849470076000344, 17.411941906840934 ], [ 75.860878135729592, 17.385594975374527 ], [ 75.884188442680411, 17.417959583425233 ], [ 75.890581856762068, 17.356522299176117 ], [ 75.930819417750527, 17.322572751918667 ], [ 76.014332364438957, 17.353533284186671 ], [ 76.059504155687421, 17.355639773747185 ], [ 76.079445028432914, 17.331688994108113 ], [ 76.119733507728313, 17.370406200847846 ], [ 76.162617846903601, 17.345220099609904 ], [ 76.176314990944917, 17.300787459123679 ], [ 76.170334082343402, 17.352362206816629 ], [ 76.24208711717209, 17.378837115628524 ], [ 76.250727525003157, 17.360432780220435 ], [ 76.272009136005124, 17.360591867889493 ], [ 76.276360436002548, 17.334574176132996 ], [ 76.317663426765748, 17.332375663787911 ], [ 76.314344132027998, 17.348389848087177 ], [ 76.345299242183856, 17.354448123131366 ], [ 76.354011677832688, 17.314316459426312 ], [ 76.383159923812599, 17.314525717726458 ], [ 76.412188657927118, 17.351067743571914 ], [ 76.409120542024269, 17.371387754575352 ], [ 76.363426544829778, 17.377668064640552 ], [ 76.371510401426562, 17.436423623755552 ], [ 76.333262471350167, 17.433901018614733 ], [ 76.330687299671283, 17.470193579096243 ], [ 76.375516126720683, 17.490219879763313 ], [ 76.345764576687543, 17.492529840365084 ], [ 76.346571850412559, 17.512579419976177 ], [ 76.367073564746121, 17.519014532624414 ], [ 76.362740381073053, 17.537372596352736 ], [ 76.340692516116874, 17.542474571807617 ], [ 76.331562341403, 17.59597748536433 ], [ 76.419684931886422, 17.6037100717869 ], [ 76.430711003702385, 17.645961452776849 ], [ 76.489748724349198, 17.660499210115379 ], [ 76.487227644725152, 17.714763620971404 ], [ 76.524036160204332, 17.71540697404788 ], [ 76.523157528804717, 17.759760940699092 ], [ 76.572707742883992, 17.760539544403276 ], [ 76.570295439359342, 17.705405678616241 ], [ 76.582199950335436, 17.705270300884663 ], [ 76.615331118774293, 17.770396480359761 ], [ 76.664188805431323, 17.6875602172111 ], [ 76.690967417862609, 17.681260881367098 ], [ 76.699398238856404, 17.726837270060837 ], [ 76.728144680087823, 17.737306975337805 ], [ 76.714091360324574, 17.780940024250498 ], [ 76.761875788389176, 17.786940127863616 ], [ 76.790393673957809, 17.826334109621538 ], [ 76.767400455234281, 17.852095663272948 ], [ 76.738482098017087, 17.856681603642041 ], [ 76.740209057946842, 17.899717191717482 ], [ 76.768144368985702, 17.901147646663368 ], [ 76.775049623353297, 17.877712933298245 ], [ 76.808070557727021, 17.870729401001221 ], [ 76.810215712167619, 17.887041354072615 ], [ 76.838304814783143, 17.898748267313234 ], [ 76.884388203805528, 17.894540325215171 ], [ 76.901264717402682, 17.917242291262529 ], [ 76.919102495727458, 17.916225130588654 ], [ 76.905643821156417, 18.009709599732382 ], [ 76.914315278356966, 18.035361157580773 ], [ 76.952305173656185, 18.040219261316508 ], [ 76.945267872331726, 18.083297522953572 ], [ 76.966349726760598, 18.098201176375831 ], [ 76.920499561945533, 18.118182823826999 ], [ 76.951934468582849, 18.188099338735881 ], [ 76.990609114588864, 18.189987794085894 ], [ 77.001114055742178, 18.160899453705024 ], [ 77.023303963209386, 18.15850952342004 ], [ 77.033177743552514, 18.181992785369026 ], [ 77.063958002926526, 18.1506520842821 ], [ 77.11257179159405, 18.156765317282144 ], [ 77.097874171362932, 18.196931043991512 ], [ 77.151521947304445, 18.217044883070603 ], [ 77.17481189304101, 18.284861789300258 ], [ 77.212917042191208, 18.281056929198119 ], [ 77.198712466795342, 18.315452184412159 ], [ 77.219067188002327, 18.325730497977275 ], [ 77.22635272168759, 18.365500221761625 ], [ 77.24723295374254, 18.372916991763656 ], [ 77.233840007104192, 18.387897354121232 ], [ 77.241767956591858, 18.412607131234626 ], [ 77.316851606727482, 18.442253028312358 ], [ 77.319885094372779, 18.458027216331846 ], [ 77.345218318410218, 18.433611077098249 ], [ 77.365635930670223, 18.451564090247892 ], [ 77.372832834772936, 18.401102709031687 ], [ 77.41409430989529, 18.393107539995103 ], [ 77.394869831012485, 18.368454657598328 ], [ 77.400148559794047, 18.347446443383554 ], [ 77.356724359184142, 18.320202074337022 ], [ 77.365789683619298, 18.30712476329284 ], [ 77.437664761765845, 18.310313822119056 ], [ 77.447578039235395, 18.269995221694497 ], [ 77.465037483095131, 18.262536027733699 ], [ 77.511557524312494, 18.282049339074831 ], [ 77.512631376691346, 18.309598495333777 ], [ 77.605417238595649, 18.281349021415284 ], [ 77.571779635932188, 18.244001910058984 ], [ 77.585222245930993, 18.219589033236215 ], [ 77.563674841402758, 18.200989052990959 ], [ 77.596842881192458, 18.155947615084017 ], [ 77.598803710319913, 18.093331322063982 ], [ 77.547635672634769, 18.056131123693874 ], [ 77.5895819793123, 18.011691192294638 ], [ 77.605933840850923, 18.020232988013067 ], [ 77.627787437042045, 17.996787186393384 ], [ 77.649892246204075, 17.99791074260931 ], [ 77.655779582692347, 17.968279093399904 ], [ 77.649484948257637, 17.950015251914916 ], [ 77.633012854404768, 17.967382102261325 ], [ 77.624544538629308, 17.959602860201631 ], [ 77.619038615132595, 17.904058633612188 ], [ 77.586336688685947, 17.908617306627576 ], [ 77.598779247398099, 17.872865874402788 ], [ 77.576398783902931, 17.875419404915384 ], [ 77.55402610790297, 17.82006789197624 ], [ 77.528221426444816, 17.827897825044666 ], [ 77.506336179911287, 17.785315547875388 ], [ 77.569149534070306, 17.766491972148962 ], [ 77.568627089172423, 17.749156346385355 ], [ 77.545963881839896, 17.726840732926323 ], [ 77.452430157190207, 17.694703385755091 ], [ 77.443118997099432, 17.583963189995622 ], [ 77.494065723136231, 17.568357885080502 ], [ 77.506898762434361, 17.542278968395724 ], [ 77.528383405266979, 17.575365538915623 ], [ 77.550559299015731, 17.551733835942652 ], [ 77.593799868710235, 17.56451313930496 ], [ 77.596899290002426, 17.534303174190043 ], [ 77.662009577054121, 17.522822747272727 ], [ 77.692395548781931, 17.49687905535934 ], [ 77.688613989982116, 17.475340640065742 ], [ 77.657087112029416, 17.481035949272247 ], [ 77.657131593009026, 17.506583511612707 ], [ 77.644272074071225, 17.477295206810059 ], [ 77.614840423093924, 17.472235570957825 ], [ 77.614271362819309, 17.445946412402115 ], [ 77.576186073623404, 17.456167635297252 ], [ 77.575954054955218, 17.430976981149442 ], [ 77.537301032296398, 17.443746851248488 ], [ 77.512998425621504, 17.430870327302909 ], [ 77.514173758881356, 17.414181241306679 ], [ 77.537844140242456, 17.406092762878103 ], [ 77.529801907084362, 17.370711345075808 ], [ 77.483818520316007, 17.354997426265268 ], [ 77.479095948408315, 17.370721193407661 ], [ 77.453606245034919, 17.373989926405642 ], [ 77.455914381715829, 17.330969773389764 ], [ 77.437925908307164, 17.291918842621548 ], [ 77.458535223743752, 17.278997291387302 ], [ 77.420418609395597, 17.237624847965613 ], [ 77.380187648329525, 17.222530490282303 ], [ 77.403761974633937, 17.209977940700529 ], [ 77.393893612928608, 17.194396589096055 ], [ 77.372271708418893, 17.195562831117545 ], [ 77.363954587190619, 17.158745598249588 ], [ 77.406658364095478, 17.124511231177475 ], [ 77.463622792829511, 17.109996777341383 ], [ 77.502531616155338, 17.014104527238086 ], [ 77.479516229705581, 16.996017536853419 ], [ 77.469435303247835, 16.919197384064951 ], [ 77.454015885787626, 16.913897663193186 ], [ 77.457606787049855, 16.828235131593402 ], [ 77.476501349763083, 16.788368064692438 ], [ 77.439498825131977, 16.789131621310617 ], [ 77.426067881553777, 16.722873755233653 ], [ 77.474049627265487, 16.716558831738666 ], [ 77.469961406983884, 16.68773481214259 ], [ 77.418860442907743, 16.668572307034868 ], [ 77.43434356529464, 16.641382053322332 ], [ 77.476110673344337, 16.650107109702823 ], [ 77.453596016817087, 16.616168858975108 ], [ 77.46730090882771, 16.598541473572244 ], [ 77.423757675154448, 16.568880957283501 ], [ 77.392874529934303, 16.569974416634913 ], [ 77.419017141432661, 16.548924430429182 ], [ 77.419116787953854, 16.522378339800671 ], [ 77.377788806957767, 16.51370482805196 ], [ 77.369012788553093, 16.48867138141539 ], [ 77.298839369286299, 16.496129958242683 ], [ 77.294104273066907, 16.476715559370774 ], [ 77.235761019304974, 16.472743948379637 ], [ 77.287958522712444, 16.408642323127914 ], [ 77.349710281106368, 16.383633144690368 ], [ 77.419413322727465, 16.366289548403127 ], [ 77.489690956448655, 16.385014798423079 ], [ 77.573394321722787, 16.340735476011961 ], [ 77.593922622595471, 16.343893597165884 ], [ 77.59771904042843, 16.292805165106309 ], [ 77.563205846264296, 16.301635528225358 ], [ 77.536662112737076, 16.266695424793284 ], [ 77.504814831773643, 16.275800926036396 ], [ 77.490108276898738, 16.255275309013939 ], [ 77.492343016729336, 16.22929729639247 ], [ 77.515549466755218, 16.228367865253261 ], [ 77.501149129594339, 16.221717789649112 ], [ 77.486151991284572, 16.162984244653703 ], [ 77.489793041895865, 16.119619314222071 ], [ 77.513275581937776, 16.108023768380164 ], [ 77.493658001184954, 16.086343575243781 ], [ 77.50691783097291, 16.078971366394804 ], [ 77.494001405558507, 16.036987861680519 ], [ 77.51405206500813, 16.008076307272113 ], [ 77.513438159037904, 15.926792456783147 ], [ 77.429596597838767, 15.94906345092109 ], [ 77.379475187291163, 15.939802045235382 ], [ 77.248866415220888, 15.964555371325021 ], [ 77.185288203089598, 15.956742453732478 ], [ 77.08457368292693, 15.918641091240811 ], [ 77.032616630673218, 15.856915147147836 ], [ 77.025185489961885, 15.837509233836967 ], [ 77.065470879951036, 15.827349012255882 ], [ 77.049098001428021, 15.730258168953574 ], [ 77.079754081290446, 15.727388843786542 ], [ 77.078693907558403, 15.695144031771719 ], [ 77.128883675407579, 15.665864694246627 ], [ 77.121423168769581, 15.631084866206479 ], [ 77.083189430278054, 15.659145353326085 ], [ 77.030432367178435, 15.634492664588906 ], [ 77.030039824060509, 15.502647875597479 ], [ 76.974530804427303, 15.510506497868349 ], [ 76.974585057280578, 15.49563113463614 ], [ 77.033527993088512, 15.432889192745028 ], [ 77.029228596849933, 15.404360258822633 ], [ 77.047248410682201, 15.390021922942534 ], [ 77.041828914099, 15.361922241182381 ], [ 77.063727323646404, 15.328018269878818 ], [ 77.113100982839711, 15.333678202756419 ], [ 77.118255236563925, 15.295395305347981 ], [ 77.151577560207045, 15.292434960732326 ], [ 77.147135523179415, 15.272921429288729 ], [ 77.166931031443923, 15.268584178703858 ], [ 77.125120396425473, 15.226939321683046 ], [ 77.147656526281267, 15.223909428902919 ], [ 77.16913361158737, 15.171348618305947 ], [ 77.134721143719418, 15.148292789367657 ], [ 77.157278939143282, 15.140468984264023 ], [ 77.156327627748965, 15.122931569228337 ], [ 77.130119851561631, 15.100768506625005 ], [ 77.112929189024754, 15.034056399914231 ], [ 77.084747595867583, 15.030708690619722 ], [ 77.082451321440018, 15.006080550214921 ], [ 77.04411746840502, 15.009842723148386 ], [ 77.04956248971871, 15.033076094010383 ], [ 77.00407818176943, 15.033832918725883 ], [ 76.985222201697624, 15.015188754166994 ], [ 76.918365907737211, 15.035523045631837 ], [ 76.877162730581858, 15.030207564721845 ], [ 76.836015878693104, 15.079234455668542 ], [ 76.800235013441053, 15.095832062418102 ], [ 76.776693784665014, 15.07840063126204 ], [ 76.790130246594018, 15.020714739388463 ], [ 76.760569096281969, 14.989857617704205 ], [ 76.7665387453997, 14.975616820070265 ], [ 76.828503536568277, 14.956457303385525 ], [ 76.867458809980874, 14.969822332692896 ], [ 76.869621483366117, 14.937710050707802 ], [ 76.863843692833512, 14.895581905572767 ], [ 76.84571331974594, 14.890869944933945 ], [ 76.853977328083062, 14.80944424109982 ], [ 76.837368136944804, 14.810564109010521 ], [ 76.836748368569033, 14.790774783876431 ], [ 76.782686874421756, 14.785938034175114 ], [ 76.802943695432447, 14.741884212796046 ], [ 76.775270890085892, 14.680960038890978 ], [ 76.764994956447964, 14.602123662142866 ], [ 76.781842671853724, 14.596496031766891 ], [ 76.8061475566562, 14.531367622263282 ], [ 76.855602536738928, 14.509591444054324 ], [ 76.867961595248758, 14.474038376997408 ], [ 76.900688090618416, 14.489208135156042 ], [ 76.97481429925628, 14.485330367733312 ], [ 76.959913260918967, 14.450593361809629 ], [ 76.944790806728733, 14.450896294864604 ], [ 76.9427147453099, 14.399336267673016 ], [ 76.915829828942833, 14.420692549432458 ], [ 76.884817868005911, 14.39570872678763 ], [ 76.884641494579654, 14.347542000920527 ], [ 76.956724450967798, 14.294346461390674 ], [ 76.924897400064566, 14.273783641600103 ], [ 76.940055863222938, 14.244607367678116 ], [ 77.052463139889682, 14.245502994892547 ], [ 77.081172434885801, 14.214152106372619 ], [ 77.105441855099144, 14.218887232016344 ], [ 77.11666634859165, 14.226380853383079 ], [ 77.115513455247608, 14.292136282976621 ], [ 77.135668637273781, 14.336577682008389 ], [ 77.15734284529259, 14.342098453620414 ], [ 77.238200677428324, 14.317360014973485 ], [ 77.286566713435434, 14.34009899179723 ], [ 77.283536942120506, 14.28273653821852 ], [ 77.363820631313786, 14.275827232946524 ], [ 77.359485958233932, 14.234006508627466 ], [ 77.384202355878173, 14.22095136001729 ], [ 77.387092274774758, 14.200018381986158 ], [ 77.419390509112503, 14.211624813197634 ], [ 77.408831519023494, 14.259850698696157 ], [ 77.387364900887064, 14.270865538789183 ], [ 77.377072841591485, 14.304795468747583 ], [ 77.394171013586671, 14.336586992033221 ], [ 77.446221793362156, 14.317466537129713 ], [ 77.450279811385585, 14.280706768730724 ], [ 77.481813772554361, 14.291608889574592 ], [ 77.503862709200646, 14.263748086803369 ], [ 77.492530916439009, 14.234969713692523 ], [ 77.517031011440935, 14.182811551582802 ], [ 77.503505956760293, 14.157117859836989 ], [ 77.393719175371814, 14.174245151224637 ], [ 77.378943605628521, 14.135841475945 ], [ 77.35136912538141, 14.129979480632922 ], [ 77.347466565309432, 14.103635562388908 ], [ 77.390613135292597, 14.126640050359766 ], [ 77.400300339144465, 14.115988034060129 ], [ 77.360027081801547, 14.062240734206716 ], [ 77.340504900335247, 14.060191208604575 ], [ 77.332302634105929, 14.03068820386693 ], [ 77.390157796343047, 14.016696192734662 ], [ 77.381643165228184, 13.976233715396857 ], [ 77.425888390075158, 13.986112831799604 ], [ 77.437881360852231, 13.975521624138191 ], [ 77.43536386191289, 13.947514811029308 ], [ 77.412085827836961, 13.945558782829609 ], [ 77.435041437692789, 13.915006558869701 ], [ 77.39874265235693, 13.888125901211115 ], [ 77.397876243435093, 13.906183236955339 ], [ 77.360117364284207, 13.902931696320451 ], [ 77.347838800213708, 13.915963662094455 ], [ 77.371286540419874, 13.952751392656801 ], [ 77.349487910344308, 13.958140156273039 ], [ 77.361091042830779, 13.990812066932165 ], [ 77.336220376604501, 13.995367688194193 ], [ 77.322230511137974, 14.029994571907833 ], [ 77.274997528283563, 14.011283746708125 ], [ 77.269936545736982, 14.034392086364468 ], [ 77.245354088698249, 14.011944362028476 ], [ 77.149222702148194, 14.001162941189648 ], [ 77.127401935787461, 14.047014347357655 ], [ 77.07892157838063, 14.042639036163129 ], [ 77.027683616732119, 14.06174644799311 ], [ 77.029801138096261, 14.088173015577176 ], [ 77.01467369466296, 14.100002111986944 ], [ 77.022055092063752, 14.177437282978888 ], [ 76.960604659158861, 14.181771253796153 ], [ 76.947566194918153, 14.198175404613911 ], [ 76.94237118732444, 14.173330466415235 ], [ 76.894534366817524, 14.167811338162839 ], [ 76.88591403812967, 14.138238190041415 ], [ 76.924981107777668, 14.137108575366044 ], [ 76.977570137410154, 14.071288751136885 ], [ 76.971739516955665, 14.058016026383498 ], [ 76.932384717820483, 14.053924810243416 ], [ 76.931134634847538, 14.030200854800094 ], [ 77.000330069044281, 13.989417515139142 ], [ 76.993765868159116, 13.96256409336187 ], [ 77.041657064588506, 13.933433166053131 ], [ 77.047292830576382, 13.906599690193838 ], [ 77.023029366193342, 13.902595297401856 ], [ 77.014223243446878, 13.860308891737242 ], [ 76.978021246193009, 13.826866589742931 ], [ 76.998503301794884, 13.745573542636315 ], [ 77.016317097796559, 13.73843233132069 ], [ 77.024472495324247, 13.779223564582832 ], [ 77.043370696214382, 13.777793741763602 ], [ 77.064700433559381, 13.74383225991887 ], [ 77.085634363308756, 13.742435861252233 ], [ 77.090442994718984, 13.767140056133632 ], [ 77.173052152688243, 13.762009767359555 ], [ 77.178858745005485, 13.781590933097529 ], [ 77.157517765244719, 13.806030289752764 ], [ 77.168684986646298, 13.829619536397429 ], [ 77.128199001057567, 13.85645838801447 ], [ 77.168579873876595, 13.864490562177259 ], [ 77.161934183218747, 13.906624852179766 ], [ 77.184709638639305, 13.925185884397534 ], [ 77.181389138362434, 13.869843484113275 ], [ 77.200430770559038, 13.863037152202391 ], [ 77.213126894929786, 13.886189960803733 ], [ 77.219850484794122, 13.867717254407475 ], [ 77.235621870267479, 13.904136340675439 ], [ 77.248268755282552, 13.901211006857064 ], [ 77.256694559185505, 13.846522347102766 ], [ 77.311495029943387, 13.866582830849874 ], [ 77.325381457099922, 13.833237755266149 ], [ 77.362430404868277, 13.854246004632948 ], [ 77.381898027155756, 13.839362786008316 ], [ 77.432519959216734, 13.843216487090675 ], [ 77.422567746966152, 13.799091894704777 ], [ 77.464590845227434, 13.806076807590591 ], [ 77.455334070940609, 13.682261569586936 ], [ 77.492114874291602, 13.68980929058084 ], [ 77.485039871572937, 13.714782506965623 ], [ 77.514168557635855, 13.713210850894654 ], [ 77.525236354400121, 13.691002970340842 ], [ 77.529109851277667, 13.754222417666941 ], [ 77.547959888993859, 13.752281720119852 ], [ 77.560567482596724, 13.722406553081726 ], [ 77.599681056230352, 13.750601333283399 ], [ 77.627827727380861, 13.734645398053676 ], [ 77.642233982642836, 13.746801929422904 ], [ 77.618843904396456, 13.754962108133171 ], [ 77.621072259002034, 13.768438519084491 ], [ 77.680078253847981, 13.786777671299307 ], [ 77.671718199437294, 13.760480765851906 ], [ 77.703294545816107, 13.769788583937839 ], [ 77.717362738985514, 13.741074236287625 ], [ 77.719308669553953, 13.800274866629202 ], [ 77.781534618043651, 13.818293185841119 ], [ 77.782518417010195, 13.844297556883165 ], [ 77.837072444851373, 13.869740977379726 ], [ 77.813492449279209, 13.914623194867595 ], [ 77.826588313171627, 13.944724612353987 ], [ 77.89569453927075, 13.941042035818295 ], [ 77.895817804297408, 13.920361912113442 ], [ 77.926766999945428, 13.905326781901817 ], [ 77.967430961554882, 13.960156575108307 ], [ 77.982621791911257, 13.957687605269351 ], [ 77.984587806114533, 13.897401322179023 ], [ 77.949078772864084, 13.886448963779099 ], [ 77.952815980041692, 13.827493864162371 ], [ 77.976352702868297, 13.829790515098656 ], [ 78.000483776239705, 13.872928339392463 ], [ 78.046180287818672, 13.862133458960798 ], [ 78.048865250693282, 13.896092289414961 ], [ 78.078998649400887, 13.881155063750416 ], [ 78.08233330533001, 13.861071985769859 ], [ 78.114776209750985, 13.862888292978496 ], [ 78.123634466224956, 13.845353767887195 ], [ 78.1137530196592, 13.807467957433181 ], [ 78.126401030263352, 13.786376754290936 ], [ 78.091523369825509, 13.742276859588072 ], [ 78.120799844024035, 13.715617975875251 ], [ 78.113220101303426, 13.692735261727858 ], [ 78.069076123775503, 13.697808478368016 ], [ 78.087108711651126, 13.643066246318048 ], [ 78.16757823083563, 13.655825034738038 ], [ 78.168223814996054, 13.632851692704142 ], [ 78.204196657410833, 13.628421535117111 ], [ 78.192972014797959, 13.564846535582022 ], [ 78.236340103041968, 13.598581764430142 ], [ 78.258604898562837, 13.583005823324536 ], [ 78.402001414179722, 13.587970970011758 ], [ 78.375316320861074, 13.508954048296454 ], [ 78.381675471401181, 13.396983211226702 ], [ 78.365811242348244, 13.358653467763833 ], [ 78.40839905483476, 13.345685874804792 ], [ 78.37825090758686, 13.337186432358727 ], [ 78.401104198433515, 13.315469505045325 ], [ 78.427947460819141, 13.331292946808031 ], [ 78.444205658616312, 13.308111015772127 ], [ 78.483347057565879, 13.321179223582897 ], [ 78.479309943339118, 13.301290302686835 ], [ 78.532178711046001, 13.266937843909984 ], [ 78.569536979309405, 13.309224813614941 ], [ 78.587364196141408, 13.280642532256547 ], [ 78.566401496946767, 13.220854901737489 ], [ 78.579464233666442, 13.21562771821846 ], [ 78.549758671087645, 13.189693957429158 ], [ 78.576059586400262, 13.186691795401474 ], [ 78.579765166591656, 13.16736159215691 ], [ 78.550113494845078, 13.164188910751976 ], [ 78.544645359879098, 13.142003409722619 ], [ 78.517627097591287, 13.131753628393964 ], [ 78.538505956122137, 13.105730185758411 ], [ 78.510273688101464, 13.092636601217672 ], [ 78.514251568316723, 13.06185540872103 ], [ 78.462195865773481, 13.043214097001576 ], [ 78.467461254573081, 12.975022485237551 ], [ 78.435330141014177, 12.981039788831369 ], [ 78.437972689034311, 12.963985423725505 ], [ 78.411163058674589, 12.94526801030646 ], [ 78.418817515175675, 12.921724779137804 ], [ 78.438016084849053, 12.929013924611443 ], [ 78.466696691248259, 12.905409653136038 ], [ 78.464771117402449, 12.866763658832806 ], [ 78.44557971089516, 12.9117960372238 ], [ 78.388695732583017, 12.906858139336071 ], [ 78.355875009329949, 12.940740720680749 ], [ 78.339731170661679, 12.903184630268225 ], [ 78.3235328527647, 12.901783356386598 ], [ 78.320330015620357, 12.887259404099408 ], [ 78.337079903593391, 12.882364584785508 ], [ 78.313626853445584, 12.87645324827534 ], [ 78.312446419551563, 12.858518184292388 ], [ 78.252197978310903, 12.860551001385124 ], [ 78.230951228230168, 12.760659714849554 ], [ 78.134394105812476, 12.781897898018382 ], [ 78.053333432288952, 12.853853622197645 ], [ 78.023865688800129, 12.856500916239096 ], [ 78.028803644373625, 12.844973180152657 ], [ 78.00371017888888, 12.824782109339219 ], [ 78.009752757732926, 12.805739117334277 ], [ 77.988521091264147, 12.808192580168166 ], [ 77.952183990984807, 12.857130413165963 ], [ 77.93999455865513, 12.85314264603514 ], [ 77.940678316723492, 12.823344373955047 ], [ 77.920556513398338, 12.828157197238504 ], [ 77.941777144063892, 12.871636642332451 ], [ 77.927722899934196, 12.874916341415929 ], [ 77.929324578119477, 12.890915584437435 ], [ 77.890343885079318, 12.869655142883198 ], [ 77.836013441624189, 12.870329680614597 ], [ 77.792462978309516, 12.842125232973311 ], [ 77.80988158295979, 12.831531832581051 ], [ 77.807644291913761, 12.79493547959849 ], [ 77.778844541060124, 12.76800684920666 ], [ 77.793599674130675, 12.75000163756866 ], [ 77.763331496689432, 12.736892003319706 ], [ 77.77445125829793, 12.724214398786438 ], [ 77.76079933005812, 12.697004564044741 ], [ 77.737462187734849, 12.697745072572753 ], [ 77.739163890632028, 12.672474700756066 ], [ 77.711590491058203, 12.683137577947509 ], [ 77.704228216094847, 12.661404435958522 ], [ 77.678654644209871, 12.660388908848114 ], [ 77.676384321212552, 12.679471564781624 ], [ 77.659910111827188, 12.683839990584636 ], [ 77.598873124938521, 12.667157641258607 ], [ 77.606015900155469, 12.628003979019164 ], [ 77.591019113985297, 12.615243012177858 ], [ 77.58035001290034, 12.551589646015801 ], [ 77.587202169648123, 12.514754731944398 ], [ 77.616289684124951, 12.509297877683927 ], [ 77.583680123354114, 12.478795449263622 ], [ 77.607423582663586, 12.475123835196385 ], [ 77.626088185647234, 12.496308980182024 ], [ 77.634804767919434, 12.486844534154846 ], [ 77.616807365256861, 12.368199513962876 ], [ 77.551336753164904, 12.291206722959235 ], [ 77.479059501062309, 12.27127348997807 ], [ 77.472038799705942, 12.207893619091399 ], [ 77.518683683391629, 12.194479246704423 ], [ 77.61075476301086, 12.206144204154993 ], [ 77.732796849290523, 12.178721653613463 ], [ 77.776392045113056, 12.112280954837138 ], [ 77.708409353617881, 12.035204599860927 ], [ 77.67566988657552, 11.95201160743024 ], [ 77.537983910015811, 11.932385394599446 ], [ 77.495365374248266, 11.944054641051197 ], [ 77.485493425569985, 11.886967639728566 ], [ 77.461508413772208, 11.89938232831844 ], [ 77.466398732584494, 11.846312717879345 ], [ 77.42724111275588, 11.76087036880894 ], [ 77.394455531596691, 11.787633191433397 ], [ 77.364846414841764, 11.790403376902518 ], [ 77.3351488319976, 11.771230779767873 ], [ 77.293854378822857, 11.808998277280233 ], [ 77.249876035361979, 11.813012677858749 ], [ 77.238601694354301, 11.794652747969049 ], [ 77.110746562260417, 11.773472453211809 ], [ 77.116950280900141, 11.721587345076378 ], [ 77.080868936372084, 11.736539476384127 ], [ 77.05642675216329, 11.769775763307457 ], [ 77.062942566193968, 11.790396713094969 ], [ 77.028864763888478, 11.774674733411166 ], [ 77.038749268319449, 11.793846691820331 ], [ 77.012940239913689, 11.814615034615587 ], [ 76.982990637411532, 11.811848921278001 ], [ 76.9699226994464, 11.776859736257153 ], [ 76.953939629569561, 11.79205213579891 ], [ 76.907484812330026, 11.794732577868377 ], [ 76.888349441831835, 11.733643169137711 ], [ 76.835468218085197, 11.655520423571815 ], [ 76.858124539831067, 11.614029851395932 ], [ 76.846932660573259, 11.594471499896022 ], [ 76.756915786362015, 11.618436855397219 ], [ 76.576503313605571, 11.614775689108573 ], [ 76.559954530576888, 11.622469488138842 ], [ 76.550558261401193, 11.674193534084099 ], [ 76.511675323928543, 11.704978588592608 ], [ 76.456670938296114, 11.664456308367191 ], [ 76.41672621192059, 11.671742629083072 ], [ 76.403659668140733, 11.711619779360268 ], [ 76.427443046784788, 11.725977081127455 ], [ 76.414233776875989, 11.758802253319478 ], [ 76.339738034567901, 11.739004333439253 ], [ 76.280011978038004, 11.811688738570634 ], [ 76.22371917472617, 11.808204883965763 ], [ 76.207721212578576, 11.860930848242802 ], [ 76.19038625365765, 11.871213435899687 ], [ 76.120154786155538, 11.850338204960327 ], [ 76.112356714193353, 11.978611461369159 ], [ 76.003198547789538, 11.931391668807661 ], [ 75.858859449707964, 11.959418227380915 ], [ 75.801070648715807, 12.037006041897111 ], [ 75.802550872878058, 12.078562815398206 ], [ 75.714731286834919, 12.070442778646379 ], [ 75.703262596213833, 12.108171381345496 ], [ 75.661981660887506, 12.099182935924086 ], [ 75.636053929100072, 12.149174938126713 ], [ 75.591917218044472, 12.148479551135368 ], [ 75.53261306516923, 12.201446220387538 ], [ 75.539689641736231, 12.216807343014462 ], [ 75.4794029592139, 12.295413386803007 ], [ 75.413559896622004, 12.291201906008062 ], [ 75.432195041152582, 12.309501012396336 ], [ 75.41040451208427, 12.347193196303659 ], [ 75.421928474248119, 12.372663630840963 ], [ 75.366168088032111, 12.411826731128594 ], [ 75.366174132795678, 12.458197345866934 ], [ 75.393403862094644, 12.451372659365314 ], [ 75.424868753597821, 12.468919377345079 ], [ 75.416128329139639, 12.500028884986891 ], [ 75.403000740344666, 12.497737875349163 ] ] ], [ [ [ 74.311242734321326, 15.799381480822369 ], [ 74.301766117131635, 15.787517392862027 ], [ 74.266474801370094, 15.797795488346519 ], [ 74.261711855580245, 15.829674033420572 ], [ 74.291296796874249, 15.832165886272675 ], [ 74.311242734321326, 15.799381480822369 ] ] ], [ [ [ 77.276053942566122, 18.476964979757554 ], [ 77.296383927763415, 18.477015581366821 ], [ 77.299528663671794, 18.464879611418866 ], [ 77.267473565552208, 18.454612696322414 ], [ 77.276053942566122, 18.476964979757554 ] ] ] ] } },
{ "type": "Feature", "properties": { "stname": "LAKSHADWEEP", "num_caaqms": 0, "num_manual": 1 }, "geometry": { "type": "MultiPolygon", "coordinates": [ [ [ [ 72.288702241227341, 10.049239826414087 ], [ 72.28628695619426, 10.044181649420672 ], [ 72.282602150442145, 10.042647452436901 ], [ 72.289120365669561, 10.053968138923258 ], [ 72.288702241227341, 10.049239826414087 ] ] ], [ [ [ 72.337305824134887, 10.105305573217011 ], [ 72.335582123293023, 10.102168364328612 ], [ 72.336475593962788, 10.106010628210852 ], [ 72.337305824134887, 10.105305573217011 ] ] ], [ [ [ 72.327150784869588, 10.139648639413828 ], [ 72.3310155213765, 10.134093973434275 ], [ 72.332576445692297, 10.129271110695871 ], [ 72.326490688425793, 10.131724623362743 ], [ 72.327150784869588, 10.139648639413828 ] ] ], [ [ [ 72.641632962703227, 10.561300240658634 ], [ 72.617953485899875, 10.543445636323082 ], [ 72.615770068618076, 10.544087336671581 ], [ 72.640560034690807, 10.580460960108294 ], [ 72.641632962703227, 10.561300240658634 ] ] ], [ [ [ 72.168137747944456, 10.813933883732506 ], [ 72.164215241679926, 10.813925241872226 ], [ 72.164137489797128, 10.81452190994624 ], [ 72.168000848288386, 10.816049246406402 ], [ 72.168137747944456, 10.813933883732506 ] ] ], [ [ [ 72.18452779776409, 10.84217722604213 ], [ 72.178984403740245, 10.829919777374023 ], [ 72.169308844749423, 10.819610902127732 ], [ 72.205655754631664, 10.879349944894546 ], [ 72.18452779776409, 10.84217722604213 ] ] ], [ [ [ 72.284942823204318, 10.937332596681909 ], [ 72.286668305405428, 10.94799580586124 ], [ 72.290121811141589, 10.947183286591702 ], [ 72.291789385244527, 10.937840940002328 ], [ 72.284942823204318, 10.937332596681909 ] ] ], [ [ [ 72.314656098718132, 10.944690137714266 ], [ 72.315725188229365, 10.950317851613693 ], [ 72.324273319317797, 10.951702570750339 ], [ 72.319796533658376, 10.947113900370747 ], [ 72.314656098718132, 10.944690137714266 ] ] ], [ [ [ 72.189678510329486, 11.599896917180814 ], [ 72.186382504415448, 11.599716747247049 ], [ 72.184572258980765, 11.602546524438832 ], [ 72.188473235322888, 11.601723160182654 ], [ 72.189678510329486, 11.599896917180814 ] ] ], [ [ [ 73.026927742569328, 8.267622008187326 ], [ 73.018218242614793, 8.271412298028856 ], [ 73.017345164600272, 8.277248318330448 ], [ 73.046987994229539, 8.276668364655505 ], [ 73.074010032136513, 8.319945367803392 ], [ 73.064385469606037, 8.285030495070966 ], [ 73.045620020850265, 8.26586349835209 ], [ 73.026927742569328, 8.267622008187326 ] ] ], [ [ [ 73.627226276310353, 10.074837929957193 ], [ 73.627098596962398, 10.073626427814485 ], [ 73.625817001987571, 10.073224150892965 ], [ 73.625347224416487, 10.073938307417883 ], [ 73.627226276310353, 10.074837929957193 ] ] ], [ [ [ 73.638874824024327, 10.05963634886654 ], [ 73.634195437725595, 10.072374368168957 ], [ 73.649421010425598, 10.094839546981827 ], [ 73.646682880760906, 10.060445195846944 ], [ 73.638874824024327, 10.05963634886654 ] ] ], [ [ [ 73.660161442235676, 10.13375800367688 ], [ 73.661567195162547, 10.141767684411318 ], [ 73.658256425436846, 10.156521989962759 ], [ 73.663382923913716, 10.142260284128934 ], [ 73.660161442235676, 10.13375800367688 ] ] ], [ [ [ 73.688315026820618, 10.81798337701218 ], [ 73.700918940025772, 10.815399962816064 ], [ 73.65874853602422, 10.813218623801761 ], [ 73.662804296581356, 10.818452538434244 ], [ 73.688315026820618, 10.81798337701218 ] ] ], [ [ [ 72.722437292078965, 11.133174141424739 ], [ 72.733811300269082, 11.135977448638169 ], [ 72.719507396355624, 11.115041107406599 ], [ 72.71583475379245, 11.122744076886722 ], [ 72.722437292078965, 11.133174141424739 ] ] ], [ [ [ 72.771372630905802, 11.217972256892089 ], [ 72.778711167887792, 11.243688542954732 ], [ 72.7898173074433, 11.261148106987761 ], [ 72.775909585722985, 11.217422479936438 ], [ 72.768868252759503, 11.20676649892607 ], [ 72.762659905101131, 11.186573655708385 ], [ 72.761090982186047, 11.183865578035045 ], [ 72.771372630905802, 11.217972256892089 ] ] ], [ [ [ 73.001252201119826, 11.494676692169753 ], [ 73.009177769173661, 11.488677806956538 ], [ 73.007636882678611, 11.470846477593589 ], [ 73.006303276147136, 11.471315896144201 ], [ 73.001252201119826, 11.494676692169753 ] ] ], [ [ [ 72.712843898393928, 11.699683916422332 ], [ 72.71574826130194, 11.704975707788018 ], [ 72.715288473895129, 11.692800782262692 ], [ 72.704970538627776, 11.68354602925595 ], [ 72.712843898393928, 11.699683916422332 ] ] ] ] } }
]
}
