date,city,no_stations,aqi_category,aqi,prominent_pollutant
2015-06-09,Bengaluru,3,Good,40,SO2
2015-06-21,Bengaluru,2,Moderate,105,"CO, SO2"
2015-08-02,Chennai,3,Moderate,191,"PM2.5, SO2"
2015-08-22,Chennai,3,Satisfactory,99,"CO, SO2"
2015-08-26,Bengaluru,2,Moderate,135,"CO, SO2"
2016-01-20,Bengaluru,5,Moderate,175,"PM2.5, SO2"
2016-01-21,Bengaluru,4,Satisfactory,95,"PM2.5, SO2"
2016-02-06,Chennai,2,Poor,210,"PM2.5, SO2"
2016-06-30,Lucknow,2,Satisfactory,78,"PM2.5, SO2"
2016-07-05,Haldia,1,Satisfactory,66,SO2
2016-07-06,Haldia,1,Satisfactory,79,SO2
2016-07-07,Haldia,1,Satisfactory,53,SO2
2016-07-18,Haldia,1,Satisfactory,63,SO2
2016-07-19,Haldia,1,Good,47,SO2
2016-07-20,Navi Mumbai,1,Satisfactory,54,SO2
2016-07-29,Haldia,1,Good,50,SO2
2016-07-30,Bengaluru,1,Good,45,SO2
2016-08-02,Visakhapatnam,1,Satisfactory,54,SO2
2016-08-03,Visakhapatnam,1,Good,48,SO2
2016-09-02,Haldia,1,Satisfactory,81,SO2
2016-10-14,Navi Mumbai,1,Satisfactory,83,SO2
2016-10-19,Thane,1,Moderate,118,SO2
2016-10-20,Thane,1,Moderate,118,SO2
2016-10-31,Rohtak,1,Satisfactory,64,SO2
2016-11-01,Rohtak,1,Satisfactory,90,SO2
2016-11-25,Rohtak,1,Satisfactory,65,SO2
2016-12-04,Thane,1,Moderate,125,SO2
2016-12-14,Thane,1,Moderate,134,SO2
2016-12-15,Thane,1,Satisfactory,95,SO2
2017-04-10,Haldia,1,Satisfactory,55,SO2
2017-05-04,Pune,1,Moderate,196,SO2
2017-05-20,Kolkata,1,Moderate,145,SO2
2017-05-21,Kolkata,2,Satisfactory,87,"NO2, SO2"
2017-06-12,Hyderabad,3,Good,36,"CO, SO2"
2017-06-17,Haldia,1,Good,49,SO2
2017-06-23,Haldia,1,Good,43,SO2
2017-06-26,Haldia,1,Good,31,SO2
2017-06-27,Haldia,1,Good,46,SO2
2017-06-29,Haldia,1,Good,50,SO2
2017-07-01,Kolkata,1,Good,44,SO2
2017-07-02,Haldia,1,Satisfactory,52,SO2
2017-07-03,Haldia,1,Satisfactory,88,SO2
2017-07-04,Rohtak,1,Good,36,SO2
2017-07-05,Rohtak,1,Good,40,SO2
2017-07-10,Haldia,1,Good,40,SO2
2017-07-13,Haldia,1,Good,36,SO2
2017-07-14,Delhi,8,Satisfactory,76,"O3, SO2"
2017-07-18,Haldia,1,Good,49,SO2
2017-07-19,Bengaluru,5,Good,46,"PM2.5, SO2"
2017-07-21,Bengaluru,5,Satisfactory,56,"PM2.5, SO2"
2017-07-25,Jorapokhar,1,Good,18,SO2
2017-08-29,Hyderabad,5,Good,45,"O3, SO2"
2017-09-10,Bengaluru,4,Good,48,"NO2, SO2"
2017-09-12,Bengaluru,4,Satisfactory,59,"PM2.5, SO2"
2017-09-15,Bengaluru,4,Good,41,"CO, SO2"
2017-09-23,Ghaziabad,1,Satisfactory,64,SO2
2017-09-24,Haldia,1,Satisfactory,62,SO2
2017-10-02,Haldia,1,Good,37,SO2
2017-10-10,Durgapur,1,Satisfactory,54,SO2
2017-10-21,Visakhapatnam,2,Satisfactory,74,"PM2.5, SO2"
2017-12-06,Navi Mumbai,1,Good,39,SO2
2017-12-18,Thane,1,Moderate,119,SO2
2018-02-03,Pune,1,Satisfactory,89,SO2
2018-02-12,Navi Mumbai,1,Satisfactory,63,SO2
2018-03-02,Ahmedabad,1,Moderate,130,SO2
2018-03-03,Ahmedabad,1,Moderate,111,SO2
2018-03-04,Jalandhar,1,Satisfactory,67,SO2
2018-03-20,Pune,1,Satisfactory,82,SO2
2018-03-21,Pune,1,Satisfactory,81,SO2
2018-04-29,Pune,1,Satisfactory,81,SO2
2018-05-01,Muzaffarpur,1,Moderate,112,SO2
2018-05-02,Muzaffarpur,1,Moderate,108,SO2
2018-05-03,Muzaffarpur,1,Moderate,104,SO2
2018-05-08,Muzaffarpur,1,Moderate,109,SO2
2018-05-10,Ahmedabad,1,Satisfactory,69,SO2
2018-05-11,Navi Mumbai,1,Satisfactory,79,SO2
2018-05-14,Ahmedabad,1,Satisfactory,96,SO2
2018-05-28,Ahmedabad,1,Moderate,108,SO2
2018-05-28,Haldia,1,Good,22,SO2
2018-06-08,Muzaffarpur,1,Moderate,104,SO2
2018-06-22,Rohtak,1,Satisfactory,73,SO2
2018-06-24,Muzaffarpur,1,Satisfactory,99,SO2
2018-06-28,Ahmedabad,1,Satisfactory,66,SO2
2018-06-29,Haldia,1,Good,26,SO2
2018-06-29,Muzaffarpur,1,Satisfactory,97,SO2
2018-07-08,Durgapur,1,Satisfactory,82,SO2
2018-07-12,Haldia,1,Good,25,SO2
2018-07-13,Haldia,1,Good,21,SO2
2018-07-16,Haldia,1,Good,23,SO2
2018-07-17,Haldia,1,Good,25,SO2
2018-07-20,Thane,1,Good,48,SO2
2018-07-23,Durgapur,1,Satisfactory,63,SO2
2018-07-25,Patna,1,Satisfactory,66,SO2
2018-07-27,Patna,1,Satisfactory,68,SO2
2018-07-27,Thane,1,Satisfactory,62,SO2
2018-07-28,Thane,1,Good,46,SO2
2018-07-29,Thane,1,Satisfactory,78,SO2
2018-07-30,Thane,1,Satisfactory,75,SO2
2018-08-01,Thane,1,Satisfactory,57,SO2
2018-08-02,Thane,1,Satisfactory,50,SO2
2018-08-03,Ahmedabad,1,Moderate,101,SO2
2018-08-04,Ahmedabad,1,Satisfactory,95,SO2
2018-08-06,Thane,1,Satisfactory,55,SO2
2018-08-07,Ahmedabad,1,Moderate,109,SO2
2018-08-07,Thane,1,Satisfactory,53,SO2
2018-08-09,Ahmedabad,1,Satisfactory,58,SO2
2018-08-12,Thane,1,Good,29,SO2
2018-08-13,Thane,1,Good,36,SO2
2018-08-18,Ahmedabad,1,Satisfactory,89,SO2
2018-08-19,Ahmedabad,1,Moderate,126,SO2
2018-08-22,Ahmedabad,1,Moderate,115,SO2
2018-08-23,Ahmedabad,1,Moderate,117,SO2
2018-08-25,Ahmedabad,1,Moderate,106,SO2
2018-08-26,Ahmedabad,1,Satisfactory,87,SO2
2018-08-26,Lucknow,3,Satisfactory,56,"CO, PM2.5, SO2"
2018-08-26,Rohtak,1,Good,44,SO2
2018-09-01,Ahmedabad,1,Satisfactory,87,SO2
2018-09-02,Ahmedabad,1,Moderate,103,SO2
2018-09-02,Mandi Gobindgarh,1,Good,36,SO2
2018-09-03,Mandi Gobindgarh,1,Good,37,SO2
2018-09-05,Pune,1,Satisfactory,52,SO2
2018-09-09,Ahmedabad,1,Satisfactory,98,SO2
2018-09-10,Ahmedabad,1,Moderate,110,SO2
2018-09-11,Ahmedabad,1,Satisfactory,87,SO2
2018-09-13,Ahmedabad,1,Satisfactory,85,SO2
2018-09-14,Ahmedabad,1,Satisfactory,76,SO2
2018-09-15,Asansol,1,Satisfactory,68,SO2
2018-09-24,Haldia,1,Good,39,SO2
2018-09-29,Ludhiana,1,Good,45,SO2
2018-10-04,Ludhiana,1,Satisfactory,66,SO2
2018-10-05,Chennai,3,Satisfactory,55,"CO, PM2.5, SO2"
2018-11-04,Pune,1,Satisfactory,91,SO2
2018-11-05,Chennai,3,Satisfactory,66,"CO, PM2.5, SO2"
2018-11-05,Pune,1,Satisfactory,98,SO2
2018-11-06,Pune,1,Satisfactory,99,SO2
2019-01-29,Chennai,2,Good,46,"O3, SO2"
2019-01-29,Durgapur,1,Moderate,119,SO2
2019-02-19,Ambala,1,Satisfactory,71,SO2
2019-03-02,Chennai,3,Moderate,165,"PM2.5, SO2"
2019-03-03,Chennai,3,Satisfactory,74,"O3, PM2.5, SO2"
2019-03-04,Siliguri,1,Very Poor,305,SO2
2019-04-18,Manesar,1,Satisfactory,61,SO2
2019-05-04,Durgapur,1,Good,18,SO2
2019-05-18,Ahmedabad,1,Satisfactory,98,SO2
2019-06-02,Ahmedabad,1,Moderate,116,SO2
2019-06-10,Vapi,1,Satisfactory,55,SO2
2019-06-11,Vapi,1,Satisfactory,52,SO2
2019-06-12,Pune,1,Satisfactory,62,SO2
2019-06-13,Pune,1,Satisfactory,65,SO2
2019-06-14,Pune,1,Satisfactory,62,SO2
2019-06-14,Vapi,1,Good,47,SO2
2019-06-15,Pune,1,Satisfactory,61,SO2
2019-06-15,Vapi,1,Good,43,SO2
2019-06-16,Pune,1,Satisfactory,61,SO2
2019-06-17,Pune,1,Satisfactory,60,SO2
2019-06-17,Vapi,1,Satisfactory,53,SO2
2019-06-18,Pune,1,Satisfactory,61,SO2
2019-06-18,Vapi,1,Good,48,SO2
2019-06-19,Pune,1,Satisfactory,62,SO2
2019-06-23,Singrauli,1,Satisfactory,56,SO2
2019-06-25,Pune,1,Satisfactory,64,SO2
2019-06-26,Pune,1,Satisfactory,63,SO2
2019-06-27,Pune,1,Satisfactory,63,SO2
2019-06-29,Pune,1,Satisfactory,63,SO2
2019-06-30,Kalyan,1,Satisfactory,51,SO2
2019-06-30,Pune,1,Satisfactory,63,SO2
2019-07-01,Pune,1,Satisfactory,62,SO2
2019-07-02,Pune,1,Satisfactory,64,SO2
2019-07-02,Vapi,1,Good,38,SO2
2019-07-03,Pune,1,Satisfactory,64,SO2
2019-07-03,Vapi,1,Good,39,SO2
2019-07-04,Pune,1,Satisfactory,62,SO2
2019-07-05,Pune,1,Satisfactory,64,SO2
2019-07-05,Singrauli,1,Satisfactory,67,SO2
2019-07-06,Pune,1,Satisfactory,63,SO2
2019-07-07,Pune,1,Satisfactory,62,SO2
2019-07-07,Singrauli,1,Good,42,SO2
2019-07-08,Pune,1,Satisfactory,61,SO2
2019-07-08,Singrauli,1,Good,32,SO2
2019-07-08,Vapi,1,Good,47,SO2
2019-07-09,Pune,1,Satisfactory,63,SO2
2019-07-11,Hubballi,1,Good,27,SO2
2019-07-11,Pune,1,Satisfactory,87,SO2
2019-07-13,Pune,1,Satisfactory,68,SO2
2019-07-14,Kalyan,1,Good,40,SO2
2019-07-14,Pune,1,Satisfactory,68,SO2
2019-07-16,Jalandhar,1,Satisfactory,98,SO2
2019-07-17,Jalandhar,1,Satisfactory,80,SO2
2019-07-17,Pune,1,Satisfactory,68,SO2
2019-07-19,Pune,1,Satisfactory,68,SO2
2019-07-20,Pune,1,Satisfactory,68,SO2
2019-07-21,Pune,1,Satisfactory,68,SO2
2019-07-22,Hubballi,1,Good,26,SO2
2019-07-22,Pune,1,Satisfactory,68,SO2
2019-07-23,Pune,1,Satisfactory,68,SO2
2019-07-24,Patna,1,Satisfactory,60,SO2
2019-07-24,Pune,1,Satisfactory,68,SO2
2019-07-26,Pune,1,Satisfactory,68,SO2
2019-07-27,Ahmedabad,1,Moderate,103,SO2
2019-07-27,Pune,1,Satisfactory,68,SO2
2019-07-28,Ahmedabad,1,Satisfactory,97,SO2
2019-07-28,Panipat,1,Good,34,SO2
2019-07-28,Patna,1,Satisfactory,63,SO2
2019-07-28,Pune,1,Satisfactory,68,SO2
2019-07-29,Panipat,1,Good,37,SO2
2019-07-29,Pune,1,Satisfactory,68,SO2
2019-07-30,Panipat,1,Good,40,SO2
2019-07-30,Pune,1,Satisfactory,74,SO2
2019-07-30,Satna,1,Good,36,SO2
2019-07-30,Singrauli,1,Good,48,SO2
2019-07-31,Hyderabad,4,Good,25,"O3, SO2"
2019-07-31,Panipat,1,Good,44,SO2
2019-07-31,Pune,1,Satisfactory,74,SO2
2019-07-31,Singrauli,1,Satisfactory,53,SO2
2019-08-01,Pune,1,Satisfactory,74,SO2
2019-08-01,Singrauli,1,Good,41,SO2
2019-08-02,Kalyan,1,Good,37,SO2
2019-08-02,Pune,1,Satisfactory,74,SO2
2019-08-03,Jalandhar,1,Satisfactory,89,SO2
2019-08-03,Pune,1,Satisfactory,74,SO2
2019-08-04,Patna,1,Satisfactory,63,SO2
2019-08-04,Pune,1,Satisfactory,75,SO2
2019-08-05,Pune,1,Satisfactory,74,SO2
2019-08-06,Amaravati,1,Good,26,SO2
2019-08-06,Kalyan,1,Good,48,SO2
2019-08-06,Pune,1,Satisfactory,74,SO2
2019-08-07,Kalyan,1,Good,43,SO2
2019-08-07,Pune,1,Satisfactory,74,SO2
2019-08-08,Pune,1,Satisfactory,74,SO2
2019-08-08,Satna,1,Good,41,SO2
2019-08-09,Pune,1,Satisfactory,74,SO2
2019-08-09,Singrauli,1,Satisfactory,57,SO2
2019-08-10,Pune,1,Satisfactory,74,SO2
2019-08-11,Pune,1,Satisfactory,74,SO2
2019-08-12,Pune,1,Satisfactory,74,SO2
2019-08-13,Panipat,1,Satisfactory,89,SO2
2019-08-13,Pune,1,Satisfactory,74,SO2
2019-08-14,Panipat,1,Satisfactory,98,SO2
2019-08-14,Pune,1,Satisfactory,74,SO2
2019-08-14,Singrauli,1,Satisfactory,53,SO2
2019-08-15,Pune,1,Satisfactory,74,SO2
2019-08-16,Patna,1,Satisfactory,61,SO2
2019-08-16,Pune,1,Satisfactory,74,SO2
2019-08-16,Ratlam,1,Good,37,SO2
2019-08-17,Hisar,1,Good,45,SO2
2019-08-17,Patna,1,Satisfactory,62,SO2
2019-08-17,Pune,1,Satisfactory,74,SO2
2019-08-18,Ambala,1,Good,37,SO2
2019-08-18,Karnal,1,Good,37,SO2
2019-08-18,Pune,1,Satisfactory,74,SO2
2019-08-19,Ambala,1,Good,40,SO2
2019-08-19,Pune,1,Satisfactory,74,SO2
2019-08-20,Pune,1,Satisfactory,74,SO2
2019-08-21,Pune,1,Satisfactory,74,SO2
2019-08-22,Pune,1,Satisfactory,74,SO2
2019-08-23,Pune,1,Satisfactory,74,SO2
2019-08-24,Patna,1,Satisfactory,63,SO2
2019-08-24,Pune,1,Satisfactory,74,SO2
2019-08-25,Karnal,1,Satisfactory,68,SO2
2019-08-25,Pune,1,Satisfactory,74,SO2
2019-08-26,Pune,1,Satisfactory,74,SO2
2019-08-27,Mumbai,7,Satisfactory,61,"PM10, SO2"
2019-08-27,Pune,1,Satisfactory,74,SO2
2019-08-28,Pune,1,Satisfactory,74,SO2
2019-08-29,Pune,1,Satisfactory,74,SO2
2019-08-30,Kalyan,1,Satisfactory,73,SO2
2019-08-30,Pune,1,Satisfactory,74,SO2
2019-08-31,Kalyan,1,Satisfactory,73,SO2
2019-08-31,Pune,1,Satisfactory,74,SO2
2019-08-31,Talcher,1,Satisfactory,64,SO2
2019-09-01,Kalyan,1,Satisfactory,71,SO2
2019-09-01,Pune,1,Satisfactory,74,SO2
2019-09-02,Kalyan,1,Satisfactory,71,SO2
2019-09-02,Pune,1,Satisfactory,74,SO2
2019-09-03,Kalyan,1,Satisfactory,70,SO2
2019-09-03,Pune,1,Satisfactory,74,SO2
2019-09-04,Pune,1,Satisfactory,74,SO2
2019-09-05,Hubballi,1,Good,33,SO2
2019-09-05,Kalyan,1,Satisfactory,71,SO2
2019-09-05,Muzaffarpur,1,Good,49,SO2
2019-09-05,Pune,1,Satisfactory,74,SO2
2019-09-05,Singrauli,1,Good,39,SO2
2019-09-06,Haldia,1,Good,15,SO2
2019-09-06,Hubballi,1,Good,33,SO2
2019-09-06,Hyderabad,6,Good,28,"PM10, PM2.5, SO2"
2019-09-06,Kalyan,1,Satisfactory,71,SO2
2019-09-06,Navi Mumbai,3,Good,44,"CO, O3, SO2"
2019-09-06,Pune,1,Satisfactory,74,SO2
2019-09-07,Hyderabad,6,Good,27,"PM10, PM2.5, SO2"
2019-09-07,Navi Mumbai,3,Good,42,"CO, O3, SO2"
2019-09-07,Pune,1,Satisfactory,74,SO2
2019-09-08,Kalyan,1,Moderate,102,SO2
2019-09-08,Navi Mumbai,3,Good,44,"CO, O3, SO2"
2019-09-08,Pune,1,Satisfactory,74,SO2
2019-09-09,Hyderabad,6,Good,34,"PM10, PM2.5, SO2"
2019-09-09,Pune,1,Satisfactory,74,SO2
2019-09-10,Kalyan,1,Satisfactory,99,SO2
2019-09-10,Pune,1,Satisfactory,74,SO2
2019-09-10,Singrauli,1,Satisfactory,53,SO2
2019-09-11,Pune,1,Satisfactory,74,SO2
2019-09-12,Pune,1,Satisfactory,74,SO2
2019-09-13,Mumbai,8,Good,39,"CO, PM10, SO2"
2019-09-13,Pune,1,Satisfactory,74,SO2
2019-09-14,Pune,1,Satisfactory,74,SO2
2019-09-15,Kalyan,1,Good,37,SO2
2019-09-15,Pune,1,Satisfactory,74,SO2
2019-09-16,Mumbai,8,Good,44,"CO, PM10, SO2"
2019-09-16,Pune,1,Satisfactory,74,SO2
2019-09-17,Pune,1,Satisfactory,74,SO2
2019-09-18,Pune,1,Satisfactory,74,SO2
2019-09-19,Pune,1,Satisfactory,74,SO2
2019-09-22,Pune,1,Satisfactory,86,SO2
2019-09-23,Pune,1,Satisfactory,86,SO2
2019-09-24,Pune,1,Satisfactory,86,SO2
2019-09-25,Pune,1,Satisfactory,86,SO2
2019-09-25,Satna,1,Good,40,SO2
2019-09-26,Pune,1,Satisfactory,87,SO2
2019-09-27,Patna,1,Satisfactory,59,SO2
2019-09-27,Pune,1,Satisfactory,86,SO2
2019-09-28,Patna,1,Satisfactory,59,SO2
2019-09-28,Pune,1,Satisfactory,86,SO2
2019-09-28,Singrauli,1,Good,30,SO2
2019-09-29,Ambala,1,Good,36,SO2
2019-09-29,Patna,1,Satisfactory,59,SO2
2019-09-29,Pune,1,Satisfactory,86,SO2
2019-09-30,Pune,1,Satisfactory,86,SO2
2019-10-01,Ahmedabad,1,Moderate,114,SO2
2019-10-01,Patna,1,Satisfactory,67,SO2
2019-10-01,Pune,1,Satisfactory,86,SO2
2019-10-02,Pune,1,Satisfactory,86,SO2
2019-10-03,Pune,1,Satisfactory,85,SO2
2019-10-03,Singrauli,1,Good,44,SO2
2019-10-04,Pune,1,Satisfactory,86,SO2
2019-10-04,Singrauli,1,Good,48,SO2
2019-10-05,Pune,1,Satisfactory,86,SO2
2019-10-05,Thane,1,Good,48,SO2
2019-10-06,Hubballi,1,Good,33,SO2
2019-10-06,Pune,1,Satisfactory,86,SO2
2019-10-07,Pune,1,Satisfactory,86,SO2
2019-10-08,Pune,1,Satisfactory,86,SO2
2019-10-09,Haldia,1,Good,13,SO2
2019-10-09,Pune,1,Satisfactory,86,SO2
2019-10-10,Haldia,1,Good,15,SO2
2019-10-12,Pune,1,Satisfactory,86,SO2
2019-10-13,Pune,1,Satisfactory,86,SO2
2019-10-14,Pune,1,Satisfactory,85,SO2
2019-10-15,Hubballi,1,Good,35,SO2
2019-10-15,Thane,1,Satisfactory,94,SO2
2019-10-16,Thane,1,Satisfactory,81,SO2
2019-10-17,Thane,1,Satisfactory,72,SO2
2019-10-20,Pune,1,Satisfactory,86,SO2
2019-10-20,Thane,1,Satisfactory,59,SO2
2019-10-20,Visakhapatnam,1,Satisfactory,65,SO2
2019-10-21,Pune,1,Satisfactory,86,SO2
2019-10-22,Pune,1,Satisfactory,86,SO2
2019-10-23,Pune,1,Satisfactory,87,SO2
2019-10-24,Pune,1,Satisfactory,82,SO2
2019-10-24,Thane,1,Satisfactory,62,SO2
2019-10-25,Hubballi,1,Good,37,SO2
2019-10-25,Pune,1,Satisfactory,83,SO2
2019-10-26,Haldia,1,Good,15,SO2
2019-10-26,Pune,1,Satisfactory,83,SO2
2019-10-26,Ramanagara,1,Good,41,SO2
2019-10-26,Satna,1,Good,44,SO2
2019-10-26,Thane,1,Satisfactory,76,SO2
2019-10-27,Pune,1,Satisfactory,82,SO2
2019-10-27,Ramanagara,1,Good,44,SO2
2019-10-29,Pune,1,Satisfactory,99,SO2
2019-10-30,Pune,1,Moderate,101,SO2
2019-10-31,Pune,1,Satisfactory,100,SO2
2019-10-31,Ramanagara,1,Good,34,SO2
2019-10-31,Thane,1,Satisfactory,86,SO2
2019-11-01,Pune,1,Satisfactory,94,SO2
2019-11-01,Ramanagara,1,Good,39,SO2
2019-11-01,Thane,1,Satisfactory,87,SO2
2019-11-02,Mumbai,9,Good,43,"NO2, PM10, SO2"
2019-11-02,Pune,1,Satisfactory,92,SO2
2019-11-03,Ahmedabad,1,Moderate,119,SO2
2019-11-03,Mumbai,10,Satisfactory,69,"CO, PM10, SO2"
2019-11-03,Pune,1,Satisfactory,92,SO2
2019-11-04,Pune,1,Satisfactory,92,SO2
2019-11-05,Pune,1,Satisfactory,91,SO2
2019-11-06,Pune,1,Satisfactory,84,SO2
2019-11-07,Pune,1,Satisfactory,85,SO2
2019-11-08,Pune,1,Satisfactory,83,SO2
2019-11-09,Pune,1,Satisfactory,78,SO2
2019-11-10,Pune,1,Satisfactory,79,SO2
2019-11-21,Ahmedabad,1,Moderate,124,SO2
2019-12-01,Ahmedabad,1,Moderate,117,SO2
2019-12-01,Ramanagara,1,Good,36,SO2
2019-12-02,Ahmedabad,1,Moderate,116,SO2
2019-12-02,Ramanagara,1,Good,34,SO2
2019-12-03,Ahmedabad,1,Moderate,111,SO2
2019-12-03,Pune,1,Satisfactory,85,SO2
2019-12-03,Ramanagara,1,Good,36,SO2
2019-12-04,Pune,1,Satisfactory,85,SO2
2019-12-09,Eloor,1,Good,37,SO2
2019-12-13,Satna,1,Satisfactory,57,SO2
2019-12-18,Thane,1,Satisfactory,98,SO2
2019-12-24,Ramanagara,1,Satisfactory,59,SO2
2019-12-26,Mysuru,1,Good,43,SO2
2019-12-26,Thane,1,Satisfactory,84,SO2
2019-12-31,Ramanagara,1,Satisfactory,64,SO2
2020-01-02,Ramanagara,1,Satisfactory,52,SO2
2020-01-15,Sirsa,1,Good,50,SO2
2020-01-18,Chennai,4,Satisfactory,52,"CO, O3, SO2"
2020-01-19,Ramanagara,1,Good,27,SO2
2020-01-24,Thane,1,Satisfactory,75,SO2
2020-01-28,Sirsa,1,Satisfactory,56,SO2
2020-01-29,Pune,1,Satisfactory,83,SO2
2020-01-29,Thane,1,Good,48,SO2
2020-02-22,Sirsa,1,Satisfactory,54,SO2
2020-03-05,Sirsa,1,Satisfactory,54,SO2
2020-03-05,Talcher,1,Satisfactory,64,SO2
2020-03-06,Sirsa,1,Satisfactory,53,SO2
2020-03-06,Talcher,1,Satisfactory,62,SO2
2020-03-07,Sirsa,1,Good,41,SO2
2020-03-10,Amaravati,1,Good,33,SO2
2020-03-11,Ratlam,1,Moderate,117,SO2
2020-03-12,Talcher,1,Satisfactory,82,SO2
2020-03-13,Talcher,1,Satisfactory,82,SO2
2020-03-14,Singrauli,1,Good,48,SO2
2020-03-15,Ratlam,1,Moderate,118,SO2
2020-03-15,Singrauli,1,Satisfactory,71,SO2
2020-03-16,Ratlam,1,Satisfactory,82,SO2
2020-03-20,Varanasi,1,Satisfactory,75,SO2
2020-03-22,Mumbai,10,Satisfactory,54,"O3, PM10, SO2"
2020-03-22,Ratlam,1,Moderate,113,SO2
2020-03-22,Sirsa,1,Satisfactory,66,SO2
2020-03-23,Karnal,1,Satisfactory,92,SO2
2020-03-23,Mumbai,8,Satisfactory,64,"O3, PM10, SO2"
2020-03-23,Sirsa,1,Satisfactory,64,SO2
2020-03-24,Karnal,1,Satisfactory,97,SO2
2020-03-24,Sirsa,1,Satisfactory,67,SO2
2020-03-25,Karnal,1,Satisfactory,100,SO2
2020-03-25,Sirsa,1,Satisfactory,77,SO2
2020-03-26,Karnal,1,Moderate,101,SO2
2020-03-26,Sirsa,1,Satisfactory,85,SO2
2020-03-27,Bhiwadi,1,Good,28,SO2
2020-03-27,Bhiwani,1,Satisfactory,63,SO2
2020-03-27,Manesar,1,Good,40,SO2
2020-03-27,Sirsa,1,Satisfactory,92,SO2
2020-03-28,Manesar,1,Good,43,SO2
2020-03-28,Sirsa,1,Satisfactory,97,SO2
2020-03-29,Manesar,1,Good,46,SO2
2020-03-29,Sirsa,1,Satisfactory,96,SO2
2020-04-01,Manesar,1,Satisfactory,53,SO2
2020-04-02,Manesar,1,Satisfactory,56,SO2
2020-04-03,Manesar,1,Satisfactory,58,SO2
2020-04-04,Manesar,1,Satisfactory,58,SO2
2020-04-07,Bhiwani,1,Satisfactory,79,SO2
2020-04-08,Bhiwani,1,Satisfactory,84,SO2
2020-04-09,Bhiwani,1,Satisfactory,88,SO2
2020-04-10,Bhiwani,1,Satisfactory,78,SO2
2020-04-10,Ramanagara,1,Good,21,SO2
2020-04-11,Bhiwani,1,Satisfactory,82,SO2
2020-04-11,Chennai,4,Good,43,"O3, PM2.5, SO2"
2020-04-18,Karnal,1,Satisfactory,73,SO2
2020-04-25,Mumbai,8,Good,48,"PM10, SO2"
2020-04-26,Aizawl,1,Good,9,SO2
2020-04-26,Mumbai,8,Satisfactory,57,"O3, PM10, SO2"
2020-04-27,Mumbai,8,Satisfactory,52,"O3, PM10, SO2"
2020-04-27,Ramanagara,1,Good,24,SO2
2020-04-28,Mumbai,8,Satisfactory,53,"O3, PM10, SO2"
2020-04-29,Mumbai,8,Satisfactory,81,"O3, PM10, SO2"
2020-04-30,Mumbai,8,Satisfactory,60,"PM10, SO2"
2020-05-01,Mumbai,8,Satisfactory,51,"O3, PM10, SO2"
2020-05-02,Mumbai,8,Good,43,"O3, PM10, SO2"
2020-05-02,Varanasi,1,Good,42,SO2
2020-05-03,Mumbai,6,Good,40,"O3, PM10, SO2"
2020-05-03,Varanasi,1,Good,45,SO2
2020-05-04,Agra,1,Good,49,SO2
2020-05-04,Manesar,1,Good,50,SO2
2020-05-04,Mumbai,7,Good,37,"O3, PM10, SO2"
2020-05-08,Mumbai,7,Satisfactory,67,"PM10, SO2"
2020-05-08,Ramanagara,1,Satisfactory,63,SO2
2020-05-09,Mumbai,6,Satisfactory,65,"PM10, PM2.5, SO2"
2020-05-10,Mumbai,5,Satisfactory,64,"O3, PM10, SO2"
2020-05-11,Chandrapur,2,Good,48,"O3, SO2"
2020-05-11,Mumbai,4,Satisfactory,61,"O3, PM10, SO2"
2020-05-12,Mumbai,5,Satisfactory,67,"O3, PM10, SO2"
2020-05-13,Karnal,1,Satisfactory,95,SO2
2020-05-13,Mumbai,5,Satisfactory,67,"O3, PM10, SO2"
2020-05-14,Mumbai,6,Satisfactory,54,"PM10, PM2.5, SO2"
2020-05-15,Mumbai,6,Satisfactory,70,"PM10, PM2.5, SO2"
2020-05-27,Karnal,1,Satisfactory,87,SO2
2020-05-27,Varanasi,1,Moderate,111,SO2
2020-05-29,Vapi,1,Good,35,SO2
2020-05-31,Vapi,1,Good,31,SO2
2020-06-01,Panipat,1,Satisfactory,78,SO2
2020-06-02,Aizawl,1,Good,15,SO2
2020-06-02,Karnal,1,Satisfactory,82,SO2
2020-06-02,Ramanagara,1,Good,33,SO2
2020-06-03,Chandrapur,2,Good,34,"O3, SO2"
2020-06-03,Karnal,1,Satisfactory,90,SO2
2020-06-04,Aizawl,1,Good,15,SO2
2020-06-04,Karnal,1,Satisfactory,91,SO2
2020-06-04,Vapi,1,Good,34,SO2
2020-06-04,Varanasi,1,Satisfactory,66,SO2
2020-06-05,Vapi,1,Good,33,SO2
2020-06-05,Varanasi,1,Satisfactory,61,SO2
2020-06-06,Aizawl,1,Good,17,SO2
2020-06-06,Karnal,1,Moderate,102,SO2
2020-06-06,Mumbai,7,Good,30,"NO2, PM10, SO2"
2020-06-06,Shillong,1,Good,13,SO2
2020-06-06,Varanasi,1,Satisfactory,64,SO2
2020-06-07,Aizawl,1,Good,15,SO2
2020-06-07,Karnal,1,Moderate,104,SO2
2020-06-07,Vapi,1,Good,34,SO2
2020-06-08,Mumbai,8,Good,36,"CO, O3, SO2"
2020-06-09,Mumbai,8,Good,34,"CO, PM10, SO2"
2020-06-09,Vapi,1,Good,32,SO2
2020-06-10,Mumbai,8,Good,40,"CO, PM10, SO2"
2020-06-11,Kalaburagi,1,Good,23,SO2
2020-06-11,Mumbai,9,Good,35,"CO, PM10, SO2"
2020-06-11,Vapi,1,Good,31,SO2
2020-06-11,Yadgir,1,Good,22,SO2
2020-06-12,Aizawl,1,Good,17,SO2
2020-06-12,Mumbai,8,Good,38,"CO, PM10, SO2"
2020-06-12,Varanasi,1,Satisfactory,71,SO2
2020-06-13,Aizawl,1,Good,11,SO2
2020-06-14,Mumbai,8,Good,32,"CO, NO2, SO2"
2020-06-14,Varanasi,1,Satisfactory,57,SO2
2020-06-15,Aizawl,1,Good,11,SO2
2020-06-15,Chandrapur,2,Good,28,"O3, SO2"
2020-06-15,Singrauli,1,Satisfactory,55,SO2
2020-06-15,Varanasi,1,Satisfactory,61,SO2
2020-06-16,Aizawl,1,Good,11,SO2
2020-06-16,Chandrapur,2,Good,29,"O3, SO2"
2020-06-16,Karnal,1,Satisfactory,77,SO2
2020-06-16,Mumbai,7,Good,37,"CO, NO2, SO2"
2020-06-16,Varanasi,1,Satisfactory,55,SO2
2020-06-17,Mumbai,7,Good,36,"CO, NO2, SO2"
2020-06-18,Chandrapur,2,Good,27,"O3, SO2"
2020-06-18,Karnal,1,Satisfactory,85,SO2
2020-06-18,Mumbai,8,Good,35,"CO, NO2, SO2"
2020-06-19,Karnal,1,Satisfactory,87,SO2
2020-06-19,Mumbai,9,Good,42,"CO, PM10, SO2"
2020-06-20,Varanasi,1,Good,42,SO2
2020-06-21,Karnal,1,Satisfactory,94,SO2
2020-06-22,Karnal,1,Satisfactory,89,SO2
2020-06-22,Ramanagara,1,Good,31,SO2
2020-06-23,Karnal,1,Satisfactory,89,SO2
2020-06-23,Singrauli,1,Satisfactory,56,SO2
2020-06-23,Varanasi,1,Good,47,SO2
2020-06-24,Varanasi,1,Good,45,SO2
2020-06-25,Ramanagara,1,Good,31,SO2
2020-06-25,Varanasi,1,Good,42,SO2
2020-06-26,Varanasi,1,Good,50,SO2
2020-06-27,Mumbai,9,Good,50,"CO, PM10, SO2"
2020-06-27,Singrauli,1,Satisfactory,59,SO2
2020-06-27,Varanasi,1,Good,38,SO2
2020-06-28,Chandrapur,2,Good,24,"O3, SO2"
2020-06-28,Varanasi,1,Good,42,SO2
2020-06-29,Chandrapur,2,Good,36,"PM10, SO2"
2020-06-29,Mumbai,9,Good,36,"CO, PM10, SO2"
2020-06-29,Varanasi,1,Good,43,SO2
2020-06-30,Chandrapur,2,Good,42,"PM10, SO2"
2020-06-30,Mumbai,7,Good,33,"CO, NO2, SO2"
2020-06-30,Thane,1,Good,35,SO2
2020-07-01,Karnal,1,Satisfactory,75,SO2
2020-07-01,Mumbai,7,Good,31,"CO, PM10, SO2"
2020-07-01,Yadgir,1,Good,28,SO2
2020-07-02,Chandrapur,2,Good,28,"O3, SO2"
2020-07-02,Mumbai,8,Good,29,"CO, PM10, SO2"
2020-07-02,Yadgir,1,Good,27,SO2
2020-07-03,Mumbai,7,Good,34,"CO, PM10, SO2"
2020-07-04,Karnal,1,Satisfactory,80,SO2
2020-07-04,Mumbai,8,Good,28,"CO, PM10, SO2"
2020-07-05,Chandrapur,2,Good,22,"CO, SO2"
2020-07-05,Mumbai,7,Good,33,"CO, PM10, SO2"
2020-07-05,Singrauli,1,Satisfactory,57,SO2
2020-07-05,Varanasi,1,Satisfactory,51,SO2
2020-07-06,Mumbai,7,Satisfactory,56,"PM10, SO2"
2020-07-06,Varanasi,1,Good,48,SO2
2020-07-07,Agra,1,Satisfactory,53,SO2
2020-07-07,Jabalpur,1,Satisfactory,69,SO2
2020-07-07,Karnal,1,Satisfactory,74,SO2
2020-07-07,Mumbai,6,Good,38,"NO2, PM10, SO2"
2020-07-07,Varanasi,1,Good,37,SO2
2020-07-08,Mumbai,6,Good,38,"CO, PM10, SO2"
2020-07-08,Ramanagara,1,Good,29,SO2
2020-07-08,Singrauli,1,Satisfactory,80,SO2
2020-07-09,Mumbai,8,Good,45,"CO, PM10, SO2"
2020-07-09,Ramanagara,1,Good,28,SO2
2020-07-09,Singrauli,1,Good,45,SO2
2020-07-10,Mumbai,8,Good,48,"CO, PM10, SO2"
2020-07-10,Ramanagara,1,Good,26,SO2
2020-07-10,Singrauli,1,Good,38,SO2
2020-07-11,Mumbai,8,Good,45,"CO, PM10, SO2"
2020-07-11,Varanasi,1,Good,31,SO2
2020-07-12,Mumbai,8,Good,36,"CO, PM10, SO2"
2020-07-12,Navi Mumbai,1,Good,45,SO2
2020-07-13,Ankleshwar,1,Good,38,SO2
2020-07-13,Mumbai,7,Good,36,"CO, PM10, SO2"
2020-07-13,Ramanagara,1,Good,31,SO2
2020-07-13,Sonipat,1,Satisfactory,62,SO2
2020-07-13,Varanasi,1,Good,37,SO2
2020-07-14,Mumbai,8,Good,36,"PM10, PM2.5, SO2"
2020-07-14,Ramanagara,1,Good,29,SO2
2020-07-14,Varanasi,1,Good,38,SO2
2020-07-15,Chandrapur,2,Good,24,"CO, SO2"
2020-07-15,Guwahati,1,Good,20,SO2
2020-07-15,Mumbai,9,Good,31,"CO, NO2, SO2"
2020-07-15,Ramanagara,1,Good,31,SO2
2020-07-16,Chandrapur,2,Good,22,"CO, SO2"
2020-07-16,Mumbai,8,Good,33,"NO2, PM10, SO2"
2020-07-16,Ramanagara,1,Good,29,SO2
2020-07-17,Bhiwani,1,Satisfactory,70,SO2
2020-07-17,Mumbai,8,Good,34,"CO, NO2, SO2"
2020-07-17,Ramanagara,1,Good,27,SO2
2020-07-18,Bhiwani,1,Satisfactory,67,SO2
2020-07-18,Chandrapur,2,Good,26,"O3, SO2"
2020-07-18,Mumbai,8,Good,37,"CO, PM10, SO2"
2020-07-18,Ramanagara,1,Good,26,SO2
2020-07-19,Mumbai,8,Good,46,"CO, PM10, SO2"
2020-07-20,Chandrapur,1,Good,22,SO2
2020-07-20,Karnal,1,Satisfactory,96,SO2
2020-07-20,Mumbai,8,Good,47,"CO, PM10, SO2"
2020-07-20,Varanasi,1,Good,28,SO2
2020-07-21,Chandrapur,2,Good,24,"O3, SO2"
2020-07-21,Mumbai,7,Good,49,"CO, PM10, SO2"
2020-07-21,Varanasi,1,Good,32,SO2
2020-07-22,Mumbai,8,Satisfactory,54,"O3, PM10, SO2"
2020-07-23,Chandrapur,2,Good,20,"O3, SO2"
2020-07-23,Mumbai,7,Good,39,"NO2, PM10, SO2"
2020-07-24,Karnal,1,Satisfactory,54,SO2
2020-07-24,Mumbai,7,Good,50,"CO, O3, SO2"
2020-07-24,Ramanagara,1,Good,30,SO2
2020-07-25,Karnal,1,Satisfactory,100,SO2
2020-07-25,Mumbai,6,Good,44,"NO2, PM10, SO2"
2020-07-26,Karnal,1,Moderate,103,SO2
2020-07-26,Mumbai,7,Good,45,"PM10, PM2.5, SO2"
2020-07-27,Mumbai,7,Good,26,"CO, PM10, SO2"
2020-07-27,Ramanagara,1,Good,30,SO2
2020-07-28,Mumbai,6,Good,35,"CO, PM10, SO2"
2020-07-28,Patna,5,Good,47,"CO, PM10, SO2"
2020-07-28,Ramanagara,1,Good,30,SO2
2020-07-29,Karnal,1,Satisfactory,89,SO2
2020-07-29,Mumbai,7,Good,37,"CO, PM10, SO2"
2020-07-29,Patna,5,Good,36,"O3, PM10, SO2"
2020-07-29,Ramanagara,1,Good,30,SO2
2020-07-30,Karnal,1,Moderate,101,SO2
2020-07-30,Mumbai,6,Good,32,"CO, PM10, SO2"
2020-07-30,Ramanagara,1,Good,32,SO2
2020-07-31,Bhiwani,1,Satisfactory,75,SO2
2020-07-31,Kalaburagi,1,Good,16,SO2
2020-07-31,Karnal,1,Satisfactory,99,SO2
2020-07-31,Mumbai,7,Good,35,"CO, PM10, SO2"
2020-08-01,Karnal,1,Moderate,106,SO2
2020-08-01,Mumbai,7,Good,34,"CO, PM10, SO2"
2020-08-02,Mumbai,7,Good,27,"CO, PM10, SO2"
2020-08-03,Karnal,1,Satisfactory,66,SO2
2020-08-03,Mumbai,7,Good,26,"CO, PM10, SO2"
2020-08-04,Karnal,1,Satisfactory,71,SO2
2020-08-04,Mumbai,8,Good,25,"O3, PM10, SO2"
2020-08-04,Sonipat,1,Satisfactory,83,SO2
2020-08-05,Bhiwani,1,Satisfactory,77,SO2
2020-08-05,Karnal,1,Moderate,104,SO2
2020-08-05,Mumbai,8,Good,30,"CO, PM10, SO2"
2020-08-05,Shillong,1,Good,8,SO2
2020-08-06,Karnal,1,Satisfactory,100,SO2
2020-08-06,Mumbai,8,Good,36,"CO, O3, SO2"
2020-08-06,Singrauli,1,Good,43,SO2
2020-08-07,Karnal,1,Good,47,SO2
2020-08-07,Mumbai,9,Good,36,"CO, PM10, SO2"
2020-08-08,Mumbai,9,Good,49,"CO, PM10, SO2"
2020-08-09,Mumbai,10,Good,44,"CO, PM10, SO2"
2020-08-09,Singrauli,1,Good,45,SO2
2020-08-10,Kolkata,5,Good,33,"CO, PM10, SO2"
2020-08-10,Mumbai,10,Good,42,"CO, PM10, SO2"
2020-08-11,Mumbai,9,Good,41,"PM10, PM2.5, SO2"
2020-08-12,Mumbai,8,Good,38,"CO, PM10, SO2"
2020-08-13,Mumbai,6,Good,38,"PM10, SO2"
2020-08-13,Singrauli,1,Good,35,SO2
2020-08-14,Mumbai,8,Good,35,"PM10, SO2"
2020-08-14,Ratlam,1,Good,10,SO2
2020-08-15,Mumbai,7,Good,37,"PM10, SO2"
2020-08-16,Mumbai,8,Good,47,"PM10, SO2"
2020-08-16,Shillong,1,Good,7,SO2
2020-08-17,Mumbai,7,Good,43,"PM10, SO2"
2020-08-17,Shillong,1,Good,7,SO2
2020-08-17,Singrauli,1,Good,45,SO2
2020-08-18,Shillong,1,Good,8,SO2
2020-08-19,Mumbai,7,Good,33,"PM10, PM2.5, SO2"
2020-08-19,Ramanagara,1,Good,26,SO2
2020-08-19,Shillong,1,Good,8,SO2
2020-08-20,Jind,1,Good,38,SO2
2020-08-20,Mumbai,7,Good,41,"PM10, SO2"
2020-08-20,Shillong,1,Good,8,SO2
2020-08-21,Agra,1,Good,40,SO2
2020-08-21,Mumbai,9,Good,39,"CO, PM10, SO2"
2020-08-21,Ramanagara,1,Good,27,SO2
2020-08-22,Aizawl,1,Good,13,SO2
2020-08-22,Ramanagara,1,Good,27,SO2
2020-08-23,Aizawl,1,Good,14,SO2
2020-08-24,Noida,3,Good,47,"CO, SO2"
2020-08-25,Aizawl,1,Good,15,SO2
2020-08-25,Mumbai,9,Good,49,"CO, PM10, SO2"
2020-08-25,Noida,3,Good,47,"PM10, PM2.5, SO2"
2020-08-26,Aizawl,1,Good,15,SO2
2020-08-26,Mumbai,8,Good,36,"CO, NO2, SO2"
2020-08-27,Aizawl,1,Good,15,SO2
2020-08-28,Singrauli,1,Good,46,SO2
2020-08-29,Agra,1,Good,39,SO2
2020-08-30,Ramanagara,1,Good,28,SO2
2020-08-31,Ramanagara,1,Good,29,SO2
2020-09-02,Aizawl,1,Good,16,SO2
2020-09-02,Ramanagara,1,Good,28,SO2
2020-09-03,Pune,1,Satisfactory,60,SO2
2020-09-08,Aizawl,1,Good,18,SO2
2020-09-08,Ramanagara,1,Good,31,SO2
2020-09-09,Aizawl,1,Good,18,SO2
2020-09-09,Ramanagara,1,Good,31,SO2
2020-09-10,Aizawl,1,Good,19,SO2
2020-09-10,Ramanagara,1,Good,30,SO2
2020-09-11,Ramanagara,1,Good,31,SO2
2020-09-12,Ramanagara,1,Good,31,SO2
2020-09-12,Ratlam,1,Satisfactory,68,SO2
2020-09-13,Ramanagara,1,Good,30,SO2
2020-09-13,Ratlam,1,Satisfactory,70,SO2
2020-09-14,Ramanagara,1,Good,27,SO2
2020-09-15,Hyderabad,5,Good,34,"NO2, O3, SO2"
2020-09-15,Mumbai,8,Good,40,"CO, PM10, SO2"
2020-09-15,Ratlam,1,Satisfactory,66,SO2
2020-09-15,Sonipat,1,Satisfactory,63,SO2
2020-09-16,Mumbai,7,Good,39,"CO, PM10, SO2"
2020-09-16,Ramanagara,1,Good,24,SO2
2020-09-16,Ratlam,1,Satisfactory,66,SO2
2020-09-17,Aizawl,1,Good,20,SO2
2020-09-17,Mumbai,8,Good,40,"CO, PM10, SO2"
2020-09-17,Ratlam,1,Satisfactory,65,SO2
2020-09-18,Aizawl,1,Good,21,SO2
2020-09-18,Ramanagara,1,Good,23,SO2
2020-09-18,Ratlam,1,Satisfactory,68,SO2
2020-09-19,Aizawl,1,Good,21,SO2
2020-09-19,Ramanagara,1,Good,28,SO2
2020-09-19,Ratlam,1,Satisfactory,72,SO2
2020-09-20,Aizawl,1,Good,22,SO2
2020-09-20,Ramanagara,1,Good,28,SO2
2020-09-21,Aizawl,1,Good,22,SO2
2020-09-21,Ramanagara,1,Good,29,SO2
2020-09-21,Shillong,1,Good,12,SO2
2020-09-22,Ramanagara,1,Good,29,SO2
2020-09-22,Singrauli,1,Satisfactory,53,SO2
2020-09-23,Guwahati,1,Good,23,SO2
2020-09-23,Hyderabad,6,Good,34,"NO2, O3, SO2"
2020-09-24,Agra,1,Good,49,SO2
2020-09-24,Aizawl,1,Good,22,SO2
2020-09-25,Ratlam,1,Satisfactory,73,SO2
2020-09-26,Aizawl,1,Good,23,SO2
2020-09-26,Guwahati,1,Good,23,SO2
2020-09-26,Ratlam,1,Satisfactory,73,SO2
2020-09-27,Aizawl,1,Good,23,SO2
2020-09-27,Kolkata,6,Satisfactory,72,"O3, PM10, SO2"
2020-09-28,Aizawl,1,Good,23,SO2
2020-09-29,Aizawl,1,Good,23,SO2
2020-09-30,Aizawl,1,Good,24,SO2
2020-10-01,Aizawl,1,Good,24,SO2
2020-10-02,Aizawl,1,Good,24,SO2
2020-10-02,Ratlam,1,Satisfactory,77,SO2
2020-10-03,Chennai,4,Good,46,"PM10, PM2.5, SO2"
2020-10-04,Ramanagara,1,Good,29,SO2
2020-10-04,Ratlam,1,Satisfactory,81,SO2
2020-10-05,Ramanagara,1,Good,30,SO2
2020-10-05,Singrauli,1,Satisfactory,62,SO2
2020-10-15,Ramanagara,1,Good,32,SO2
2020-10-23,Guwahati,1,Good,24,SO2
2020-10-23,Ramanagara,1,Good,43,SO2
2020-10-24,Guwahati,1,Good,24,SO2
2020-10-24,Shillong,1,Good,9,SO2
2020-10-25,Guwahati,1,Good,24,SO2
2020-11-07,Ramanagara,1,Good,41,SO2
2020-11-10,Aizawl,1,Good,25,SO2
2020-11-16,Chennai,7,Good,40,"O3, PM2.5, SO2"
2020-11-16,Ramanagara,1,Good,34,SO2
2020-11-17,Ramanagara,1,Good,34,SO2
2020-11-18,Ramanagara,1,Good,34,SO2
2020-11-27,Panipat,1,Moderate,114,SO2
2020-12-04,Ramanagara,1,Good,33,SO2
2020-12-05,Ramanagara,1,Good,35,SO2
2020-12-08,Ramanagara,1,Good,24,SO2
2020-12-27,Aizawl,1,Good,12,SO2
2020-12-28,Aizawl,1,Good,11,SO2
2021-01-06,Jalandhar,1,Good,42,SO2
2021-01-07,Gadag,1,Good,28,SO2
2021-01-08,Gadag,1,Good,30,SO2
2021-01-08,Ramanagara,1,Good,32,SO2
2021-01-09,Gadag,1,Good,29,SO2
2021-01-19,Kolar,1,Good,49,SO2
2021-01-20,Kolar,1,Good,49,SO2
2021-01-21,Kolar,1,Good,47,SO2
2021-01-22,Kolar,1,Good,47,SO2
2021-01-31,Chandrapur,2,Satisfactory,70,"PM10, SO2"
2021-02-20,Chandigarh,1,Poor,227,SO2
2021-02-20,Kolar,1,Satisfactory,53,SO2
2021-02-20,Mysuru,1,Satisfactory,66,SO2
2021-02-20,Satna,1,Good,38,SO2
2021-02-21,Bengaluru,8,Good,47,"CO, PM10, SO2"
2021-02-21,Davanagere,1,Good,47,SO2
2021-02-21,Kolar,1,Good,45,SO2
2021-02-21,Rupnagar,1,Satisfactory,89,SO2
2021-02-21,Satna,1,Good,39,SO2
2021-02-22,Kolar,1,Good,47,SO2
2021-02-23,Gadag,1,Good,48,SO2
2021-02-23,Panipat,1,Satisfactory,89,SO2
2021-02-24,Panipat,1,Moderate,103,SO2
2021-02-27,Srinagar,1,Good,35,SO2
2021-03-09,Chennai,7,Satisfactory,76,"O3, PM2.5, SO2"
2021-03-10,Chennai,6,Good,50,"CO, O3, SO2"
2021-03-10,Kolar,1,Good,49,SO2
2021-03-12,Mandideep,1,Satisfactory,54,SO2
2021-03-13,Brajrajnagar,1,Satisfactory,100,SO2
2021-03-14,Brajrajnagar,1,Moderate,101,SO2
2021-03-15,Brajrajnagar,1,Satisfactory,94,SO2
2021-03-16,Chennai,8,Satisfactory,53,"PM10, PM2.5, SO2"
2021-03-24,Mangalore,1,Good,33,SO2
2021-03-28,Thrissur,1,Satisfactory,67,SO2
2021-03-31,Thrissur,1,Satisfactory,75,SO2
2021-04-01,Thrissur,1,Satisfactory,79,SO2
2021-04-02,Thrissur,1,Satisfactory,83,SO2
2021-04-03,Thrissur,1,Satisfactory,85,SO2
2021-04-07,Gadag,1,Satisfactory,83,SO2
2021-04-07,Thrissur,1,Satisfactory,99,SO2
2021-04-13,Gadag,1,Satisfactory,75,SO2
2021-04-13,Kolar,1,Satisfactory,56,SO2
2021-04-14,Gadag,1,Satisfactory,57,SO2
2021-04-16,Gadag,1,Satisfactory,61,SO2
2021-04-17,Gadag,1,Satisfactory,54,SO2
2021-04-18,Gadag,1,Satisfactory,60,SO2
2021-04-19,Gadag,1,Satisfactory,69,SO2
2021-04-20,Gadag,1,Satisfactory,75,SO2
2021-04-21,Gadag,1,Satisfactory,74,SO2
2021-04-24,Chennai,6,Good,42,"CO, PM10, SO2"
2021-04-24,Gadag,1,Satisfactory,87,SO2
2021-04-25,Chennai,6,Good,46,"CO, PM10, SO2"
2021-04-25,Gadag,1,Satisfactory,76,SO2
2021-04-27,Gadag,1,Satisfactory,84,SO2
2021-04-27,Thrissur,1,Satisfactory,61,SO2
2021-04-29,Gadag,1,Satisfactory,72,SO2
2021-04-29,Thrissur,1,Satisfactory,66,SO2
2021-04-30,Thrissur,1,Satisfactory,69,SO2
2021-05-01,Chennai,8,Satisfactory,64,"CO, PM10, SO2"
2021-05-01,Thrissur,1,Satisfactory,73,SO2
2021-05-02,Chennai,8,Good,48,"CO, O3, SO2"
2021-05-02,Thrissur,1,Satisfactory,77,SO2
2021-05-03,Thrissur,1,Satisfactory,80,SO2
2021-05-04,Amaravati,1,Good,22,SO2
2021-05-04,Chennai,8,Satisfactory,51,"O3, PM10, SO2"
2021-05-04,Thrissur,1,Satisfactory,83,SO2
2021-05-05,Chennai,7,Good,42,"CO, PM10, SO2"
2021-05-05,Gadag,1,Satisfactory,80,SO2
2021-05-05,Thrissur,1,Satisfactory,85,SO2
2021-05-06,Bengaluru,8,Satisfactory,61,"CO, PM10, SO2"
2021-05-06,Chennai,7,Good,43,"CO, PM10, SO2"
2021-05-06,Guwahati,2,Good,35,"O3, SO2"
2021-05-06,Thrissur,1,Satisfactory,70,SO2
2021-05-07,Amaravati,1,Good,19,SO2
2021-05-08,Amaravati,1,Good,21,SO2
2021-05-08,Chennai,8,Satisfactory,51,"CO, O3, SO2"
2021-05-08,Guwahati,2,Good,36,"PM10, SO2"
2021-05-08,Mandideep,1,Satisfactory,51,SO2
2021-05-08,Mumbai,14,Satisfactory,69,"PM10, PM2.5, SO2"
2021-05-09,Chennai,8,Satisfactory,56,"CO, O3, SO2"
2021-05-10,Amaravati,1,Good,17,SO2
2021-05-10,Chennai,7,Good,41,"CO, PM10, SO2"
2021-05-10,Mandideep,1,Good,34,SO2
2021-05-10,Mumbai,11,Satisfactory,68,"PM10, PM2.5, SO2"
2021-05-11,Mandideep,1,Satisfactory,64,SO2
2021-05-11,Mumbai,11,Satisfactory,67,"PM10, PM2.5, SO2"
2021-05-11,Naharlagun,1,Good,26,SO2
2021-05-12,Naharlagun,1,Good,27,SO2
2021-05-13,Guwahati,2,Good,40,"O3, SO2"
2021-05-13,Mumbai,16,Satisfactory,64,"PM10, SO2"
2021-05-13,Patna,5,Satisfactory,78,"NO2, O3, SO2"
2021-05-13,Shillong,1,Good,11,SO2
2021-05-14,Guwahati,2,Good,40,"PM2.5, SO2"
2021-05-14,Mandi Gobindgarh,1,Good,42,SO2
2021-05-14,Mangalore,1,Good,34,SO2
2021-05-14,Mumbai,15,Satisfactory,65,"PM10, SO2"
2021-05-14,Shillong,1,Good,10,SO2
2021-05-15,Guwahati,2,Good,49,"PM10, SO2"
2021-05-15,Mangalore,1,Good,34,SO2
2021-05-15,Mumbai,17,Satisfactory,85,"PM10, PM2.5, SO2"
2021-05-16,Amaravati,1,Good,17,SO2
2021-05-16,Guwahati,2,Good,46,"PM10, SO2"
2021-05-17,Madikeri,1,Good,31,SO2
2021-05-17,Mandideep,1,Good,37,SO2
2021-05-17,Mangalore,1,Good,33,SO2
2021-05-18,Guwahati,2,Good,44,"PM10, SO2"
2021-05-18,Mandideep,1,Good,45,SO2
2021-05-18,Mangalore,1,Good,33,SO2
2021-05-18,Patna,6,Moderate,115,"PM10, PM2.5, SO2"
2021-05-19,Guwahati,2,Good,40,"PM2.5, SO2"
2021-05-19,Mandideep,1,Satisfactory,61,SO2
2021-05-19,Naharlagun,1,Good,28,SO2
2021-05-19,Patna,5,Satisfactory,79,"O3, PM10, SO2"
2021-05-19,Singrauli,1,Satisfactory,70,SO2
2021-05-20,Mangalore,1,Good,34,SO2
2021-05-20,Panipat,1,Satisfactory,91,SO2
2021-05-21,Guwahati,1,Good,32,SO2
2021-05-21,Mangalore,1,Good,34,SO2
2021-05-21,Patna,5,Satisfactory,55,"O3, PM2.5, SO2"
2021-05-22,Guwahati,2,Good,44,"PM2.5, SO2"
2021-05-22,Madikeri,1,Good,33,SO2
2021-05-22,Mangalore,1,Good,34,SO2
2021-05-23,Patna,5,Satisfactory,90,"O3, PM10, SO2"
2021-05-24,Guwahati,2,Satisfactory,68,"PM10, SO2"
2021-05-25,Agartala,1,Good,22,SO2
2021-05-25,Guwahati,2,Satisfactory,54,"PM10, SO2"
2021-05-25,Kohima,1,Good,28,SO2
2021-05-26,Guwahati,2,Good,44,"PM10, SO2"
2021-05-26,Kohima,1,Good,29,SO2
2021-05-27,Chennai,5,Satisfactory,68,"PM10, SO2"
2021-05-27,Guwahati,1,Good,38,SO2
2021-05-27,Patna,5,Satisfactory,61,"PM10, PM2.5, SO2"
2021-05-28,Chennai,5,Satisfactory,65,"PM10, SO2"
2021-05-28,Gaya,1,Satisfactory,51,SO2
2021-05-28,Varanasi,1,Good,28,SO2
2021-05-29,Chennai,4,Satisfactory,67,"PM10, SO2"
2021-05-29,Guwahati,2,Satisfactory,65,"PM10, SO2"
2021-05-29,Madikeri,1,Good,29,SO2
2021-05-29,Varanasi,1,Good,27,SO2
2021-05-30,Chennai,4,Satisfactory,62,"PM10, SO2"
2021-05-30,Madikeri,1,Good,37,SO2
2021-05-31,Chennai,3,Satisfactory,60,"PM10, SO2"
2021-05-31,Guwahati,2,Satisfactory,56,"PM10, SO2"
2021-05-31,Madikeri,1,Good,42,SO2
2021-06-01,Chennai,4,Satisfactory,64,"CO, PM10, SO2"
2021-06-01,Guwahati,2,Good,42,SO2
2021-06-01,Madikeri,1,Good,35,SO2
2021-06-02,Chennai,4,Satisfactory,64,"CO, PM10, SO2"
2021-06-02,Gaya,1,Good,28,SO2
2021-06-02,Guwahati,2,Good,48,"PM10, SO2"
2021-06-02,Madikeri,1,Good,40,SO2
2021-06-02,Mumbai,15,Good,50,"CO, PM10, SO2"
2021-06-03,Madikeri,1,Good,42,SO2
2021-06-04,Mumbai,17,Good,46,"CO, PM10, SO2"
2021-06-05,Guwahati,2,Good,48,"PM10, SO2"
2021-06-06,Bidar,1,Good,29,SO2
2021-06-06,Guwahati,2,Good,42,SO2
2021-06-06,Mumbai,16,Good,49,"CO, PM10, SO2"
2021-06-07,Guwahati,2,Good,42,SO2
2021-06-07,Mumbai,14,Good,42,"CO, PM10, SO2"
2021-06-08,Guwahati,2,Good,42,SO2
2021-06-08,Mumbai,17,Good,49,"CO, O3, SO2"
2021-06-09,Davanagere,1,Good,23,SO2
2021-06-09,Guwahati,2,Good,44,"PM10, SO2"
2021-06-09,Mumbai,13,Good,39,"O3, PM10, SO2"
2021-06-10,Davanagere,1,Good,23,SO2
2021-06-10,Guwahati,2,Satisfactory,54,"PM10, SO2"
2021-06-10,Hubballi,1,Good,46,SO2
2021-06-10,Mumbai,14,Good,33,"CO, PM10, SO2"
2021-06-11,Agartala,1,Good,21,SO2
2021-06-11,Gaya,2,Satisfactory,64,"CO, SO2"
2021-06-11,Guwahati,2,Good,46,"PM10, SO2"
2021-06-11,Hubballi,1,Good,40,SO2
2021-06-11,Mumbai,16,Good,45,"CO, PM10, SO2"
2021-06-11,Thrissur,1,Good,49,SO2
2021-06-12,Agartala,1,Good,22,SO2
2021-06-12,Bidar,1,Good,24,SO2
2021-06-12,Davanagere,1,Good,23,SO2
2021-06-12,Guwahati,2,Good,42,SO2
2021-06-12,Hapur,1,Good,27,SO2
2021-06-12,Mumbai,17,Good,34,"CO, NO2, SO2"
2021-06-12,Navi Mumbai,3,Satisfactory,86,"NO2, PM10, SO2"
2021-06-12,Thrissur,1,Satisfactory,53,SO2
2021-06-13,Agartala,1,Good,22,SO2
2021-06-13,Aizawl,1,Good,10,SO2
2021-06-13,Bidar,1,Good,30,SO2
2021-06-13,Davanagere,1,Good,23,SO2
2021-06-13,Guwahati,2,Good,44,"PM10, SO2"
2021-06-13,Hapur,1,Good,23,SO2
2021-06-13,Kohima,1,Good,29,SO2
2021-06-13,Mumbai,17,Good,41,"CO, PM10, SO2"
2021-06-13,Thrissur,1,Satisfactory,57,SO2
2021-06-14,Davanagere,1,Good,23,SO2
2021-06-14,Gaya,2,Satisfactory,52,"CO, SO2"
2021-06-14,Guwahati,2,Good,44,SO2
2021-06-14,Hapur,1,Good,24,SO2
2021-06-14,Hyderabad,4,Good,32,"NO2, PM2.5, SO2"
2021-06-14,Lucknow,4,Satisfactory,51,"CO, SO2"
2021-06-14,Madikeri,1,Good,35,SO2
2021-06-14,Thrissur,1,Satisfactory,60,SO2
2021-06-15,Agartala,1,Good,22,SO2
2021-06-15,Aizawl,1,Good,11,SO2
2021-06-15,Bengaluru,9,Good,36,"NO2, PM10, SO2"
2021-06-15,Bidar,1,Good,26,SO2
2021-06-15,Guwahati,2,Good,44,SO2
2021-06-15,Naharlagun,1,Good,31,SO2
2021-06-15,Thrissur,1,Satisfactory,62,SO2
2021-06-16,Aizawl,1,Good,11,SO2
2021-06-16,Guwahati,2,Good,45,SO2
2021-06-16,Madikeri,1,Good,33,SO2
2021-06-16,Mumbai,18,Good,41,"CO, PM2.5, SO2"
2021-06-16,Naharlagun,1,Good,31,SO2
2021-06-16,Thrissur,1,Satisfactory,66,SO2
2021-06-17,Bidar,1,Good,25,SO2
2021-06-17,Guwahati,2,Good,44,SO2
2021-06-17,Kohima,1,Good,30,SO2
2021-06-17,Thrissur,1,Satisfactory,67,SO2
2021-06-18,Guwahati,2,Good,50,"PM10, SO2"
2021-06-18,Hapur,1,Good,25,SO2
2021-06-18,Kohima,1,Good,30,SO2
2021-06-18,Madikeri,1,Good,30,SO2
2021-06-18,Naharlagun,1,Good,31,SO2
2021-06-18,Thrissur,1,Satisfactory,70,SO2
2021-06-19,Gaya,2,Satisfactory,52,"CO, SO2"
2021-06-19,Guwahati,2,Good,44,SO2
2021-06-19,Hapur,1,Good,24,SO2
2021-06-19,Thrissur,1,Satisfactory,73,SO2
2021-06-19,Varanasi,1,Good,28,SO2
2021-06-20,Agartala,1,Good,21,SO2
2021-06-20,Aizawl,1,Good,9,SO2
2021-06-20,Gaya,2,Satisfactory,51,"CO, SO2"
2021-06-20,Guwahati,1,Good,34,SO2
2021-06-20,Kohima,1,Good,30,SO2
2021-06-20,Meerut,3,Good,30,"NO2, PM10, SO2"
2021-06-20,Thrissur,1,Satisfactory,75,SO2
2021-06-21,Agartala,1,Good,21,SO2
2021-06-21,Chennai,7,Satisfactory,81,"PM10, PM2.5, SO2"
2021-06-21,Guwahati,1,Good,34,SO2
2021-06-21,Hapur,1,Good,25,SO2
2021-06-21,Kohima,1,Good,30,SO2
2021-06-21,Naharlagun,1,Good,31,SO2
2021-06-21,Panipat,1,Satisfactory,63,SO2
2021-06-22,Chennai,8,Satisfactory,70,"CO, PM10, SO2"
2021-06-22,Gadag,1,Satisfactory,62,SO2
2021-06-22,Guwahati,2,Good,43,SO2
2021-06-23,Brajrajnagar,1,Good,44,SO2
2021-06-23,Gadag,1,Satisfactory,58,SO2
2021-06-23,Guwahati,2,Good,46,"O3, SO2"
2021-06-23,Kohima,1,Good,30,SO2
2021-06-24,Brajrajnagar,1,Good,40,SO2
2021-06-24,Guwahati,2,Good,50,"PM10, SO2"
2021-06-25,Singrauli,1,Good,40,SO2
2021-06-26,Guwahati,2,Satisfactory,54,"PM10, SO2"
2021-06-27,Guwahati,2,Good,44,"PM10, SO2"
2021-06-28,Guwahati,2,Good,42,SO2
2021-06-28,Kohima,1,Good,32,SO2
2021-06-29,Gadag,1,Satisfactory,69,SO2
2021-06-29,Guwahati,2,Good,42,SO2
2021-06-30,Gadag,1,Satisfactory,70,SO2
2021-06-30,Guwahati,2,Good,42,SO2
2021-06-30,Naharlagun,1,Good,33,SO2
2021-07-01,Aizawl,1,Good,11,SO2
2021-07-01,Gadag,1,Satisfactory,53,SO2
2021-07-01,Guwahati,2,Good,48,"O3, SO2"
2021-07-01,Kohima,1,Good,30,SO2
2021-07-01,Talcher,1,Moderate,117,SO2
2021-07-02,Guwahati,2,Good,46,"O3, SO2"
2021-07-03,Guwahati,2,Good,45,SO2
2021-07-04,Agartala,1,Good,22,SO2
2021-07-04,Aizawl,1,Good,13,SO2
2021-07-04,Davanagere,1,Good,50,SO2
2021-07-04,Guwahati,2,Good,46,"PM10, SO2"
2021-07-05,Agartala,1,Good,22,SO2
2021-07-05,Aizawl,1,Good,14,SO2
2021-07-05,Chennai,8,Satisfactory,51,"CO, PM10, SO2"
2021-07-05,Davanagere,1,Good,45,SO2
2021-07-05,Guwahati,2,Good,46,SO2
2021-07-05,Kohima,1,Good,32,SO2
2021-07-05,Mumbai,21,Satisfactory,64,"PM10, SO2"
2021-07-05,Ramanagara,1,Good,30,SO2
2021-07-06,Chennai,8,Good,47,"PM10, SO2"
2021-07-06,Guwahati,2,Satisfactory,58,"PM10, SO2"
2021-07-06,Naharlagun,1,Good,33,SO2
2021-07-07,Chennai,7,Satisfactory,55,"CO, PM10, SO2"
2021-07-07,Guwahati,2,Good,46,"PM10, SO2"
2021-07-07,Kohima,1,Good,32,SO2
2021-07-08,Aizawl,1,Good,14,SO2
2021-07-08,Gadag,1,Good,39,SO2
2021-07-08,Guwahati,2,Good,40,SO2
2021-07-09,Agartala,1,Good,22,SO2
2021-07-09,Guwahati,2,Good,41,SO2
2021-07-10,Gadag,1,Satisfactory,60,SO2
2021-07-10,Guwahati,2,Good,48,"PM10, SO2"
2021-07-10,Kohima,1,Good,32,SO2
2021-07-10,Pune,6,Satisfactory,76,"CO, PM10, SO2"
2021-07-10,Ramanagara,1,Good,31,SO2
2021-07-11,Aizawl,1,Good,13,SO2
2021-07-11,Guwahati,2,Good,42,SO2
2021-07-11,Mumbai,16,Good,50,"CO, O3, SO2"
2021-07-11,Pune,5,Satisfactory,79,"CO, PM10, SO2"
2021-07-12,Aizawl,1,Good,14,SO2
2021-07-12,Guwahati,2,Good,40,SO2
2021-07-12,Mumbai,18,Good,40,"CO, PM10, SO2"
2021-07-13,Guwahati,2,Good,42,"O3, SO2"
2021-07-13,Hyderabad,5,Good,29,"CO, NO2, SO2"
2021-07-13,Pune,5,Satisfactory,65,"CO, PM10, SO2"
2021-07-13,Ramanagara,1,Good,31,SO2
2021-07-14,Guwahati,2,Good,44,SO2
2021-07-14,Kaithal,1,Satisfactory,94,SO2
2021-07-14,Kohima,1,Good,32,SO2
2021-07-14,Pune,5,Satisfactory,76,"CO, PM2.5, SO2"
2021-07-14,Ramanagara,1,Good,30,SO2
2021-07-15,Gadag,1,Satisfactory,77,SO2
2021-07-15,Guwahati,2,Good,43,SO2
2021-07-15,Hyderabad,5,Good,30,"CO, NO2, SO2"
2021-07-15,Kaithal,1,Good,50,SO2
2021-07-15,Kohima,1,Good,32,SO2
2021-07-15,Mumbai,16,Good,42,"CO, O3, SO2"
2021-07-15,Ramanagara,1,Good,30,SO2
2021-07-15,Shillong,1,Good,13,SO2
2021-07-16,Gadag,1,Satisfactory,82,SO2
2021-07-16,Ghaziabad,4,Satisfactory,85,"PM10, SO2"
2021-07-16,Guwahati,2,Good,44,SO2
2021-07-16,Hyderabad,5,Good,30,"NO2, PM10, SO2"
2021-07-16,Kaithal,1,Satisfactory,57,SO2
2021-07-16,Shillong,1,Good,14,SO2
2021-07-17,Agartala,1,Good,23,SO2
2021-07-17,Gadag,1,Satisfactory,100,SO2
2021-07-17,Guwahati,2,Good,46,"PM10, SO2"
2021-07-17,Kohima,1,Good,32,SO2
2021-07-17,Shillong,1,Good,12,SO2
2021-07-18,Agartala,1,Good,24,SO2
2021-07-18,Aizawl,1,Good,15,SO2
2021-07-18,Gadag,1,Good,49,SO2
2021-07-18,Guwahati,2,Good,45,"PM10, SO2"
2021-07-18,Kohima,1,Good,32,SO2
2021-07-18,Shillong,1,Good,11,SO2
2021-07-19,Agartala,1,Good,23,SO2
2021-07-19,Guwahati,1,Good,34,SO2
2021-07-19,Pune,4,Satisfactory,88,"CO, SO2"
2021-07-19,Shillong,1,Good,11,SO2
2021-07-20,Agartala,1,Good,23,SO2
2021-07-20,Aizawl,1,Good,16,SO2
2021-07-20,Gadag,1,Good,48,SO2
2021-07-20,Guwahati,1,Good,34,SO2
2021-07-20,Madikeri,1,Good,21,SO2
2021-07-20,Pune,6,Satisfactory,72,"CO, PM2.5, SO2"
2021-07-20,Shillong,1,Good,12,SO2
2021-07-21,Agartala,1,Good,23,SO2
2021-07-21,Gadag,1,Good,46,SO2
2021-07-21,Guwahati,2,Good,46,SO2
2021-07-21,Hassan,1,Good,29,SO2
2021-07-21,Kalaburagi,1,Good,19,SO2
2021-07-21,Shillong,1,Good,13,SO2
2021-07-22,Aizawl,1,Good,17,SO2
2021-07-22,Guwahati,2,Good,48,"PM10, SO2"
2021-07-22,Hassan,1,Good,34,SO2
2021-07-22,Kaithal,1,Satisfactory,76,SO2
2021-07-22,Karnal,1,Moderate,138,SO2
2021-07-22,Kohima,1,Good,33,SO2
2021-07-22,Shillong,1,Good,12,SO2
2021-07-23,Agartala,1,Good,23,SO2
2021-07-23,Guwahati,2,Good,47,SO2
2021-07-23,Kohima,1,Good,33,SO2
2021-07-23,Naharlagun,1,Good,35,SO2
2021-07-23,Shillong,1,Good,13,SO2
2021-07-24,Agartala,1,Good,23,SO2
2021-07-24,Guwahati,2,Good,46,SO2
2021-07-24,Madikeri,1,Good,23,SO2
2021-07-24,Shillong,1,Good,14,SO2
2021-07-24,Varanasi,4,Good,30,"O3, PM10, SO2"
2021-07-25,Gadag,1,Good,20,SO2
2021-07-25,Guwahati,1,Good,35,SO2
2021-07-25,Kohima,1,Good,32,SO2
2021-07-25,Madikeri,1,Good,22,SO2
2021-07-26,Bhopal,1,Good,33,SO2
2021-07-26,Gadag,1,Good,28,SO2
2021-07-26,Guwahati,1,Good,35,SO2
2021-07-26,Karnal,1,Satisfactory,82,SO2
2021-07-26,Kohima,1,Good,33,SO2
2021-07-26,Madikeri,1,Good,21,SO2
2021-07-26,Shillong,1,Good,13,SO2
2021-07-27,Agartala,1,Good,23,SO2
2021-07-27,Gadag,1,Good,36,SO2
2021-07-27,Guwahati,2,Good,48,SO2
2021-07-27,Kohima,1,Good,33,SO2
2021-07-27,Madikeri,1,Good,21,SO2
2021-07-27,Shillong,1,Good,13,SO2
2021-07-27,Thrissur,1,Good,45,SO2
2021-07-28,Agartala,1,Good,24,SO2
2021-07-28,Gadag,1,Good,37,SO2
2021-07-28,Guwahati,2,Good,50,"PM10, SO2"
2021-07-28,Kohima,1,Good,33,SO2
2021-07-28,Madikeri,1,Good,22,SO2
2021-07-28,Shillong,1,Good,14,SO2
2021-07-28,Thrissur,1,Good,46,SO2
2021-07-29,Agartala,1,Good,23,SO2
2021-07-29,Gadag,1,Good,25,SO2
2021-07-29,Guwahati,2,Good,46,SO2
2021-07-29,Kohima,1,Good,33,SO2
2021-07-29,Naharlagun,1,Good,35,SO2
2021-07-29,Shillong,1,Good,13,SO2
2021-07-29,Thrissur,1,Good,49,SO2
2021-07-30,Agartala,1,Good,24,SO2
2021-07-30,Gadag,1,Good,19,SO2
2021-07-30,Guwahati,2,Good,46,SO2
2021-07-30,Kohima,1,Good,33,SO2
2021-07-30,Madikeri,1,Good,21,SO2
2021-07-30,Thrissur,1,Satisfactory,52,SO2
2021-07-31,Agartala,1,Good,23,SO2
2021-07-31,Guwahati,2,Good,46,SO2
2021-07-31,Kohima,1,Good,34,SO2
2021-07-31,Madikeri,1,Good,21,SO2
2021-07-31,Naharlagun,1,Good,35,SO2
2021-07-31,Noida,4,Good,50,"CO, O3, SO2"
2021-07-31,Shillong,1,Good,13,SO2
2021-07-31,Thrissur,1,Satisfactory,54,SO2
2021-08-01,Guwahati,2,Good,46,SO2
2021-08-01,Karnal,1,Satisfactory,98,SO2
2021-08-01,Kohima,1,Good,33,SO2
2021-08-01,Kolar,1,Good,44,SO2
2021-08-01,Madikeri,1,Good,21,SO2
2021-08-01,Shillong,1,Good,13,SO2
2021-08-01,Thrissur,1,Satisfactory,56,SO2
2021-08-01,Vatva,1,Satisfactory,95,SO2
2021-08-02,Brajrajnagar,1,Good,45,SO2
2021-08-02,Guwahati,2,Good,49,"PM10, SO2"
2021-08-02,Karnal,1,Satisfactory,87,SO2
2021-08-02,Kohima,1,Good,33,SO2
2021-08-02,Madikeri,1,Good,21,SO2
2021-08-02,Shillong,1,Good,12,SO2
2021-08-02,Thrissur,1,Satisfactory,59,SO2
2021-08-03,Aizawl,1,Good,17,SO2
2021-08-03,Guwahati,2,Good,50,SO2
2021-08-03,Madikeri,1,Good,22,SO2
2021-08-03,Shillong,1,Good,12,SO2
2021-08-03,Thrissur,1,Satisfactory,60,SO2
2021-08-03,Vatva,1,Satisfactory,94,SO2
2021-08-04,Guwahati,2,Satisfactory,52,"PM10, SO2"
2021-08-04,Kalaburagi,1,Good,23,SO2
2021-08-04,Karnal,1,Satisfactory,66,SO2
2021-08-04,Kolar,1,Good,47,SO2
2021-08-04,Madikeri,1,Good,22,SO2
2021-08-04,Noida,4,Satisfactory,60,"CO, O3, SO2"
2021-08-04,Shillong,1,Good,13,SO2
2021-08-04,Thrissur,1,Satisfactory,63,SO2
2021-08-05,Aizawl,1,Good,18,SO2
2021-08-05,Gadag,1,Good,20,SO2
2021-08-05,Guwahati,2,Satisfactory,52,SO2
2021-08-05,Karnal,1,Moderate,111,SO2
2021-08-05,Madikeri,1,Good,23,SO2
2021-08-05,Thrissur,1,Satisfactory,66,SO2
2021-08-06,Aizawl,1,Good,18,SO2
2021-08-06,Guwahati,2,Satisfactory,60,"PM10, SO2"
2021-08-06,Karnal,1,Satisfactory,95,SO2
2021-08-06,Shillong,1,Good,13,SO2
2021-08-06,Thrissur,1,Satisfactory,69,SO2
2021-08-07,Agartala,1,Good,23,SO2
2021-08-07,Bidar,1,Moderate,101,SO2
2021-08-07,Gadag,1,Good,21,SO2
2021-08-07,Guwahati,2,Good,50,SO2
2021-08-07,Karnal,1,Satisfactory,91,SO2
2021-08-07,Kolar,1,Good,45,SO2
2021-08-07,Madikeri,1,Good,45,SO2
2021-08-07,Naharlagun,1,Good,36,SO2
2021-08-07,Shillong,1,Good,11,SO2
2021-08-07,Thrissur,1,Satisfactory,73,SO2
2021-08-08,Agartala,1,Good,23,SO2
2021-08-08,Aizawl,1,Good,17,SO2
2021-08-08,Bidar,1,Moderate,111,SO2
2021-08-08,Gadag,1,Good,21,SO2
2021-08-08,Guwahati,2,Good,50,SO2
2021-08-08,Karnal,1,Moderate,124,SO2
2021-08-08,Naharlagun,1,Good,36,SO2
2021-08-08,Thrissur,1,Satisfactory,75,SO2
2021-08-09,Agartala,1,Good,23,SO2
2021-08-09,Aizawl,1,Good,17,SO2
2021-08-09,Bidar,1,Satisfactory,98,SO2
2021-08-09,Gadag,1,Good,31,SO2
2021-08-09,Guwahati,2,Satisfactory,51,SO2
2021-08-09,Karnal,1,Moderate,121,SO2
2021-08-09,Kohima,1,Good,33,SO2
2021-08-09,Naharlagun,1,Good,36,SO2
2021-08-09,Shillong,1,Good,12,SO2
2021-08-09,Thrissur,1,Satisfactory,80,SO2
2021-08-10,Aizawl,1,Good,19,SO2
2021-08-10,Bidar,1,Satisfactory,94,SO2
2021-08-10,Gadag,1,Good,26,SO2
2021-08-10,Guwahati,2,Satisfactory,56,"PM2.5, SO2"
2021-08-10,Thrissur,1,Satisfactory,84,SO2
2021-08-11,Bidar,1,Satisfactory,86,SO2
2021-08-11,Gadag,1,Good,23,SO2
2021-08-11,Guwahati,2,Satisfactory,61,"PM10, SO2"
2021-08-11,Karnal,1,Satisfactory,70,SO2
2021-08-11,Naharlagun,1,Good,37,SO2
2021-08-11,Thrissur,1,Satisfactory,84,SO2
2021-08-12,Bidar,1,Satisfactory,75,SO2
2021-08-12,Guwahati,2,Satisfactory,52,SO2
2021-08-12,Karnal,1,Satisfactory,77,SO2
2021-08-12,Naharlagun,1,Good,37,SO2
2021-08-12,Thrissur,1,Satisfactory,87,SO2
2021-08-13,Aizawl,1,Good,19,SO2
2021-08-13,Guwahati,2,Satisfactory,52,SO2
2021-08-13,Naharlagun,1,Good,37,SO2
2021-08-13,Thrissur,1,Satisfactory,88,SO2
2021-08-14,Aizawl,1,Good,18,SO2
2021-08-14,Bidar,1,Satisfactory,67,SO2
2021-08-14,Guwahati,2,Satisfactory,58,"PM10, SO2"
2021-08-14,Naharlagun,1,Good,37,SO2
2021-08-15,Aizawl,1,Good,18,SO2
2021-08-15,Bidar,1,Satisfactory,63,SO2
2021-08-15,Kolar,1,Good,46,SO2
2021-08-15,Shillong,1,Good,16,SO2
2021-08-16,Agartala,1,Good,23,SO2
2021-08-16,Bidar,1,Satisfactory,57,SO2
2021-08-16,Kohima,1,Good,34,SO2
2021-08-16,Shillong,1,Good,17,SO2
2021-08-17,Agartala,1,Good,23,SO2
2021-08-17,Bidar,1,Satisfactory,64,SO2
2021-08-17,Guwahati,1,Good,39,SO2
2021-08-17,Karnal,1,Satisfactory,97,SO2
2021-08-17,Kolar,1,Good,47,SO2
2021-08-17,Pune,7,Satisfactory,67,"CO, SO2"
2021-08-17,Shillong,1,Good,17,SO2
2021-08-17,Thrissur,1,Satisfactory,95,SO2
2021-08-18,Agartala,1,Good,23,SO2
2021-08-18,Aizawl,1,Good,18,SO2
2021-08-18,Gadag,1,Good,19,SO2
2021-08-18,Guwahati,2,Satisfactory,55,SO2
2021-08-18,Kalaburagi,1,Good,22,SO2
2021-08-18,Naharlagun,1,Good,37,SO2
2021-08-18,Thrissur,1,Satisfactory,98,SO2
2021-08-19,Agartala,1,Good,23,SO2
2021-08-19,Aizawl,1,Good,18,SO2
2021-08-19,Guwahati,2,Satisfactory,54,SO2
2021-08-19,Hyderabad,6,Good,44,"CO, NO2, SO2"
2021-08-19,Kolar,1,Good,47,SO2
2021-08-19,Naharlagun,1,Good,37,SO2
2021-08-19,Singrauli,1,Satisfactory,62,SO2
2021-08-20,Agartala,1,Good,23,SO2
2021-08-20,Aizawl,1,Good,18,SO2
2021-08-20,Guwahati,2,Satisfactory,54,SO2
2021-08-20,Kolar,1,Good,48,SO2
2021-08-20,Naharlagun,1,Good,38,SO2
2021-08-20,Shillong,1,Good,16,SO2
2021-08-21,Aizawl,1,Good,19,SO2
2021-08-21,Bidar,1,Satisfactory,60,SO2
2021-08-21,Guwahati,2,Satisfactory,53,SO2
2021-08-21,Kaithal,1,Satisfactory,84,SO2
2021-08-21,Karnal,1,Satisfactory,54,SO2
2021-08-21,Mumbai,19,Good,40,"CO, PM10, SO2"
2021-08-21,Naharlagun,1,Good,38,SO2
2021-08-21,Shillong,1,Good,14,SO2
2021-08-21,Talcher,1,Good,27,SO2
2021-08-22,Aizawl,1,Good,19,SO2
2021-08-22,Guwahati,2,Satisfactory,54,SO2
2021-08-22,Kaithal,1,Moderate,102,SO2
2021-08-22,Kolar,1,Good,45,SO2
2021-08-22,Panipat,1,Satisfactory,57,SO2
2021-08-23,Aizawl,1,Good,19,SO2
2021-08-23,Guwahati,2,Satisfactory,58,"PM10, SO2"
2021-08-23,Kolar,1,Good,49,SO2
2021-08-23,Panipat,1,Satisfactory,56,SO2
2021-08-23,Pune,4,Satisfactory,60,"CO, SO2"
2021-08-23,Shillong,1,Good,15,SO2
2021-08-24,Aizawl,1,Good,20,SO2
2021-08-24,Guwahati,2,Satisfactory,56,"PM2.5, SO2"
2021-08-24,Kolar,1,Satisfactory,51,SO2
2021-08-24,Naharlagun,1,Good,38,SO2
2021-08-24,Pune,6,Satisfactory,74,"CO, PM2.5, SO2"
2021-08-25,Aizawl,1,Good,20,SO2
2021-08-25,Gadag,1,Good,29,SO2
2021-08-25,Guwahati,2,Satisfactory,63,"PM2.5, SO2"
2021-08-25,Naharlagun,1,Good,39,SO2
2021-08-26,Aizawl,1,Good,20,SO2
2021-08-26,Gadag,1,Good,27,SO2
2021-08-26,Guwahati,2,Satisfactory,58,"PM2.5, SO2"
2021-08-26,Shillong,1,Good,16,SO2
2021-08-27,Aizawl,1,Good,20,SO2
2021-08-27,Bidar,1,Satisfactory,52,SO2
2021-08-27,Gadag,1,Good,24,SO2
2021-08-27,Guwahati,2,Satisfactory,53,SO2
2021-08-27,Naharlagun,1,Good,38,SO2
2021-08-28,Agartala,1,Good,24,SO2
2021-08-28,Aizawl,1,Good,21,SO2
2021-08-28,Guwahati,2,Satisfactory,52,SO2
2021-08-28,Naharlagun,1,Good,38,SO2
2021-08-28,Shillong,1,Good,15,SO2
2021-08-29,Guwahati,2,Satisfactory,59,"PM10, SO2"
2021-08-29,Naharlagun,1,Good,38,SO2
2021-08-29,Shillong,1,Good,16,SO2
2021-08-30,Agartala,1,Good,24,SO2
2021-08-30,Aizawl,1,Good,20,SO2
2021-08-30,Guwahati,2,Satisfactory,58,"PM2.5, SO2"
2021-08-30,Naharlagun,1,Good,39,SO2
2021-08-30,Pune,5,Satisfactory,81,"CO, SO2"
2021-08-30,Shillong,1,Good,17,SO2
2021-08-31,Ahmedabad,9,Satisfactory,58,"NO2, PM10, SO2"
2021-08-31,Aizawl,1,Good,21,SO2
2021-08-31,Chennai,7,Satisfactory,62,"CO, PM10, SO2"
2021-08-31,Guwahati,2,Satisfactory,56,SO2
2021-08-31,Noida,3,Satisfactory,58,"CO, PM10, SO2"
2021-08-31,Panipat,1,Satisfactory,61,SO2
2021-09-01,Aizawl,1,Good,21,SO2
2021-09-01,Bidar,1,Good,49,SO2
2021-09-01,Chennai,7,Satisfactory,71,"CO, PM10, SO2"
2021-09-01,Guwahati,2,Satisfactory,60,"PM10, SO2"
2021-09-01,Pune,6,Satisfactory,70,"CO, PM2.5, SO2"
2021-09-01,Shillong,1,Good,16,SO2
2021-09-01,Vapi,1,Good,20,SO2
2021-09-02,Aizawl,1,Good,21,SO2
2021-09-02,Bidar,1,Good,47,SO2
2021-09-02,Guwahati,2,Satisfactory,62,"PM10, SO2"
2021-09-02,Kohima,1,Good,35,SO2
2021-09-02,Panipat,1,Satisfactory,64,SO2
2021-09-02,Shillong,1,Good,15,SO2
2021-09-02,Vapi,1,Good,21,SO2
2021-09-03,Aizawl,1,Good,21,SO2
2021-09-03,Bidar,1,Good,49,SO2
2021-09-03,Kohima,1,Good,35,SO2
2021-09-03,Naharlagun,1,Good,40,SO2
2021-09-03,Panipat,1,Satisfactory,60,SO2
2021-09-03,Pune,7,Satisfactory,59,"CO, SO2"
2021-09-03,Shillong,1,Good,15,SO2
2021-09-04,Guwahati,2,Moderate,110,"PM10, SO2"
2021-09-04,Hyderabad,6,Good,38,"NO2, PM2.5, SO2"
2021-09-04,Naharlagun,1,Good,40,SO2
2021-09-04,Panipat,1,Satisfactory,66,SO2
2021-09-04,Shillong,1,Good,15,SO2
2021-09-05,Aizawl,1,Good,22,SO2
2021-09-05,Guwahati,1,Satisfactory,89,SO2
2021-09-05,Hyderabad,6,Good,38,"NO2, PM10, SO2"
2021-09-05,Panipat,1,Satisfactory,64,SO2
2021-09-05,Shillong,1,Good,15,SO2
2021-09-06,Aizawl,1,Good,22,SO2
2021-09-06,Guwahati,1,Satisfactory,89,SO2
2021-09-06,Hyderabad,6,Good,38,"CO, NO2, SO2"
2021-09-06,Shillong,1,Good,16,SO2
2021-09-07,Bidar,1,Good,47,SO2
2021-09-07,Guwahati,2,Satisfactory,58,SO2
2021-09-07,Hyderabad,5,Good,38,"CO, NO2, SO2"
2021-09-07,Shillong,1,Good,15,SO2
2021-09-08,Aizawl,1,Good,21,SO2
2021-09-08,Bidar,1,Good,46,SO2
2021-09-08,Guwahati,1,Satisfactory,77,SO2
2021-09-08,Hassan,1,Good,34,SO2
2021-09-08,Naharlagun,1,Good,40,SO2
2021-09-08,Shillong,1,Good,16,SO2
2021-09-08,Varanasi,4,Good,36,"CO, PM10, SO2"
2021-09-09,Aizawl,1,Good,21,SO2
2021-09-09,Bidar,1,Good,50,SO2
2021-09-09,Guwahati,1,Satisfactory,76,SO2
2021-09-09,Naharlagun,1,Good,38,SO2
2021-09-09,Shillong,1,Good,15,SO2
2021-09-10,Bidar,1,Good,46,SO2
2021-09-10,Guwahati,2,Satisfactory,72,"PM10, SO2"
2021-09-10,Kohima,1,Good,37,SO2
2021-09-10,Kolar,1,Good,46,SO2
2021-09-10,Mangalore,1,Good,37,SO2
2021-09-10,Naharlagun,1,Good,41,SO2
2021-09-10,Shillong,1,Good,14,SO2
2021-09-11,Aizawl,1,Good,22,SO2
2021-09-11,Bidar,1,Good,48,SO2
2021-09-11,Guwahati,2,Satisfactory,60,"PM10, SO2"
2021-09-11,Kohima,1,Good,40,SO2
2021-09-11,Lucknow,6,Satisfactory,62,"CO, PM10, SO2"
2021-09-11,Mandikhera,1,Good,26,SO2
2021-09-11,Shillong,1,Good,14,SO2
2021-09-12,Agartala,1,Good,23,SO2
2021-09-12,Aizawl,1,Good,23,SO2
2021-09-12,Bidar,1,Good,44,SO2
2021-09-12,Guwahati,2,Satisfactory,72,"PM10, SO2"
2021-09-12,Hyderabad,6,Good,34,"CO, NO2, SO2"
2021-09-12,Karnal,1,Good,22,SO2
2021-09-12,Lucknow,6,Satisfactory,59,"CO, PM10, SO2"
2021-09-12,Panipat,1,Satisfactory,56,SO2
2021-09-12,Pune,4,Satisfactory,70,"CO, PM2.5, SO2"
2021-09-12,Shillong,1,Good,14,SO2
2021-09-13,Aizawl,1,Good,23,SO2
2021-09-13,Durgapur,1,Good,24,SO2
2021-09-13,Guwahati,2,Satisfactory,76,"PM10, SO2"
2021-09-13,Hyderabad,6,Good,32,"CO, NO2, SO2"
2021-09-13,Shillong,1,Good,15,SO2
2021-09-14,Agartala,1,Good,24,SO2
2021-09-14,Aizawl,1,Good,23,SO2
2021-09-14,Guwahati,1,Satisfactory,88,SO2
2021-09-14,Kohima,1,Good,36,SO2
2021-09-14,Panipat,1,Satisfactory,55,SO2
2021-09-14,Pune,6,Satisfactory,70,"CO, PM2.5, SO2"
2021-09-14,Shillong,1,Good,17,SO2
2021-09-14,Singrauli,1,Satisfactory,90,SO2
2021-09-15,Guwahati,2,Satisfactory,66,SO2
2021-09-15,Mandideep,1,Satisfactory,68,SO2
2021-09-15,Pune,6,Satisfactory,64,"CO, PM2.5, SO2"
2021-09-15,Shillong,1,Good,16,SO2
2021-09-16,Dewas,1,Good,27,SO2
2021-09-16,Guwahati,2,Satisfactory,66,"PM10, SO2"
2021-09-16,Kohima,1,Good,36,SO2
2021-09-16,Prayagraj,3,Good,22,"NO2, PM10, SO2"
2021-09-17,Guwahati,2,Satisfactory,65,"PM10, SO2"
2021-09-17,Noida,4,Satisfactory,57,"CO, NO2, SO2"
2021-09-17,Pune,4,Satisfactory,73,"CO, PM2.5, SO2"
2021-09-18,Agartala,1,Good,23,SO2
2021-09-18,Guwahati,2,Satisfactory,60,SO2
2021-09-18,Noida,4,Satisfactory,64,"CO, PM10, SO2"
2021-09-19,Agartala,1,Good,24,SO2
2021-09-19,Guwahati,2,Satisfactory,58,SO2
2021-09-19,Kohima,1,Good,35,SO2
2021-09-19,Noida,3,Satisfactory,67,"PM10, SO2"
2021-09-20,Guwahati,2,Satisfactory,72,"PM10, SO2"
2021-09-20,Kohima,1,Good,36,SO2
2021-09-21,Aizawl,1,Good,21,SO2
2021-09-21,Guwahati,2,Satisfactory,64,SO2
2021-09-22,Aizawl,1,Good,22,SO2
2021-09-22,Guwahati,2,Satisfactory,59,SO2
2021-09-22,Mandikhera,1,Good,26,SO2
2021-09-22,Panipat,1,Good,46,SO2
2021-09-22,Shillong,1,Good,15,SO2
2021-09-23,Aizawl,1,Good,23,SO2
2021-09-23,Guwahati,2,Satisfactory,76,"PM10, SO2"
2021-09-23,Naharlagun,1,Good,41,SO2
2021-09-23,Noida,4,Satisfactory,60,"CO, PM10, SO2"
2021-09-23,Panipat,1,Good,50,SO2
2021-09-23,Pune,7,Satisfactory,66,"CO, SO2"
2021-09-23,Shillong,1,Good,16,SO2
2021-09-24,Aizawl,1,Good,23,SO2
2021-09-24,Guwahati,2,Satisfactory,70,"PM10, SO2"
2021-09-24,Panipat,1,Satisfactory,51,SO2
2021-09-24,Pune,7,Satisfactory,74,"CO, SO2"
2021-09-24,Shillong,1,Good,16,SO2
2021-09-25,Aizawl,1,Good,25,SO2
2021-09-25,Guwahati,1,Satisfactory,97,SO2
2021-09-25,Shillong,1,Good,15,SO2
2021-09-25,Thrissur,1,Satisfactory,61,SO2
2021-09-26,Aizawl,1,Good,24,SO2
2021-09-26,Guwahati,2,Satisfactory,82,"PM10, SO2"
2021-09-26,Kohima,1,Good,37,SO2
2021-09-26,Noida,4,Satisfactory,67,"CO, O3, SO2"
2021-09-26,Pune,6,Satisfactory,65,"CO, PM2.5, SO2"
2021-09-26,Shillong,1,Good,15,SO2
2021-09-26,Thrissur,1,Satisfactory,64,SO2
2021-09-27,Aizawl,1,Good,24,SO2
2021-09-27,Guwahati,2,Satisfactory,76,"PM10, SO2"
2021-09-27,Kohima,1,Good,35,SO2
2021-09-27,Shillong,1,Good,18,SO2
2021-09-27,Thrissur,1,Satisfactory,68,SO2
2021-09-28,Aizawl,1,Good,24,SO2
2021-09-28,Guwahati,2,Satisfactory,68,SO2
2021-09-28,Hyderabad,5,Good,38,"CO, NO2, SO2"
2021-09-28,Shillong,1,Good,19,SO2
2021-09-28,Yadgir,1,Good,33,SO2
2021-09-29,Ahmedabad,9,Satisfactory,59,"CO, PM10, SO2"
2021-09-29,Guwahati,2,Satisfactory,66,"PM10, SO2"
2021-09-29,Hyderabad,5,Good,33,"NO2, SO2"
2021-09-29,Noida,4,Satisfactory,79,"CO, PM10, SO2"
2021-09-29,Shillong,1,Good,18,SO2
2021-09-30,Ahmedabad,9,Satisfactory,52,"CO, PM10, SO2"
2021-09-30,Bengaluru,9,Satisfactory,63,"CO, PM10, SO2"
2021-09-30,Guwahati,2,Satisfactory,78,"PM10, SO2"
2021-09-30,Shillong,1,Good,18,SO2
2021-09-30,Thrissur,1,Satisfactory,74,SO2
2021-09-30,Yadgir,1,Good,30,SO2
2021-10-01,Aizawl,1,Good,23,SO2
2021-10-01,Guwahati,2,Satisfactory,76,"PM10, SO2"
2021-10-01,Shillong,1,Good,16,SO2
2021-10-01,Thrissur,1,Satisfactory,77,SO2
2021-10-02,Aizawl,1,Good,24,SO2
2021-10-02,Guwahati,2,Satisfactory,78,"PM10, SO2"
2021-10-02,Hassan,1,Good,28,SO2
2021-10-02,Shillong,1,Good,17,SO2
2021-10-02,Thrissur,1,Satisfactory,80,SO2
2021-10-02,Varanasi,3,Good,22,"CO, NO2, SO2"
2021-10-02,Yadgir,1,Good,31,SO2
2021-10-03,Aizawl,1,Good,24,SO2
2021-10-03,Guwahati,2,Satisfactory,79,"PM10, SO2"
2021-10-03,Thrissur,1,Satisfactory,74,SO2
2021-10-03,Yadgir,1,Good,38,SO2
2021-10-04,Aizawl,1,Good,24,SO2
2021-10-04,Guwahati,1,Good,37,SO2
2021-10-04,Pune,6,Satisfactory,72,"CO, PM2.5, SO2"
2021-10-04,Varanasi,4,Good,40,"PM10, SO2"
2021-10-04,Yadgir,1,Good,37,SO2
2021-10-05,Aizawl,1,Good,25,SO2
2021-10-05,Guwahati,2,Satisfactory,64,SO2
2021-10-05,Kohima,1,Good,36,SO2
2021-10-05,Shillong,1,Good,16,SO2
2021-10-05,Talcher,1,Moderate,104,SO2
2021-10-05,Yadgir,1,Good,36,SO2
2021-10-06,Aizawl,1,Good,25,SO2
2021-10-06,Guwahati,2,Satisfactory,66,"PM10, SO2"
2021-10-06,Mumbai,17,Satisfactory,74,"PM10, PM2.5, SO2"
2021-10-06,Pune,5,Satisfactory,76,"CO, PM2.5, SO2"
2021-10-06,Shillong,1,Good,15,SO2
2021-10-06,Talcher,1,Satisfactory,58,SO2
2021-10-06,Yadgir,1,Good,32,SO2
2021-10-07,Aizawl,1,Good,25,SO2
2021-10-07,Guwahati,2,Satisfactory,93,"PM10, SO2"
2021-10-07,Pune,5,Satisfactory,62,"CO, PM10, SO2"
2021-10-07,Yadgir,1,Good,27,SO2
2021-10-08,Guwahati,2,Satisfactory,91,"PM10, SO2"
2021-10-08,Pune,6,Satisfactory,70,"CO, PM2.5, SO2"
2021-10-08,Yadgir,1,Good,27,SO2
2021-10-09,Bidar,1,Good,40,SO2
2021-10-09,Guwahati,2,Moderate,101,"PM2.5, SO2"
2021-10-09,Pune,6,Satisfactory,64,"CO, PM2.5, SO2"
2021-10-10,Guwahati,2,Satisfactory,76,"PM2.5, SO2"
2021-10-10,Pune,5,Satisfactory,58,"CO, PM2.5, SO2"
2021-10-10,Shillong,1,Good,17,SO2
2021-10-10,Yadgir,1,Good,41,SO2
2021-10-11,Aizawl,1,Good,30,SO2
2021-10-11,Guwahati,2,Satisfactory,98,"PM10, SO2"
2021-10-11,Shillong,1,Good,18,SO2
2021-10-12,Aizawl,1,Good,30,SO2
2021-10-12,Guwahati,2,Satisfactory,100,"PM10, SO2"
2021-10-12,Shillong,1,Good,20,SO2
2021-10-12,Srinagar,1,Good,18,SO2
2021-10-13,Aizawl,1,Good,29,SO2
2021-10-13,Guwahati,2,Satisfactory,96,"PM10, SO2"
2021-10-14,Aizawl,1,Good,27,SO2
2021-10-14,Guwahati,2,Satisfactory,87,"PM10, SO2"
2021-10-15,Aizawl,1,Good,27,SO2
2021-10-15,Guwahati,2,Satisfactory,100,"PM10, SO2"
2021-10-16,Guwahati,2,Satisfactory,82,"PM10, SO2"
2021-10-17,Agartala,1,Good,26,SO2
2021-10-17,Aizawl,1,Good,26,SO2
2021-10-17,Guwahati,2,Satisfactory,75,"PM10, SO2"
2021-10-18,Agartala,1,Good,26,SO2
2021-10-18,Agra,4,Good,28,"PM10, SO2"
2021-10-18,Aizawl,1,Good,26,SO2
2021-10-18,Guwahati,2,Satisfactory,80,"PM10, SO2"
2021-10-18,Mandideep,1,Satisfactory,53,SO2
2021-10-19,Gorakhpur,1,Good,17,SO2
2021-10-19,Guwahati,2,Satisfactory,64,SO2
2021-10-20,Agartala,1,Good,26,SO2
2021-10-20,Guwahati,2,Satisfactory,62,SO2
2021-10-20,Kohima,1,Good,37,SO2
2021-10-21,Guwahati,2,Satisfactory,64,SO2
2021-10-21,Kohima,1,Good,36,SO2
2021-10-21,Shillong,1,Good,18,SO2
2021-10-22,Guwahati,2,Satisfactory,75,"PM10, SO2"
2021-10-25,Mumbai,12,Satisfactory,58,"CO, PM10, SO2"
2021-10-28,Guwahati,2,Satisfactory,98,"PM2.5, SO2"
2021-10-29,Guwahati,2,Moderate,112,"PM10, SO2"
2021-10-29,Shillong,1,Good,11,SO2
2021-10-30,Guwahati,2,Moderate,104,"PM10, SO2"
2021-10-30,Kolar,1,Good,40,SO2
2021-10-30,Naharlagun,1,Good,46,SO2
2021-10-30,Shillong,1,Good,13,SO2
2021-10-31,Hassan,1,Good,22,SO2
2021-10-31,Shillong,1,Good,12,SO2
2021-11-01,Kolar,1,Good,44,SO2
2021-11-01,Shillong,1,Good,13,SO2
2021-11-02,Guwahati,2,Moderate,106,"PM10, SO2"
2021-11-02,Kolar,1,Good,40,SO2
2021-11-03,Guwahati,2,Moderate,106,"PM10, SO2"
2021-11-03,Hassan,1,Good,20,SO2
2021-11-03,Kolar,1,Good,40,SO2
2021-11-03,Yadgir,1,Good,32,SO2
2021-11-04,Gadag,1,Good,29,SO2
2021-11-04,Kolar,1,Good,41,SO2
2021-11-05,Kolar,1,Good,41,SO2
2021-11-06,Shillong,1,Good,12,SO2
2021-11-07,Chennai,6,Good,49,"CO, O3, SO2"
2021-11-07,Shillong,1,Good,11,SO2
2021-11-09,Shillong,1,Good,12,SO2
2021-11-10,Shillong,1,Good,13,SO2
2021-11-13,Kolar,1,Good,39,SO2
2021-11-14,Aizawl,1,Good,13,SO2
2021-11-14,Chennai,6,Satisfactory,58,"CO, PM2.5, SO2"
2021-11-14,Pune,2,Moderate,196,"PM2.5, SO2"
2021-11-14,Yadgir,1,Good,35,SO2
2021-11-15,Chennai,5,Satisfactory,52,"CO, SO2"
2021-11-15,Kolar,1,Good,39,SO2
2021-11-16,Chennai,6,Satisfactory,64,"CO, PM10, SO2"
2021-11-16,Gadag,1,Good,22,SO2
2021-11-16,Hassan,1,Good,25,SO2
2021-11-17,Kolar,1,Good,40,SO2
2021-11-17,Yadgir,1,Good,24,SO2
2021-11-18,Chennai,8,Good,40,"CO, PM10, SO2"
2021-11-18,Kolar,1,Good,42,SO2
2021-11-18,Shillong,1,Good,12,SO2
2021-11-18,Yadgir,1,Good,33,SO2
2021-11-19,Aizawl,1,Good,44,SO2
2021-11-19,Chennai,8,Good,39,"CO, SO2"
2021-11-19,Pune,2,Satisfactory,91,"CO, SO2"
2021-11-20,Aizawl,1,Good,25,SO2
2021-11-20,Yadgir,1,Good,24,SO2
2021-11-21,Chandrapur,2,Good,36,"O3, SO2"
2021-11-21,Yadgir,1,Good,29,SO2
2021-11-23,Hassan,1,Good,19,SO2
2021-11-23,Yadgir,1,Good,31,SO2
2021-11-28,Chennai,8,Good,36,"CO, O3, SO2"
2021-11-30,Kolar,1,Good,40,SO2
2021-12-01,Shillong,1,Good,21,SO2
2021-12-02,Shillong,1,Good,21,SO2
2021-12-03,Shillong,1,Good,22,SO2
2021-12-04,Chikkamagaluru,1,Good,31,SO2
2021-12-04,Shillong,1,Good,24,SO2
2021-12-05,Pune,3,Satisfactory,84,"PM2.5, SO2"
2021-12-05,Shillong,1,Good,26,SO2
2021-12-06,Shillong,1,Good,28,SO2
2021-12-07,Agartala,1,Good,27,SO2
2021-12-07,Shillong,1,Good,24,SO2
2021-12-09,Gandhinagar,3,Satisfactory,90,"PM10, SO2"
2021-12-09,Mandideep,1,Satisfactory,67,SO2
2021-12-09,Shillong,1,Good,22,SO2
2021-12-10,Kolar,1,Good,42,SO2
2021-12-10,Shillong,1,Good,23,SO2
2021-12-12,Kolar,1,Good,42,SO2
2021-12-13,Kolar,1,Good,41,SO2
2021-12-13,Shillong,1,Good,21,SO2
2021-12-14,Shillong,1,Good,24,SO2
2021-12-15,Shillong,1,Good,22,SO2
2021-12-29,Gandhinagar,3,Satisfactory,59,"PM2.5, SO2"
2021-12-30,Gandhinagar,3,Satisfactory,63,"PM10, PM2.5, SO2"
2022-01-07,Chennai,8,Satisfactory,61,"CO, PM10, SO2"
2022-01-07,Gandhinagar,3,Satisfactory,69,"PM10, PM2.5, SO2"
2022-01-08,Chennai,7,Good,42,"CO, PM10, SO2"
2022-01-08,Gandhinagar,3,Satisfactory,55,"PM10, SO2"
2022-01-08,Pune,2,Satisfactory,94,"PM2.5, SO2"
2022-01-09,Faridabad,3,Satisfactory,74,"CO, SO2"
2022-01-09,Gandhinagar,3,Satisfactory,74,"PM10, SO2"
2022-01-10,Gandhinagar,3,Satisfactory,84,"PM10, PM2.5, SO2"
2022-01-10,Pune,2,Satisfactory,90,"PM2.5, SO2"
2022-01-11,Gandhinagar,3,Satisfactory,65,"PM10, SO2"
2022-01-11,Kolar,1,Satisfactory,52,SO2
2022-01-11,Pune,3,Satisfactory,94,"PM2.5, SO2"
2022-01-12,Chandrapur,2,Good,40,"O3, SO2"
2022-01-12,Gandhinagar,3,Satisfactory,86,"PM10, PM2.5, SO2"
2022-01-12,Kolar,1,Good,47,SO2
2022-01-14,Gandhinagar,3,Satisfactory,81,"PM10, SO2"
2022-01-14,Mandideep,1,Satisfactory,95,SO2
2022-01-16,Gandhinagar,3,Satisfactory,75,"PM10, SO2"
2022-01-17,Gandhinagar,3,Moderate,110,"PM2.5, SO2"
2022-01-21,Pune,3,Satisfactory,93,"PM2.5, SO2"
2022-01-26,Pune,2,Moderate,198,"PM2.5, SO2"
2022-01-27,Kolar,1,Satisfactory,51,SO2
2022-01-27,Naharlagun,1,Satisfactory,56,SO2
2022-01-30,Maihar,1,Good,17,SO2
2022-02-05,Agartala,1,Satisfactory,85,SO2
2022-02-05,Gorakhpur,1,Good,33,SO2
2022-02-05,Maihar,1,Good,17,SO2
2022-02-10,Mandideep,1,Satisfactory,73,SO2
2022-02-11,Udupi,1,Satisfactory,52,SO2
2022-02-15,Mandideep,1,Satisfactory,73,SO2
2022-02-16,Udupi,1,Satisfactory,88,SO2
2022-02-21,Naharlagun,1,Satisfactory,57,SO2
2022-02-28,Agra,6,Satisfactory,68,"PM10, SO2"
2022-03-01,Agra,6,Satisfactory,100,"O3, PM10, SO2"
2022-03-02,Agra,5,Moderate,118,"PM10, PM2.5, SO2"
2022-03-04,Talcher,1,Satisfactory,79,SO2
2022-03-12,Srinagar,1,Good,45,SO2
2022-03-18,Coimbatore,1,Satisfactory,85,SO2
2022-03-19,Coimbatore,1,Satisfactory,86,SO2
2022-03-20,Coimbatore,1,Satisfactory,86,SO2
2022-03-21,Coimbatore,1,Satisfactory,86,SO2
2022-03-22,Coimbatore,1,Satisfactory,76,SO2
2022-03-22,Talcher,1,Moderate,112,SO2
2022-03-24,Talcher,1,Satisfactory,54,SO2
2022-03-25,Agartala,2,Satisfactory,90,"PM10, SO2"
2022-03-26,Agartala,2,Satisfactory,83,"PM10, SO2"
2022-03-26,Naharlagun,1,Satisfactory,61,SO2
2022-03-27,Agartala,2,Satisfactory,86,"PM10, SO2"
2022-03-27,Naharlagun,1,Satisfactory,61,SO2
2022-03-28,Agartala,2,Satisfactory,96,"PM2.5, SO2"
2022-03-31,Agartala,2,Satisfactory,74,"PM2.5, SO2"
2022-03-31,Navi Mumbai,3,Moderate,159,"O3, PM10, SO2"
2022-04-01,Agartala,2,Satisfactory,78,"PM10, SO2"
2022-04-01,Navi Mumbai,2,Moderate,128,"PM10, SO2"
2022-04-02,Agartala,2,Satisfactory,77,"PM10, SO2"
2022-04-07,Naharlagun,1,Satisfactory,61,SO2
2022-04-09,Agartala,2,Satisfactory,82,"PM10, SO2"
2022-04-09,Naharlagun,1,Satisfactory,64,SO2
2022-04-10,Kolar,1,Satisfactory,55,SO2
2022-04-12,Kolar,1,Satisfactory,57,SO2
2022-04-14,Ramanagara,1,Good,32,SO2
2022-04-17,Coimbatore,1,Good,23,SO2
2022-04-18,Agra,5,Moderate,135,"PM10, SO2"
2022-04-19,Agra,6,Moderate,154,"PM10, PM2.5, SO2"
2022-04-19,Chennai,7,Good,45,"CO, PM10, SO2"
2022-04-19,Imphal,1,Satisfactory,71,SO2
2022-04-20,Imphal,2,Satisfactory,64,"PM10, SO2"
2022-04-21,Imphal,2,Satisfactory,65,"PM10, SO2"
2022-04-22,Imphal,2,Satisfactory,58,"PM10, SO2"
2022-04-23,Imphal,2,Satisfactory,64,"PM10, SO2"
2022-04-23,Kolar,1,Satisfactory,60,SO2
2022-04-24,Imphal,2,Satisfactory,78,"PM10, SO2"
2022-04-25,Imphal,2,Satisfactory,88,"PM10, SO2"
2022-04-26,Imphal,2,Satisfactory,95,"PM10, SO2"
2022-04-29,Imphal,1,Satisfactory,74,SO2
2022-04-30,Gandhinagar,3,Moderate,119,"PM10, PM2.5, SO2"
2022-04-30,Naharlagun,1,Satisfactory,63,SO2
2022-05-01,Naharlagun,1,Satisfactory,63,SO2
2022-05-02,Naharlagun,1,Satisfactory,64,SO2
2022-05-04,Kohima,1,Good,47,SO2
2022-05-05,Imphal,1,Satisfactory,72,SO2
2022-05-06,Imphal,1,Satisfactory,74,SO2
2022-05-07,Imphal,1,Satisfactory,76,SO2
2022-05-07,Naharlagun,1,Satisfactory,65,SO2
2022-05-08,Gorakhpur,1,Good,39,SO2
2022-05-08,Imphal,1,Satisfactory,77,SO2
2022-05-08,Naharlagun,1,Satisfactory,65,SO2
2022-05-09,Imphal,1,Satisfactory,78,SO2
2022-05-09,Naharlagun,1,Satisfactory,69,SO2
2022-05-10,Gorakhpur,1,Good,40,SO2
2022-05-10,Imphal,1,Satisfactory,77,SO2
2022-05-10,Naharlagun,1,Satisfactory,67,SO2
2022-05-11,Agartala,2,Good,40,"PM10, SO2"
2022-05-11,Gorakhpur,1,Good,41,SO2
2022-05-11,Imphal,1,Satisfactory,76,SO2
2022-05-11,Kohima,1,Good,47,SO2
2022-05-12,Agartala,2,Satisfactory,56,"PM10, SO2"
2022-05-12,Gadag,1,Good,29,SO2
2022-05-12,Gorakhpur,1,Good,42,SO2
2022-05-12,Imphal,1,Good,32,SO2
2022-05-12,Kohima,1,Good,49,SO2
2022-05-13,Gummidipoondi,1,Good,13,SO2
2022-05-13,Imphal,2,Satisfactory,56,"PM10, SO2"
2022-05-13,Kohima,1,Good,49,SO2
2022-05-14,Imphal,2,Satisfactory,60,"PM10, SO2"
2022-05-14,Kohima,1,Good,48,SO2
2022-05-15,Imphal,2,Satisfactory,58,"PM2.5, SO2"
2022-05-17,Imphal,2,Satisfactory,57,"PM10, SO2"
2022-05-17,Ramanagara,1,Good,28,SO2
2022-05-18,Imphal,2,Satisfactory,62,"PM10, SO2"
2022-05-18,Kohima,1,Good,47,SO2
2022-05-18,Naharlagun,1,Satisfactory,69,SO2
2022-05-18,Ramanagara,1,Good,30,SO2
2022-05-19,Imphal,2,Satisfactory,62,"O3, SO2"
2022-05-19,Madikeri,1,Good,22,SO2
2022-05-19,Naharlagun,1,Satisfactory,65,SO2
2022-05-19,Ramanagara,1,Good,30,SO2
2022-05-20,Imphal,2,Satisfactory,59,"PM10, SO2"
2022-05-20,Naharlagun,1,Satisfactory,65,SO2
2022-05-22,Agartala,2,Satisfactory,94,"PM10, SO2"
2022-05-22,Imphal,2,Satisfactory,57,SO2
2022-05-23,Imphal,2,Satisfactory,72,"PM10, SO2"
2022-05-23,Ramanagara,1,Good,27,SO2
2022-05-24,Ballabgarh,1,Satisfactory,63,SO2
2022-05-24,Faridabad,1,Satisfactory,77,SO2
2022-05-24,Gadag,1,Good,26,SO2
2022-05-24,Imphal,2,Satisfactory,76,"PM10, SO2"
2022-05-24,Naharlagun,1,Satisfactory,66,SO2
2022-05-25,Imphal,2,Satisfactory,68,"PM10, SO2"
2022-05-25,Naharlagun,1,Satisfactory,67,SO2
2022-05-25,Varanasi,4,Satisfactory,75,"O3, SO2"
2022-05-26,Imphal,2,Satisfactory,65,"PM10, SO2"
2022-05-31,Imphal,2,Satisfactory,66,"PM10, SO2"
2022-06-01,Aizawl,1,Good,32,SO2
2022-06-01,Imphal,2,Satisfactory,78,"PM10, SO2"
2022-06-01,Kohima,1,Good,50,SO2
2022-06-01,Naharlagun,1,Satisfactory,68,SO2
2022-06-01,Ramanagara,1,Good,30,SO2
2022-06-02,Agartala,2,Satisfactory,64,"PM10, SO2"
2022-06-02,Imphal,2,Satisfactory,63,SO2
2022-06-02,Kohima,1,Satisfactory,51,SO2
2022-06-02,Naharlagun,1,Satisfactory,66,SO2
2022-06-03,Imphal,1,Satisfactory,85,SO2
2022-06-03,Kohima,1,Satisfactory,53,SO2
2022-06-04,Imphal,1,Satisfactory,85,SO2
2022-06-04,Talcher,1,Moderate,101,SO2
2022-06-05,Imphal,1,Satisfactory,87,SO2
2022-06-06,Imphal,1,Satisfactory,88,SO2
2022-06-06,Pune,6,Satisfactory,88,"CO, PM2.5, SO2"
2022-06-07,Gorakhpur,1,Good,44,SO2
2022-06-07,Imphal,2,Satisfactory,83,"PM10, SO2"
2022-06-07,Pune,6,Satisfactory,84,"CO, PM2.5, SO2"
2022-06-07,Ramanagara,1,Good,30,SO2
2022-06-08,Imphal,2,Satisfactory,80,"PM10, SO2"
2022-06-08,Pune,5,Satisfactory,82,"O3, PM2.5, SO2"
2022-06-08,Ramanagara,1,Good,30,SO2
2022-06-08,Talcher,1,Satisfactory,69,SO2
2022-06-09,Ahmedabad,8,Satisfactory,90,"PM10, PM2.5, SO2"
2022-06-09,Imphal,2,Satisfactory,78,"PM10, SO2"
2022-06-09,Ramanagara,1,Good,28,SO2
2022-06-10,Imphal,2,Satisfactory,81,"PM10, SO2"
2022-06-10,Ramanagara,1,Good,31,SO2
2022-06-11,Chennai,8,Satisfactory,69,"CO, PM10, SO2"
2022-06-11,Imphal,2,Satisfactory,70,"PM10, SO2"
2022-06-11,Pune,5,Satisfactory,79,"CO, SO2"
2022-06-11,Ramanagara,1,Good,29,SO2
2022-06-12,Imphal,2,Satisfactory,82,"PM10, SO2"
2022-06-12,Ramanagara,1,Good,29,SO2
2022-06-13,Pune,4,Satisfactory,72,"CO, SO2"
2022-06-13,Ramanagara,1,Good,28,SO2
2022-06-14,Pune,6,Satisfactory,76,"CO, SO2"
2022-06-15,Imphal,1,Good,43,SO2
2022-06-15,Madikeri,1,Good,32,SO2
2022-06-15,Pune,6,Satisfactory,80,"CO, PM2.5, SO2"
2022-06-16,Aizawl,1,Good,19,SO2
2022-06-16,Gorakhpur,1,Good,46,SO2
2022-06-16,Madikeri,1,Good,43,SO2
2022-06-16,Mumbai,17,Satisfactory,51,"CO, PM10, SO2"
2022-06-16,Pune,4,Satisfactory,75,"CO, SO2"
2022-06-17,Aizawl,1,Good,19,SO2
2022-06-17,Gorakhpur,1,Good,46,SO2
2022-06-17,Imphal,2,Satisfactory,66,SO2
2022-06-17,Kohima,1,Good,50,SO2
2022-06-17,Madikeri,1,Good,40,SO2
2022-06-17,Prayagraj,3,Satisfactory,51,"PM10, SO2"
2022-06-17,Ramanagara,1,Good,29,SO2
2022-06-17,Vrindavan,1,Good,39,SO2
2022-06-18,Aizawl,1,Good,19,SO2
2022-06-18,Imphal,2,Satisfactory,65,SO2
2022-06-18,Kohima,1,Good,50,SO2
2022-06-18,Mumbai,17,Satisfactory,60,"O3, PM10, SO2"
2022-06-18,Prayagraj,3,Satisfactory,54,"PM10, SO2"
2022-06-18,Pune,5,Satisfactory,80,"CO, O3, SO2"
2022-06-18,Srinagar,1,Satisfactory,56,SO2
2022-06-19,Gorakhpur,1,Good,45,SO2
2022-06-19,Imphal,2,Satisfactory,65,SO2
2022-06-19,Kohima,1,Good,49,SO2
2022-06-19,Prayagraj,3,Good,50,"PM10, SO2"
2022-06-19,Pune,4,Satisfactory,76,"CO, PM2.5, SO2"
2022-06-19,Ramanagara,1,Good,30,SO2
2022-06-19,Vrindavan,1,Good,39,SO2
2022-06-20,Gorakhpur,1,Good,45,SO2
2022-06-20,Imphal,2,Satisfactory,66,SO2
2022-06-20,Madikeri,1,Good,33,SO2
2022-06-20,Mumbai,14,Good,44,"CO, PM10, SO2"
2022-06-20,Pune,4,Satisfactory,81,"CO, PM2.5, SO2"
2022-06-20,Srinagar,1,Satisfactory,57,SO2
2022-06-20,Vrindavan,1,Good,40,SO2
2022-06-21,Agartala,2,Good,24,"PM10, SO2"
2022-06-21,Aizawl,1,Good,19,SO2
2022-06-21,Gorakhpur,1,Good,45,SO2
2022-06-21,Imphal,2,Satisfactory,66,SO2
2022-06-21,Kohima,1,Good,50,SO2
2022-06-21,Madikeri,1,Good,23,SO2
2022-06-21,Mumbai,14,Good,48,"CO, PM10, SO2"
2022-06-21,Prayagraj,2,Good,44,SO2
2022-06-21,Srinagar,1,Good,45,SO2
2022-06-22,Aizawl,1,Good,20,SO2
2022-06-22,Imphal,2,Satisfactory,69,SO2
2022-06-22,Madikeri,1,Good,32,SO2
2022-06-22,Mumbai,17,Satisfactory,58,"CO, O3, SO2"
2022-06-22,Ramanagara,1,Good,27,SO2
2022-06-23,Agartala,2,Good,28,"PM10, SO2"
2022-06-23,Imphal,2,Satisfactory,70,SO2
2022-06-23,Kohima,1,Satisfactory,53,SO2
2022-06-23,Pune,4,Satisfactory,85,"CO, SO2"
2022-06-24,Agartala,2,Good,26,"PM10, SO2"
2022-06-24,Gorakhpur,1,Good,45,SO2
2022-06-24,Imphal,1,Satisfactory,93,SO2
2022-06-24,Mumbai,14,Good,48,"CO, PM10, SO2"
2022-06-24,Prayagraj,2,Satisfactory,53,"PM10, SO2"
2022-06-24,Pune,5,Satisfactory,75,"CO, SO2"
2022-06-25,Gorakhpur,1,Good,45,SO2
2022-06-25,Imphal,1,Satisfactory,94,SO2
2022-06-25,Kohima,1,Satisfactory,56,SO2
2022-06-25,Mumbai,13,Good,49,"CO, SO2"
2022-06-25,Pune,5,Satisfactory,70,"CO, PM2.5, SO2"
2022-06-26,Gorakhpur,1,Good,45,SO2
2022-06-26,Imphal,1,Satisfactory,95,SO2
2022-06-26,Kohima,1,Satisfactory,52,SO2
2022-06-26,Mumbai,13,Satisfactory,55,"CO, SO2"
2022-06-26,Pune,5,Satisfactory,74,"CO, SO2"
2022-06-27,Gorakhpur,1,Good,45,SO2
2022-06-27,Imphal,1,Satisfactory,95,SO2
2022-06-27,Mumbai,11,Satisfactory,54,"CO, SO2"
2022-06-27,Prayagraj,2,Satisfactory,61,"PM10, SO2"
2022-06-27,Pune,4,Satisfactory,83,"CO, SO2"
2022-06-28,Gorakhpur,1,Good,46,SO2
2022-06-28,Imphal,1,Satisfactory,95,SO2
2022-06-28,Madikeri,1,Good,21,SO2
2022-06-28,Mumbai,12,Satisfactory,51,"CO, PM10, SO2"
2022-06-29,Gorakhpur,1,Good,45,SO2
2022-06-29,Mumbai,11,Satisfactory,59,"CO, PM10, SO2"
2022-06-29,Prayagraj,2,Good,49,"PM10, SO2"
2022-06-29,Pune,6,Satisfactory,84,"CO, SO2"
2022-06-30,Gorakhpur,1,Good,46,SO2
2022-06-30,Imphal,1,Good,42,SO2
2022-06-30,Kohima,1,Satisfactory,56,SO2
2022-06-30,Lucknow,5,Satisfactory,58,"O3, PM10, SO2"
2022-06-30,Mumbai,12,Satisfactory,58,"CO, PM2.5, SO2"
2022-06-30,Prayagraj,3,Good,47,"PM10, SO2"
2022-06-30,Ramanagara,1,Good,28,SO2
2022-06-30,Vrindavan,1,Good,41,SO2
2022-07-01,Agra,6,Good,42,"O3, PM2.5, SO2"
2022-07-01,Faridabad,3,Satisfactory,85,"CO, PM10, SO2"
2022-07-01,Gorakhpur,1,Good,46,SO2
2022-07-01,Imphal,1,Good,42,SO2
2022-07-01,Koppal,1,Good,23,SO2
2022-07-01,Mumbai,12,Satisfactory,58,"CO, O3, SO2"
2022-07-01,Prayagraj,2,Satisfactory,65,"PM10, SO2"
2022-07-01,Vrindavan,1,Good,46,SO2
2022-07-02,Gorakhpur,1,Good,46,SO2
2022-07-02,Hassan,1,Good,30,SO2
2022-07-02,Imphal,2,Satisfactory,58,"O3, SO2"
2022-07-02,Kohima,1,Satisfactory,58,SO2
2022-07-02,Madikeri,1,Good,26,SO2
2022-07-02,Mumbai,14,Satisfactory,67,"CO, PM2.5, SO2"
2022-07-02,Naharlagun,1,Good,23,SO2
2022-07-02,Prayagraj,2,Satisfactory,58,"PM10, SO2"
2022-07-02,Vrindavan,1,Good,43,SO2
2022-07-03,Gorakhpur,1,Good,47,SO2
2022-07-03,Imphal,2,Satisfactory,59,"O3, SO2"
2022-07-03,Kohima,1,Satisfactory,51,SO2
2022-07-03,Naharlagun,1,Good,23,SO2
2022-07-03,Prayagraj,3,Satisfactory,86,"PM10, SO2"
2022-07-03,Shillong,2,Good,24,"PM10, SO2"
2022-07-03,Varanasi,2,Good,49,"NO2, SO2"
2022-07-03,Vrindavan,1,Good,41,SO2
2022-07-04,Gorakhpur,1,Good,46,SO2
2022-07-04,Kohima,1,Satisfactory,55,SO2
2022-07-04,Naharlagun,1,Good,23,SO2
2022-07-04,Prayagraj,3,Satisfactory,95,"PM10, SO2"
2022-07-04,Shillong,2,Good,20,"PM10, SO2"
2022-07-04,Varanasi,3,Good,45,"NO2, PM10, SO2"
2022-07-04,Vrindavan,1,Good,42,SO2
2022-07-05,Gorakhpur,1,Good,45,SO2
2022-07-05,Imphal,2,Satisfactory,58,"O3, SO2"
2022-07-05,Kochi,1,Good,27,SO2
2022-07-05,Kohima,1,Satisfactory,51,SO2
2022-07-05,Mumbai,13,Satisfactory,60,"O3, PM2.5, SO2"
2022-07-05,Prayagraj,3,Moderate,104,"PM10, PM2.5, SO2"
2022-07-05,Ramanagara,1,Good,29,SO2
2022-07-06,Agartala,2,Good,32,"PM10, SO2"
2022-07-06,Gorakhpur,1,Good,48,SO2
2022-07-06,Imphal,2,Satisfactory,60,"O3, SO2"
2022-07-06,Kalaburagi,1,Good,23,SO2
2022-07-06,Kohima,1,Satisfactory,53,SO2
2022-07-06,Mumbai,17,Satisfactory,61,"CO, PM10, SO2"
2022-07-06,Prayagraj,2,Moderate,103,"PM10, SO2"
2022-07-07,Gadag,1,Good,24,SO2
2022-07-07,Gorakhpur,1,Good,47,SO2
2022-07-07,Imphal,2,Good,50,"O3, SO2"
2022-07-07,Madikeri,1,Good,26,SO2
2022-07-07,Mumbai,15,Satisfactory,56,"O3, PM2.5, SO2"
2022-07-07,Naharlagun,1,Good,24,SO2
2022-07-07,Panchkula,1,Good,36,SO2
2022-07-07,Prayagraj,3,Satisfactory,84,"PM10, SO2"
2022-07-07,Vrindavan,1,Good,44,SO2
2022-07-08,Aizawl,1,Good,19,SO2
2022-07-08,Chikkamagaluru,1,Good,29,SO2
2022-07-08,Gadag,1,Good,28,SO2
2022-07-08,Gorakhpur,1,Good,48,SO2
2022-07-08,Imphal,2,Satisfactory,64,"O3, SO2"
2022-07-08,Kohima,1,Satisfactory,51,SO2
2022-07-08,Madikeri,1,Good,25,SO2
2022-07-08,Prayagraj,3,Satisfactory,95,"PM10, SO2"
2022-07-09,Aizawl,1,Good,20,SO2
2022-07-09,Gadag,1,Good,25,SO2
2022-07-09,Gorakhpur,1,Good,47,SO2
2022-07-09,Mumbai,10,Satisfactory,68,"CO, O3, SO2"
2022-07-09,Prayagraj,3,Satisfactory,77,"PM10, PM2.5, SO2"
2022-07-09,Varanasi,3,Satisfactory,63,"PM10, SO2"
2022-07-10,Agartala,2,Good,32,"PM2.5, SO2"
2022-07-10,Agra,5,Good,38,"PM10, PM2.5, SO2"
2022-07-10,Aizawl,1,Good,20,SO2
2022-07-10,Faridabad,2,Satisfactory,88,"PM10, SO2"
2022-07-10,Gummidipoondi,1,Good,8,SO2
2022-07-10,Kohima,1,Satisfactory,54,SO2
2022-07-10,Mumbai,9,Satisfactory,65,"CO, PM10, SO2"
2022-07-10,Prayagraj,3,Satisfactory,82,"PM10, PM2.5, SO2"
2022-07-10,Ramanagara,1,Good,31,SO2
2022-07-10,Vrindavan,1,Good,41,SO2
2022-07-11,Aizawl,1,Good,20,SO2
2022-07-11,Chennai,7,Good,50,"CO, PM10, SO2"
2022-07-11,Gadag,1,Good,25,SO2
2022-07-11,Kohima,1,Satisfactory,57,SO2
2022-07-11,Madikeri,1,Good,36,SO2
2022-07-11,Mumbai,10,Satisfactory,68,"CO, PM10, SO2"
2022-07-11,Panchkula,1,Good,38,SO2
2022-07-11,Prayagraj,3,Satisfactory,99,"PM10, SO2"
2022-07-11,Vrindavan,1,Good,41,SO2
2022-07-12,Agartala,2,Good,32,"PM2.5, SO2"
2022-07-12,Aizawl,1,Good,21,SO2
2022-07-12,Gadag,1,Good,24,SO2
2022-07-12,Gorakhpur,1,Good,47,SO2
2022-07-12,Hassan,1,Good,32,SO2
2022-07-12,Kalaburagi,1,Good,26,SO2
2022-07-12,Kohima,1,Satisfactory,51,SO2
2022-07-12,Mumbai,7,Satisfactory,53,"CO, PM10, SO2"
2022-07-12,Ramanagara,1,Good,31,SO2
2022-07-12,Vrindavan,1,Good,41,SO2
2022-07-12,Yadgir,1,Good,30,SO2
2022-07-13,Agartala,2,Good,32,"PM2.5, SO2"
2022-07-13,Aizawl,1,Good,20,SO2
2022-07-13,Gadag,1,Good,27,SO2
2022-07-13,Gorakhpur,1,Good,47,SO2
2022-07-13,Hassan,1,Good,30,SO2
2022-07-13,Kohima,1,Satisfactory,52,SO2
2022-07-13,Mumbai,8,Satisfactory,62,"CO, PM10, SO2"
2022-07-13,Prayagraj,2,Satisfactory,84,"PM10, SO2"
2022-07-13,Vrindavan,1,Good,44,SO2
2022-07-14,Agartala,2,Good,32,"PM2.5, SO2"
2022-07-14,Aizawl,1,Good,21,SO2
2022-07-14,Gadag,1,Good,24,SO2
2022-07-14,Gorakhpur,1,Good,47,SO2
2022-07-14,Hassan,1,Good,32,SO2
2022-07-14,Kalaburagi,1,Good,26,SO2
2022-07-14,Kohima,1,Satisfactory,51,SO2
2022-07-14,Mumbai,7,Satisfactory,53,"CO, PM10, SO2"
2022-07-14,Ramanagara,1,Good,31,SO2
2022-07-14,Vrindavan,1,Good,41,SO2
2022-07-14,Yadgir,1,Good,30,SO2
2022-07-15,Agartala,1,Good,31,SO2
2022-07-15,Aizawl,1,Good,21,SO2
2022-07-15,Gorakhpur,1,Good,47,SO2
2022-07-15,Hassan,1,Good,38,SO2
2022-07-15,Kohima,1,Good,50,SO2
2022-07-15,Mumbai,8,Satisfactory,56,"CO, PM10, SO2"
2022-07-15,Panchkula,1,Good,34,SO2
2022-07-15,Prayagraj,2,Satisfactory,86,"PM10, SO2"
2022-07-15,Vrindavan,1,Good,41,SO2
2022-07-16,Agra,6,Good,31,"PM10, SO2"
2022-07-16,Aizawl,1,Good,20,SO2
2022-07-16,Gadag,1,Good,24,SO2
2022-07-16,Gorakhpur,1,Good,47,SO2
2022-07-16,Hassan,1,Good,35,SO2
2022-07-16,Madikeri,1,Good,32,SO2
2022-07-16,Mumbai,9,Satisfactory,62,"PM10, PM2.5, SO2"
2022-07-16,Prayagraj,2,Satisfactory,77,"PM10, SO2"
2022-07-17,Aizawl,1,Good,20,SO2
2022-07-17,Ajmer,1,Good,46,SO2
2022-07-17,Faridabad,2,Satisfactory,70,"PM10, SO2"
2022-07-17,Gorakhpur,1,Good,47,SO2
2022-07-17,Hassan,1,Good,36,SO2
2022-07-17,Madikeri,1,Good,29,SO2
2022-07-17,Mumbai,11,Satisfactory,64,"PM10, PM2.5, SO2"
2022-07-17,Naharlagun,1,Good,23,SO2
2022-07-17,Prayagraj,2,Satisfactory,74,"PM10, SO2"
2022-07-17,Ramanagara,1,Good,30,SO2
2022-07-18,Agra,6,Good,37,"O3, PM10, SO2"
2022-07-18,Aizawl,1,Good,19,SO2
2022-07-18,Gorakhpur,1,Good,48,SO2
2022-07-18,Hassan,1,Good,34,SO2
2022-07-18,Kalaburagi,1,Good,29,SO2
2022-07-18,Madikeri,1,Good,36,SO2
2022-07-18,Mumbai,12,Satisfactory,85,"PM10, SO2"
2022-07-18,Naharlagun,1,Good,23,SO2
2022-07-18,Panchkula,1,Good,40,SO2
2022-07-18,Prayagraj,2,Satisfactory,68,"PM10, SO2"
2022-07-18,Vrindavan,1,Good,41,SO2
2022-07-19,Aizawl,1,Good,19,SO2
2022-07-19,Gorakhpur,1,Good,47,SO2
2022-07-19,Hassan,1,Good,40,SO2
2022-07-19,Madikeri,1,Good,31,SO2
2022-07-19,Mumbai,13,Satisfactory,83,"PM10, SO2"
2022-07-20,Aizawl,1,Good,19,SO2
2022-07-20,Gorakhpur,1,Good,44,SO2
2022-07-20,Hassan,1,Good,46,SO2
2022-07-20,Imphal,2,Satisfactory,58,"O3, SO2"
2022-07-20,Mumbai,12,Satisfactory,58,"PM10, SO2"
2022-07-20,Prayagraj,3,Satisfactory,85,"PM10, SO2"
2022-07-20,Vrindavan,1,Good,42,SO2
2022-07-21,Agra,6,Good,23,"CO, PM10, SO2"
2022-07-21,Faridabad,2,Satisfactory,94,"PM2.5, SO2"
2022-07-21,Gadag,1,Good,25,SO2
2022-07-21,Gorakhpur,1,Good,44,SO2
2022-07-21,Guwahati,2,Good,37,"O3, SO2"
2022-07-21,Hassan,1,Good,39,SO2
2022-07-21,Imphal,2,Satisfactory,65,"O3, SO2"
2022-07-21,Kohima,1,Good,48,SO2
2022-07-21,Madikeri,1,Good,20,SO2
2022-07-21,Mumbai,13,Satisfactory,63,"CO, PM10, SO2"
2022-07-21,Prayagraj,3,Satisfactory,55,"PM2.5, SO2"
2022-07-21,Vrindavan,1,Good,42,SO2
2022-07-22,Aizawl,1,Good,20,SO2
2022-07-22,Gorakhpur,1,Good,45,SO2
2022-07-22,Guwahati,2,Good,50,"O3, SO2"
2022-07-22,Hassan,1,Good,45,SO2
2022-07-22,Kohima,1,Good,50,SO2
2022-07-22,Mumbai,11,Satisfactory,63,"CO, PM10, SO2"
2022-07-22,Prayagraj,3,Satisfactory,69,"PM10, PM2.5, SO2"
2022-07-22,Varanasi,3,Satisfactory,53,"O3, PM10, SO2"
2022-07-22,Vrindavan,1,Good,44,SO2
2022-07-23,Agra,6,Good,29,"PM10, PM2.5, SO2"
2022-07-23,Aizawl,1,Good,20,SO2
2022-07-23,Gorakhpur,1,Good,45,SO2
2022-07-23,Hassan,1,Good,47,SO2
2022-07-23,Kalaburagi,1,Good,33,SO2
2022-07-23,Kohima,1,Satisfactory,53,SO2
2022-07-23,Madikeri,1,Good,23,SO2
2022-07-23,Mumbai,13,Satisfactory,60,"CO, PM10, SO2"
2022-07-23,Noida,4,Satisfactory,58,"CO, PM10, SO2"
2022-07-23,Prayagraj,3,Satisfactory,85,"PM10, PM2.5, SO2"
2022-07-23,Shillong,2,Good,23,"PM10, SO2"
2022-07-23,Varanasi,3,Good,48,"O3, PM10, SO2"
2022-07-23,Vrindavan,1,Good,46,SO2
2022-07-24,Agra,6,Good,26,"CO, PM2.5, SO2"
2022-07-24,Ahmedabad,1,Satisfactory,79,SO2
2022-07-24,Aizawl,1,Good,19,SO2
2022-07-24,Faridabad,2,Satisfactory,77,"PM10, SO2"
2022-07-24,Firozabad,1,Good,34,SO2
2022-07-24,Gadag,1,Good,24,SO2
2022-07-24,Guwahati,2,Good,40,"O3, SO2"
2022-07-24,Hassan,1,Good,50,SO2
2022-07-24,Kohima,1,Satisfactory,53,SO2
2022-07-24,Mumbai,13,Good,48,"CO, PM10, SO2"
2022-07-24,Noida,3,Satisfactory,68,"CO, SO2"
2022-07-24,Prayagraj,3,Satisfactory,85,"PM10, PM2.5, SO2"
2022-07-24,Shillong,2,Good,18,"PM10, SO2"
2022-07-24,Varanasi,4,Satisfactory,54,"O3, PM10, SO2"
2022-07-24,Vrindavan,1,Good,43,SO2
2022-07-25,Agra,6,Good,28,"CO, PM10, SO2"
2022-07-25,Aizawl,1,Good,19,SO2
2022-07-25,Faridabad,2,Satisfactory,80,"PM10, SO2"
2022-07-25,Gadag,1,Good,25,SO2
2022-07-25,Hassan,1,Good,44,SO2
2022-07-25,Imphal,2,Satisfactory,54,"O3, SO2"
2022-07-25,Kohima,1,Satisfactory,52,SO2
2022-07-25,Madikeri,1,Good,23,SO2
2022-07-25,Mumbai,12,Good,49,"CO, PM10, SO2"
2022-07-25,Noida,4,Satisfactory,63,"CO, PM10, SO2"
2022-07-25,Prayagraj,3,Satisfactory,87,"PM10, SO2"
2022-07-25,Shillong,2,Good,18,"PM10, SO2"
2022-07-25,Vrindavan,1,Good,43,SO2
2022-07-26,Ballabgarh,1,Good,48,SO2
2022-07-26,Gorakhpur,1,Good,45,SO2
2022-07-26,Hassan,1,Good,49,SO2
2022-07-26,Imphal,2,Satisfactory,52,"O3, SO2"
2022-07-26,Kohima,1,Satisfactory,52,SO2
2022-07-26,Mumbai,13,Good,50,"CO, PM10, SO2"
2022-07-26,Naharlagun,1,Good,23,SO2
2022-07-26,Prayagraj,3,Satisfactory,82,"PM10, PM2.5, SO2"
2022-07-26,Shillong,2,Good,20,"PM2.5, SO2"
2022-07-26,Vrindavan,1,Good,44,SO2
2022-07-27,Aizawl,1,Good,19,SO2
2022-07-27,Gorakhpur,1,Good,46,SO2
2022-07-27,Hassan,1,Satisfactory,51,SO2
2022-07-27,Imphal,2,Good,50,"O3, SO2"
2022-07-27,Kohima,1,Satisfactory,53,SO2
2022-07-27,Mumbai,14,Satisfactory,67,"CO, PM10, SO2"
2022-07-27,Prayagraj,3,Satisfactory,64,"PM10, PM2.5, SO2"
2022-07-27,Vrindavan,1,Good,43,SO2
2022-07-28,Agra,6,Good,23,"CO, PM2.5, SO2"
2022-07-28,Bhopal,1,Satisfactory,55,SO2
2022-07-28,Faridabad,3,Satisfactory,77,"PM10, PM2.5, SO2"
2022-07-28,Gorakhpur,1,Good,46,SO2
2022-07-28,Hassan,1,Satisfactory,52,SO2
2022-07-28,Imphal,2,Satisfactory,53,"O3, SO2"
2022-07-28,Kohima,1,Satisfactory,52,SO2
2022-07-28,Mumbai,14,Satisfactory,73,"CO, PM2.5, SO2"
2022-07-28,Ramanagara,1,Good,36,SO2
2022-07-28,Vrindavan,1,Good,44,SO2
2022-07-29,Faridabad,2,Satisfactory,84,"PM2.5, SO2"
2022-07-29,Gorakhpur,1,Good,47,SO2
2022-07-29,Hassan,1,Satisfactory,55,SO2
2022-07-29,Imphal,2,Satisfactory,60,"O3, SO2"
2022-07-29,Kohima,1,Satisfactory,53,SO2
2022-07-29,Mumbai,17,Satisfactory,81,"PM10, PM2.5, SO2"
2022-07-29,Prayagraj,2,Satisfactory,66,"PM10, SO2"
2022-07-29,Vrindavan,1,Good,43,SO2
2022-07-30,Faridabad,3,Satisfactory,72,"PM10, PM2.5, SO2"
2022-07-30,Gorakhpur,1,Good,46,SO2
2022-07-30,Hassan,1,Satisfactory,54,SO2
2022-07-30,Imphal,2,Satisfactory,68,"O3, SO2"
2022-07-30,Kohima,1,Satisfactory,52,SO2
2022-07-30,Prayagraj,3,Satisfactory,56,"PM10, SO2"
2022-07-30,Vrindavan,1,Good,45,SO2
2022-07-31,Agra,5,Good,32,"PM10, PM2.5, SO2"
2022-07-31,Aizawl,1,Good,20,SO2
2022-07-31,Faridabad,4,Satisfactory,80,"PM10, PM2.5, SO2"
2022-07-31,Gorakhpur,1,Good,45,SO2
2022-07-31,Imphal,2,Satisfactory,68,"O3, SO2"
2022-07-31,Kohima,1,Satisfactory,53,SO2
2022-07-31,Naharlagun,1,Good,23,SO2
2022-07-31,Prayagraj,2,Satisfactory,80,"PM10, SO2"
2022-07-31,Varanasi,4,Good,48,"PM10, SO2"
2022-07-31,Vrindavan,1,Good,41,SO2
2022-08-01,Agra,6,Good,42,"O3, PM10, SO2"
2022-08-01,Aizawl,1,Good,19,SO2
2022-08-01,Faridabad,4,Satisfactory,86,"O3, PM10, SO2"
2022-08-01,Gorakhpur,1,Good,45,SO2
2022-08-01,Imphal,2,Satisfactory,56,"O3, SO2"
2022-08-01,Kohima,1,Satisfactory,53,SO2
2022-08-01,Madikeri,1,Good,22,SO2
2022-08-01,Naharlagun,1,Good,23,SO2
2022-08-01,Patna,5,Satisfactory,64,"O3, PM10, SO2"
2022-08-01,Prayagraj,3,Satisfactory,65,"PM10, SO2"
2022-08-02,Agra,6,Good,27,"O3, PM10, SO2"
2022-08-02,Faridabad,4,Moderate,111,"O3, PM2.5, SO2"
2022-08-02,Gorakhpur,1,Good,45,SO2
2022-08-02,Hassan,1,Satisfactory,64,SO2
2022-08-02,Imphal,1,Good,41,SO2
2022-08-02,Kohima,1,Satisfactory,53,SO2
2022-08-02,Madikeri,1,Good,16,SO2
2022-08-02,Mumbai,14,Satisfactory,63,"CO, PM2.5, SO2"
2022-08-02,Naharlagun,1,Good,23,SO2
2022-08-02,Prayagraj,3,Satisfactory,80,"PM10, SO2"
2022-08-02,Vrindavan,1,Good,44,SO2
2022-08-03,Gorakhpur,1,Good,46,SO2
2022-08-03,Hassan,1,Satisfactory,61,SO2
2022-08-03,Imphal,1,Good,42,SO2
2022-08-03,Kohima,1,Satisfactory,51,SO2
2022-08-03,Naharlagun,1,Good,23,SO2
2022-08-03,Vrindavan,1,Good,42,SO2
2022-08-04,Aizawl,1,Good,20,SO2
2022-08-04,Gorakhpur,1,Good,46,SO2
2022-08-04,Hassan,1,Satisfactory,62,SO2
2022-08-04,Imphal,1,Good,41,SO2
2022-08-04,Mumbai,13,Satisfactory,61,"CO, PM2.5, SO2"
2022-08-04,Naharlagun,1,Good,23,SO2
2022-08-04,Prayagraj,2,Satisfactory,89,"PM10, SO2"
2022-08-04,Vrindavan,1,Good,42,SO2
2022-08-05,Ahmedabad,1,Satisfactory,95,SO2
2022-08-05,Hassan,1,Satisfactory,54,SO2
2022-08-05,Imphal,2,Satisfactory,68,"O3, SO2"
2022-08-05,Kohima,1,Satisfactory,52,SO2
2022-08-05,Mumbai,15,Satisfactory,71,"CO, PM2.5, SO2"
2022-08-05,Naharlagun,1,Good,23,SO2
2022-08-05,Prayagraj,3,Satisfactory,82,"PM10, SO2"
2022-08-05,Shillong,1,Good,18,SO2
2022-08-05,Varanasi,3,Satisfactory,64,"O3, PM10, SO2"
2022-08-05,Vrindavan,1,Good,42,SO2
2022-08-06,Aizawl,1,Good,19,SO2
2022-08-06,Hassan,1,Satisfactory,52,SO2
2022-08-06,Imphal,2,Satisfactory,68,"O3, SO2"
2022-08-06,Kohima,1,Satisfactory,52,SO2
2022-08-06,Mumbai,13,Good,50,"CO, PM2.5, SO2"
2022-08-06,Prayagraj,2,Moderate,138,"O3, SO2"
2022-08-06,Shillong,2,Good,19,"PM10, SO2"
2022-08-06,Varanasi,4,Satisfactory,80,"PM10, SO2"
2022-08-06,Vrindavan,1,Good,46,SO2
2022-08-07,Aizawl,1,Good,20,SO2
2022-08-07,Hassan,1,Satisfactory,54,SO2
2022-08-07,Kohima,1,Satisfactory,52,SO2
2022-08-07,Prayagraj,3,Satisfactory,93,"O3, PM10, SO2"
2022-08-07,Shillong,2,Good,24,"PM10, SO2"
2022-08-07,Varanasi,4,Satisfactory,62,"PM10, SO2"
2022-08-07,Vrindavan,1,Good,48,SO2
2022-08-08,Agra,6,Good,27,"CO, PM2.5, SO2"
2022-08-08,Aizawl,1,Good,20,SO2
2022-08-08,Coimbatore,1,Good,20,SO2
2022-08-08,Gangtok,1,Good,13,SO2
2022-08-08,Guwahati,2,Satisfactory,51,"O3, SO2"
2022-08-08,Hassan,1,Satisfactory,55,SO2
2022-08-08,Kohima,1,Satisfactory,57,SO2
2022-08-08,Madikeri,1,Good,28,SO2
2022-08-08,Mandideep,1,Satisfactory,69,SO2
2022-08-08,Mumbai,13,Good,48,"CO, O3, SO2"
2022-08-08,Navi Mumbai,3,Good,33,"CO, SO2"
2022-08-08,Prayagraj,3,Moderate,108,"O3, PM10, SO2"
2022-08-08,Shillong,2,Good,20,"PM10, SO2"
2022-08-08,Vrindavan,1,Satisfactory,54,SO2
2022-08-09,Agra,6,Satisfactory,86,"PM10, PM2.5, SO2"
2022-08-09,Aizawl,1,Good,20,SO2
2022-08-09,Bhagalpur,1,Moderate,123,SO2
2022-08-09,Durgapur,1,Good,38,SO2
2022-08-09,Gadag,1,Good,24,SO2
2022-08-09,Hassan,1,Satisfactory,51,SO2
2022-08-09,Kohima,1,Satisfactory,54,SO2
2022-08-09,Madikeri,1,Good,27,SO2
2022-08-09,Naharlagun,1,Good,23,SO2
2022-08-09,Navi Mumbai,3,Satisfactory,72,"CO, O3, SO2"
2022-08-09,Srinagar,1,Good,36,SO2
2022-08-09,Varanasi,4,Good,44,"PM10, SO2"
2022-08-10,Gorakhpur,1,Good,45,SO2
2022-08-10,Guwahati,2,Satisfactory,57,"O3, SO2"
2022-08-10,Hassan,1,Good,49,SO2
2022-08-10,Imphal,2,Satisfactory,60,"O3, SO2"
2022-08-10,Kohima,1,Satisfactory,53,SO2
2022-08-10,Madikeri,1,Good,28,SO2
2022-08-10,Prayagraj,3,Satisfactory,66,"O3, PM2.5, SO2"
2022-08-10,Shillong,1,Good,19,SO2
2022-08-10,Srinagar,1,Good,40,SO2
2022-08-10,Varanasi,4,Good,43,"PM10, SO2"
2022-08-10,Vrindavan,1,Satisfactory,74,SO2
2022-08-11,Aizawl,1,Good,20,SO2
2022-08-11,Bhopal,1,Good,41,SO2
2022-08-11,Gorakhpur,1,Good,44,SO2
2022-08-11,Hassan,1,Satisfactory,55,SO2
2022-08-11,Kohima,1,Satisfactory,56,SO2
2022-08-11,Madikeri,1,Good,27,SO2
2022-08-11,Mandikhera,1,Good,28,SO2
2022-08-11,Moradabad,6,Satisfactory,54,"O3, PM10, SO2"
2022-08-11,Prayagraj,3,Satisfactory,60,"PM10, PM2.5, SO2"
2022-08-11,Shillong,2,Good,23,"PM10, SO2"
2022-08-11,Srinagar,1,Satisfactory,60,SO2
2022-08-11,Varanasi,4,Good,43,"PM10, SO2"
2022-08-12,Aizawl,1,Good,20,SO2
2022-08-12,Gorakhpur,1,Good,45,SO2
2022-08-12,Hassan,1,Satisfactory,56,SO2
2022-08-12,Kohima,1,Satisfactory,55,SO2
2022-08-12,Madikeri,1,Good,23,SO2
2022-08-12,Prayagraj,3,Satisfactory,70,"O3, PM10, SO2"
2022-08-12,Shillong,2,Good,29,"PM10, SO2"
2022-08-12,Srinagar,1,Satisfactory,67,SO2
2022-08-12,Varanasi,4,Good,32,"PM10, SO2"
2022-08-12,Vrindavan,1,Good,43,SO2
2022-08-13,Aizawl,1,Good,20,SO2
2022-08-13,Chengalpattu,1,Satisfactory,60,SO2
2022-08-13,Faridabad,4,Moderate,140,"O3, PM10, SO2"
2022-08-13,Gorakhpur,1,Good,45,SO2
2022-08-13,Hassan,1,Satisfactory,58,SO2
2022-08-13,Imphal,2,Satisfactory,66,"O3, SO2"
2022-08-13,Madikeri,1,Good,22,SO2
2022-08-13,Prayagraj,2,Satisfactory,73,"O3, SO2"
2022-08-13,Varanasi,4,Satisfactory,55,"O3, PM10, SO2"
2022-08-13,Vrindavan,1,Good,42,SO2
2022-08-14,Aizawl,1,Good,19,SO2
2022-08-14,Gorakhpur,1,Good,44,SO2
2022-08-14,Hassan,1,Satisfactory,57,SO2
2022-08-14,Imphal,1,Good,45,SO2
2022-08-14,Kohima,1,Satisfactory,53,SO2
2022-08-14,Madikeri,1,Good,23,SO2
2022-08-14,Prayagraj,3,Satisfactory,67,"PM10, PM2.5, SO2"
2022-08-14,Shillong,2,Good,18,"PM10, SO2"
2022-08-14,Vrindavan,1,Good,42,SO2
2022-08-15,Agra,4,Good,23,"O3, PM10, SO2"
2022-08-15,Aizawl,1,Good,19,SO2
2022-08-15,Ballabgarh,1,Satisfactory,94,SO2
2022-08-15,Gorakhpur,1,Good,45,SO2
2022-08-15,Guwahati,2,Good,31,SO2
2022-08-15,Hassan,1,Satisfactory,58,SO2
2022-08-15,Imphal,1,Good,46,SO2
2022-08-15,Kohima,1,Satisfactory,55,SO2
2022-08-15,Madikeri,1,Good,23,SO2
2022-08-15,Noida,3,Satisfactory,51,"CO, PM10, SO2"
2022-08-15,Prayagraj,2,Satisfactory,58,"PM10, SO2"
2022-08-15,Vrindavan,1,Good,43,SO2
2022-08-16,Ballabgarh,1,Satisfactory,88,SO2
2022-08-16,Gorakhpur,1,Good,45,SO2
2022-08-16,Hassan,1,Satisfactory,54,SO2
2022-08-16,Imphal,2,Satisfactory,74,"O3, SO2"
2022-08-16,Kohima,1,Satisfactory,54,SO2
2022-08-16,Lucknow,5,Satisfactory,51,"CO, PM10, SO2"
2022-08-16,Madikeri,1,Good,25,SO2
2022-08-16,Prayagraj,3,Satisfactory,53,"PM10, SO2"
2022-08-16,Srinagar,1,Good,46,SO2
2022-08-16,Varanasi,4,Good,35,"O3, PM10, SO2"
2022-08-16,Vrindavan,1,Good,44,SO2
2022-08-17,Agra,5,Good,22,"O3, PM10, SO2"
2022-08-17,Chengalpattu,1,Satisfactory,60,SO2
2022-08-17,Hassan,1,Satisfactory,62,SO2
2022-08-17,Mandikhera,1,Good,23,SO2
2022-08-17,Noida,3,Good,32,"CO, O3, SO2"
2022-08-17,Panipat,1,Good,37,SO2
2022-08-17,Prayagraj,2,Satisfactory,64,"PM10, SO2"
2022-08-17,Srinagar,1,Good,49,SO2
2022-08-17,Vrindavan,1,Good,42,SO2
2022-08-18,Agra,6,Good,42,"O3, PM10, SO2"
2022-08-18,Gorakhpur,1,Good,48,SO2
2022-08-18,Hassan,1,Satisfactory,61,SO2
2022-08-18,Kohima,1,Satisfactory,55,SO2
2022-08-18,Mumbai,14,Satisfactory,55,"CO, O3, SO2"
2022-08-18,Prayagraj,2,Satisfactory,66,"PM10, SO2"
2022-08-18,Vrindavan,1,Good,44,SO2
2022-08-19,Agra,6,Satisfactory,51,"O3, PM10, SO2"
2022-08-19,Aizawl,1,Good,20,SO2
2022-08-19,Gorakhpur,1,Good,47,SO2
2022-08-19,Kohima,1,Satisfactory,54,SO2
2022-08-19,Madikeri,1,Good,34,SO2
2022-08-19,Shillong,2,Good,27,"PM10, SO2"
2022-08-19,Vrindavan,1,Good,43,SO2
2022-08-20,Aizawl,1,Good,20,SO2
2022-08-20,Gorakhpur,1,Good,47,SO2
2022-08-20,Kalaburagi,1,Good,30,SO2
2022-08-20,Madikeri,1,Good,29,SO2
2022-08-20,Prayagraj,2,Satisfactory,62,"PM10, SO2"
2022-08-20,Shillong,2,Good,22,"PM10, SO2"
2022-08-20,Vrindavan,1,Good,44,SO2
2022-08-21,Aizawl,1,Good,20,SO2
2022-08-21,Gorakhpur,1,Good,47,SO2
2022-08-21,Kalaburagi,1,Good,27,SO2
2022-08-21,Madikeri,1,Good,21,SO2
2022-08-21,Prayagraj,3,Satisfactory,73,"PM10, SO2"
2022-08-21,Shillong,2,Good,30,"PM10, SO2"
2022-08-22,Bengaluru,7,Good,43,"NO2, PM10, SO2"
2022-08-22,Chennai,8,Good,43,"CO, PM10, SO2"
2022-08-22,Kalaburagi,1,Good,27,SO2
2022-08-22,Madikeri,1,Good,22,SO2
2022-08-22,Prayagraj,3,Satisfactory,77,"O3, PM10, SO2"
2022-08-22,Srinagar,1,Good,39,SO2
2022-08-22,Varanasi,3,Good,49,"PM10, SO2"
2022-08-23,Agra,6,Satisfactory,72,"O3, PM10, SO2"
2022-08-23,Aizawl,1,Good,20,SO2
2022-08-23,Bengaluru,8,Good,46,"PM10, PM2.5, SO2"
2022-08-23,Kalaburagi,1,Good,26,SO2
2022-08-23,Kohima,1,Satisfactory,51,SO2
2022-08-23,Prayagraj,3,Satisfactory,72,"PM2.5, SO2"
2022-08-23,Shillong,2,Good,21,"PM2.5, SO2"
2022-08-23,Srinagar,1,Good,46,SO2
2022-08-23,Vrindavan,1,Good,44,SO2
2022-08-24,Agra,6,Good,25,"PM10, SO2"
2022-08-24,Ahmedabad,2,Good,48,"PM10, SO2"
2022-08-24,Aizawl,1,Good,20,SO2
2022-08-24,Bengaluru,7,Good,48,"PM10, SO2"
2022-08-24,Chengalpattu,1,Satisfactory,57,SO2
2022-08-24,Chennai,9,Good,49,"CO, PM10, SO2"
2022-08-24,Gorakhpur,1,Good,44,SO2
2022-08-24,Kalaburagi,1,Good,26,SO2
2022-08-24,Prayagraj,3,Satisfactory,82,"PM10, PM2.5, SO2"
2022-08-24,Shillong,1,Good,19,SO2
2022-08-24,Srinagar,1,Satisfactory,53,SO2
2022-08-24,Vrindavan,1,Good,50,SO2
2022-08-25,Bengaluru,7,Good,44,"CO, PM10, SO2"
2022-08-25,Chengalpattu,1,Satisfactory,58,SO2
2022-08-25,Imphal,2,Satisfactory,68,"O3, SO2"
2022-08-25,Kalaburagi,1,Good,31,SO2
2022-08-25,Madikeri,1,Good,21,SO2
2022-08-25,Prayagraj,3,Satisfactory,75,"PM10, PM2.5, SO2"
2022-08-25,Shillong,2,Good,26,"PM10, SO2"
2022-08-25,Vrindavan,1,Good,46,SO2
2022-08-26,Imphal,2,Satisfactory,57,SO2
2022-08-26,Madikeri,1,Good,22,SO2
2022-08-26,Prayagraj,3,Satisfactory,81,"PM10, PM2.5, SO2"
2022-08-26,Shillong,2,Good,22,"PM10, SO2"
2022-08-27,Aizawl,1,Good,20,SO2
2022-08-27,Bengaluru,6,Good,44,"CO, NO2, SO2"
2022-08-27,Chengalpattu,1,Satisfactory,56,SO2
2022-08-27,Kalaburagi,1,Good,29,SO2
2022-08-27,Kohima,1,Satisfactory,55,SO2
2022-08-27,Madikeri,1,Good,23,SO2
2022-08-27,Prayagraj,3,Satisfactory,91,"PM10, PM2.5, SO2"
2022-08-27,Vrindavan,1,Good,45,SO2
2022-08-28,Firozabad,2,Satisfactory,81,"PM10, SO2"
2022-08-28,Gorakhpur,1,Good,45,SO2
2022-08-28,Imphal,2,Satisfactory,75,"O3, SO2"
2022-08-28,Kohima,1,Satisfactory,52,SO2
2022-08-28,Prayagraj,3,Moderate,108,"PM10, PM2.5, SO2"
2022-08-28,Vellore,1,Good,35,SO2
2022-08-29,Gorakhpur,1,Good,45,SO2
2022-08-29,Hassan,1,Good,21,SO2
2022-08-29,Madikeri,1,Good,20,SO2
2022-08-29,Prayagraj,3,Satisfactory,89,"PM2.5, SO2"
2022-08-29,Vellore,1,Good,33,SO2
2022-08-30,Gorakhpur,1,Good,45,SO2
2022-08-30,Kohima,1,Satisfactory,52,SO2
2022-08-30,Naharlagun,1,Good,22,SO2
2022-08-30,Prayagraj,3,Satisfactory,97,"PM10, PM2.5, SO2"
2022-08-30,Srinagar,1,Good,38,SO2
2022-08-30,Vrindavan,1,Satisfactory,78,SO2
2022-08-31,Mandikhera,1,Satisfactory,60,SO2
2022-08-31,Prayagraj,3,Satisfactory,80,"PM10, PM2.5, SO2"
2022-08-31,Srinagar,1,Good,43,SO2
2022-08-31,Vrindavan,1,Moderate,102,SO2
2022-09-01,Gorakhpur,1,Good,46,SO2
2022-09-01,Kalaburagi,1,Good,29,SO2
2022-09-01,Prayagraj,2,Satisfactory,80,"PM10, SO2"
2022-09-01,Vrindavan,1,Satisfactory,91,SO2
2022-09-02,Agra,6,Good,33,"O3, PM10, SO2"
2022-09-02,Aizawl,1,Good,20,SO2
2022-09-02,Gorakhpur,1,Good,46,SO2
2022-09-02,Imphal,2,Satisfactory,71,"O3, SO2"
2022-09-02,Kalaburagi,1,Good,29,SO2
2022-09-02,Kohima,1,Satisfactory,51,SO2
2022-09-02,Madikeri,1,Good,20,SO2
2022-09-02,Mandikhera,1,Satisfactory,57,SO2
2022-09-02,Prayagraj,3,Satisfactory,74,"PM10, PM2.5, SO2"
2022-09-02,Vellore,1,Good,39,SO2
2022-09-02,Vrindavan,1,Good,45,SO2
2022-09-03,Aizawl,1,Good,19,SO2
2022-09-03,Chengalpattu,1,Satisfactory,57,SO2
2022-09-03,Imphal,2,Satisfactory,78,"O3, SO2"
2022-09-03,Kalaburagi,1,Good,27,SO2
2022-09-03,Prayagraj,3,Satisfactory,63,"PM10, PM2.5, SO2"
2022-09-03,Salem,1,Satisfactory,97,SO2
2022-09-03,Shillong,2,Good,24,"PM10, SO2"
2022-09-04,Aizawl,1,Good,19,SO2
2022-09-04,Gorakhpur,1,Good,46,SO2
2022-09-04,Imphal,2,Satisfactory,78,"O3, SO2"
2022-09-04,Kalaburagi,1,Good,28,SO2
2022-09-04,Panipat,1,Good,38,SO2
2022-09-04,Prayagraj,3,Good,44,"PM10, PM2.5, SO2"
2022-09-04,Salem,1,Satisfactory,96,SO2
2022-09-04,Vrindavan,1,Good,45,SO2
2022-09-05,Aizawl,1,Good,19,SO2
2022-09-05,Gorakhpur,1,Good,46,SO2
2022-09-05,Imphal,2,Satisfactory,75,"O3, SO2"
2022-09-05,Kalaburagi,1,Good,28,SO2
2022-09-05,Khurja,1,Satisfactory,73,SO2
2022-09-05,Ooty,1,Good,47,SO2
2022-09-05,Prayagraj,2,Good,46,"PM2.5, SO2"
2022-09-05,Vrindavan,1,Satisfactory,70,SO2
2022-09-06,Ahmedabad,2,Satisfactory,61,"PM10, SO2"
2022-09-06,Aizawl,1,Good,19,SO2
2022-09-06,Kalaburagi,1,Good,28,SO2
2022-09-06,Kohima,1,Satisfactory,59,SO2
2022-09-06,Ooty,1,Good,47,SO2
2022-09-06,Vrindavan,1,Satisfactory,55,SO2
2022-09-07,Coimbatore,2,Good,32,"PM10, SO2"
2022-09-07,Kalaburagi,1,Good,29,SO2
2022-09-07,Kohima,1,Moderate,136,SO2
2022-09-07,Naharlagun,1,Good,22,SO2
2022-09-07,Ooty,1,Good,47,SO2
2022-09-07,Shillong,2,Good,22,"PM2.5, SO2"
2022-09-08,Kalaburagi,1,Good,31,SO2
2022-09-08,Kohima,1,Moderate,138,SO2
2022-09-08,Madikeri,1,Good,18,SO2
2022-09-08,Ooty,1,Good,47,SO2
2022-09-08,Salem,1,Satisfactory,58,SO2
2022-09-08,Shillong,2,Good,30,"PM10, SO2"
2022-09-09,Gorakhpur,1,Good,46,SO2
2022-09-09,Kalaburagi,1,Good,28,SO2
2022-09-09,Madikeri,1,Good,20,SO2
2022-09-09,Ooty,1,Good,48,SO2
2022-09-10,Coimbatore,2,Good,32,"CO, SO2"
2022-09-10,Gorakhpur,1,Good,46,SO2
2022-09-10,Ooty,1,Good,47,SO2
2022-09-10,Salem,1,Satisfactory,63,SO2
2022-09-10,Vrindavan,1,Good,47,SO2
2022-09-11,Agartala,2,Good,22,"PM10, SO2"
2022-09-11,Ahmedabad,1,Satisfactory,60,SO2
2022-09-11,Aizawl,1,Good,19,SO2
2022-09-11,Gorakhpur,1,Good,47,SO2
2022-09-11,Hassan,1,Good,20,SO2
2022-09-11,Madikeri,1,Good,22,SO2
2022-09-11,Mandideep,1,Satisfactory,98,SO2
2022-09-11,Ooty,1,Good,47,SO2
2022-09-11,Salem,1,Satisfactory,66,SO2
2022-09-11,Shillong,2,Good,22,"PM10, SO2"
2022-09-11,Vellore,1,Good,34,SO2
2022-09-12,Ahmedabad,1,Satisfactory,68,SO2
2022-09-12,Aizawl,1,Good,19,SO2
2022-09-12,Gorakhpur,1,Good,46,SO2
2022-09-12,Hassan,1,Good,32,SO2
2022-09-12,Imphal,2,Satisfactory,81,"O3, SO2"
2022-09-12,Khurja,1,Satisfactory,79,SO2
2022-09-12,Mandideep,1,Moderate,115,SO2
2022-09-12,Ooty,1,Good,48,SO2
2022-09-12,Shillong,2,Good,22,"PM10, SO2"
2022-09-12,Varanasi,4,Good,33,"PM10, SO2"
2022-09-12,Vrindavan,1,Good,48,SO2
2022-09-13,Agra,6,Good,28,"CO, PM10, SO2"
2022-09-13,Ahmedabad,1,Satisfactory,75,SO2
2022-09-13,Aizawl,1,Good,19,SO2
2022-09-13,Dindigul,1,Good,46,SO2
2022-09-13,Gorakhpur,1,Good,47,SO2
2022-09-13,Guwahati,2,Good,38,"O3, SO2"
2022-09-13,Imphal,1,Satisfactory,52,SO2
2022-09-13,Khurja,1,Satisfactory,74,SO2
2022-09-13,Madikeri,1,Good,19,SO2
2022-09-13,Mandideep,1,Satisfactory,83,SO2
2022-09-13,Ooty,1,Good,48,SO2
2022-09-13,Salem,1,Good,26,SO2
2022-09-13,Shillong,2,Good,18,"CO, SO2"
2022-09-13,Varanasi,4,Good,26,"CO, NO2, SO2"
2022-09-13,Vrindavan,1,Good,48,SO2
2022-09-14,Agra,6,Good,26,"CO, PM10, SO2"
2022-09-14,Ahmedabad,1,Satisfactory,75,SO2
2022-09-14,Aizawl,1,Good,19,SO2
2022-09-14,Dindigul,1,Good,45,SO2
2022-09-14,Gorakhpur,1,Good,47,SO2
2022-09-14,Imphal,2,Satisfactory,86,"O3, SO2"
2022-09-14,Madikeri,1,Good,18,SO2
2022-09-14,Shillong,2,Good,24,"PM10, SO2"
2022-09-14,Vrindavan,1,Good,49,SO2
2022-09-15,Ahmedabad,1,Satisfactory,74,SO2
2022-09-15,Aizawl,1,Good,19,SO2
2022-09-15,Coimbatore,2,Good,35,"CO, SO2"
2022-09-15,Dindigul,1,Good,45,SO2
2022-09-15,Imphal,2,Satisfactory,72,"O3, SO2"
2022-09-15,Kalaburagi,1,Good,28,SO2
2022-09-15,Madikeri,1,Good,39,SO2
2022-09-15,Ooty,1,Good,50,SO2
2022-09-15,Prayagraj,3,Good,35,"O3, PM2.5, SO2"
2022-09-15,Salem,1,Good,47,SO2
2022-09-15,Varanasi,4,Good,46,"CO, PM10, SO2"
2022-09-15,Vrindavan,1,Satisfactory,52,SO2
2022-09-16,Agra,6,Good,26,"CO, PM10, SO2"
2022-09-16,Ahmedabad,1,Satisfactory,83,SO2
2022-09-16,Chengalpattu,1,Satisfactory,72,SO2
2022-09-16,Faridabad,3,Satisfactory,69,"O3, PM10, SO2"
2022-09-16,Gorakhpur,1,Good,48,SO2
2022-09-16,Imphal,2,Satisfactory,87,"O3, SO2"
2022-09-16,Kalaburagi,1,Good,29,SO2
2022-09-16,Karnal,1,Moderate,110,SO2
2022-09-16,Moradabad,6,Good,48,"CO, O3, SO2"
2022-09-16,Prayagraj,3,Good,36,"O3, PM2.5, SO2"
2022-09-16,Shillong,2,Good,25,"PM10, SO2"
2022-09-16,Talcher,1,Satisfactory,71,SO2
2022-09-16,Vrindavan,1,Good,47,SO2
2022-09-17,Agra,6,Good,29,"CO, PM10, SO2"
2022-09-17,Dindigul,1,Good,45,SO2
2022-09-17,Gorakhpur,1,Good,50,SO2
2022-09-17,Imphal,2,Satisfactory,82,"O3, SO2"
2022-09-17,Kalaburagi,1,Good,27,SO2
2022-09-17,Karnal,1,Moderate,111,SO2
2022-09-17,Madikeri,1,Good,20,SO2
2022-09-17,Moradabad,5,Good,36,"CO, PM10, SO2"
2022-09-17,Varanasi,4,Satisfactory,54,"PM10, SO2"
2022-09-17,Vrindavan,1,Good,48,SO2
2022-09-18,Dindigul,1,Good,42,SO2
2022-09-18,Gorakhpur,1,Good,50,SO2
2022-09-18,Kalaburagi,1,Good,29,SO2
2022-09-18,Karnal,1,Moderate,130,SO2
2022-09-18,Madikeri,1,Good,19,SO2
2022-09-18,Moradabad,6,Good,33,"CO, PM2.5, SO2"
2022-09-18,Vrindavan,1,Good,47,SO2
2022-09-19,Aizawl,1,Good,20,SO2
2022-09-19,Coimbatore,2,Good,34,"PM2.5, SO2"
2022-09-19,Dindigul,1,Good,45,SO2
2022-09-19,Gorakhpur,1,Good,50,SO2
2022-09-19,Kalaburagi,1,Good,32,SO2
2022-09-19,Shillong,2,Good,27,"PM10, SO2"
2022-09-20,Aizawl,1,Good,20,SO2
2022-09-20,Dindigul,1,Good,45,SO2
2022-09-20,Gorakhpur,1,Satisfactory,51,SO2
2022-09-20,Kalaburagi,1,Good,30,SO2
2022-09-20,Ooty,1,Good,47,SO2
2022-09-20,Shillong,2,Good,22,"PM10, SO2"
2022-09-20,Talcher,1,Satisfactory,60,SO2
2022-09-21,Aizawl,1,Good,21,SO2
2022-09-21,Coimbatore,2,Good,42,"PM2.5, SO2"
2022-09-21,Dindigul,1,Good,45,SO2
2022-09-21,Gorakhpur,1,Satisfactory,51,SO2
2022-09-21,Imphal,2,Satisfactory,83,"O3, SO2"
2022-09-21,Kalaburagi,1,Good,29,SO2
2022-09-21,Ooty,1,Good,47,SO2
2022-09-21,Prayagraj,3,Good,41,"O3, PM2.5, SO2"
2022-09-21,Shillong,2,Good,36,"PM10, SO2"
2022-09-21,Varanasi,4,Good,33,"PM10, SO2"
2022-09-21,Vrindavan,1,Good,47,SO2
2022-09-22,Agra,3,Good,24,"PM10, SO2"
2022-09-22,Dindigul,1,Good,44,SO2
2022-09-22,Gadag,1,Good,24,SO2
2022-09-22,Gorakhpur,1,Satisfactory,52,SO2
2022-09-22,Gwalior,1,Good,31,SO2
2022-09-22,Karnal,1,Good,43,SO2
2022-09-22,Naharlagun,1,Good,22,SO2
2022-09-22,Noida,4,Satisfactory,66,"CO, PM10, SO2"
2022-09-22,Prayagraj,2,Good,48,"PM2.5, SO2"
2022-09-23,Dindigul,1,Good,45,SO2
2022-09-23,Gwalior,1,Good,33,SO2
2022-09-23,Madikeri,1,Good,28,SO2
2022-09-23,Noida,4,Satisfactory,64,"CO, PM2.5, SO2"
2022-09-23,Vrindavan,1,Good,48,SO2
2022-09-24,Agra,5,Good,29,"CO, O3, SO2"
2022-09-24,Coimbatore,2,Good,34,"CO, SO2"
2022-09-24,Faridabad,2,Good,50,"PM10, SO2"
2022-09-24,Imphal,2,Satisfactory,86,"O3, SO2"
2022-09-24,Kalaburagi,1,Good,29,SO2
2022-09-24,Madikeri,1,Good,24,SO2
2022-09-24,Noida,4,Satisfactory,54,"CO, PM2.5, SO2"
2022-09-24,Vrindavan,1,Good,41,SO2
2022-09-25,Agra,5,Good,42,"O3, PM2.5, SO2"
2022-09-25,Coimbatore,2,Good,34,"CO, SO2"
2022-09-25,Dindigul,1,Good,45,SO2
2022-09-25,Faridabad,2,Satisfactory,68,"PM10, SO2"
2022-09-25,Gadag,1,Good,25,SO2
2022-09-25,Gorakhpur,1,Satisfactory,51,SO2
2022-09-25,Imphal,2,Satisfactory,84,"O3, SO2"
2022-09-25,Madikeri,1,Good,26,SO2
2022-09-25,Moradabad,3,Good,38,"CO, PM2.5, SO2"
2022-09-25,Noida,4,Satisfactory,72,"CO, SO2"
2022-09-25,Vrindavan,1,Good,38,SO2
2022-09-26,Gorakhpur,1,Good,50,SO2
2022-09-26,Ooty,1,Good,46,SO2
2022-09-27,Coimbatore,2,Good,38,"PM2.5, SO2"
2022-09-27,Kalaburagi,1,Good,33,SO2
2022-09-28,Coimbatore,1,Good,33,SO2
2022-09-28,Imphal,2,Satisfactory,82,"O3, SO2"
2022-09-29,Coimbatore,2,Good,38,"PM2.5, SO2"
2022-09-29,Dindigul,1,Good,45,SO2
2022-09-29,Imphal,2,Satisfactory,84,"O3, SO2"
2022-09-30,Chengalpattu,1,Satisfactory,73,SO2
2022-09-30,Coimbatore,2,Good,36,"PM2.5, SO2"
2022-09-30,Dindigul,1,Good,45,SO2
2022-09-30,Imphal,2,Satisfactory,90,"O3, SO2"
2022-10-01,Coimbatore,2,Good,36,"CO, SO2"
2022-10-01,Dindigul,1,Good,45,SO2
2022-10-01,Gadag,1,Good,24,SO2
2022-10-01,Ooty,1,Good,47,SO2
2022-10-02,Aizawl,1,Good,20,SO2
2022-10-02,Chikkamagaluru,1,Good,38,SO2
2022-10-02,Coimbatore,2,Good,36,"CO, SO2"
2022-10-02,Imphal,2,Satisfactory,94,"O3, SO2"
2022-10-02,Ooty,1,Good,47,SO2
2022-10-03,Agartala,2,Good,22,"PM10, SO2"
2022-10-03,Aizawl,1,Good,20,SO2
2022-10-03,Coimbatore,2,Good,36,"CO, SO2"
2022-10-03,Imphal,2,Satisfactory,88,"O3, SO2"
2022-10-03,Shillong,1,Good,21,SO2
2022-10-04,Aizawl,1,Good,21,SO2
2022-10-04,Coimbatore,2,Good,36,"CO, SO2"
2022-10-04,Gorakhpur,1,Good,48,SO2
2022-10-04,Guwahati,1,Good,19,SO2
2022-10-04,Imphal,2,Satisfactory,84,"O3, SO2"
2022-10-04,Naharlagun,1,Good,22,SO2
2022-10-04,Shillong,1,Good,21,SO2
2022-10-04,Varanasi,3,Satisfactory,51,"PM10, SO2"
2022-10-05,Agartala,1,Good,30,SO2
2022-10-05,Aizawl,1,Good,20,SO2
2022-10-05,Gorakhpur,1,Good,49,SO2
2022-10-05,Naharlagun,1,Good,22,SO2
2022-10-05,Prayagraj,2,Good,50,"PM2.5, SO2"
2022-10-05,Shillong,1,Good,20,SO2
2022-10-05,Varanasi,4,Good,38,"PM10, SO2"
2022-10-06,Agra,4,Good,23,SO2
2022-10-06,Aizawl,1,Good,20,SO2
2022-10-06,Bhilai,1,Good,21,SO2
2022-10-06,Firozabad,2,Good,34,"PM2.5, SO2"
2022-10-06,Gangtok,1,Good,15,SO2
2022-10-06,Gorakhpur,1,Good,48,SO2
2022-10-06,Gwalior,1,Good,34,SO2
2022-10-06,Jhansi,1,Good,28,SO2
2022-10-06,Lucknow,6,Good,41,"CO, O3, SO2"
2022-10-06,Prayagraj,2,Good,44,"PM2.5, SO2"
2022-10-06,Shillong,1,Good,20,SO2
2022-10-06,Vrindavan,1,Good,46,SO2
2022-10-07,Agra,6,Good,25,"O3, PM10, SO2"
2022-10-07,Aizawl,1,Good,20,SO2
2022-10-07,Firozabad,2,Good,32,"PM10, SO2"
2022-10-07,Gorakhpur,1,Good,49,SO2
2022-10-07,Gwalior,1,Good,34,SO2
2022-10-07,Imphal,2,Satisfactory,93,"O3, SO2"
2022-10-07,Kalaburagi,1,Good,41,SO2
2022-10-07,Khurja,1,Satisfactory,51,SO2
2022-10-07,Moradabad,5,Good,32,"O3, PM10, SO2"
2022-10-07,Noida,3,Good,50,"CO, PM10, SO2"
2022-10-07,Ratlam,1,Good,22,SO2
2022-10-07,Shillong,1,Good,21,SO2
2022-10-07,Talcher,1,Satisfactory,52,SO2
2022-10-07,Visakhapatnam,1,Good,34,SO2
2022-10-07,Vrindavan,1,Good,48,SO2
2022-10-07,Yadgir,1,Good,29,SO2
2022-10-08,Agra,4,Good,24,"O3, PM10, SO2"
2022-10-08,Ahmedabad,2,Satisfactory,100,"O3, SO2"
2022-10-08,Firozabad,2,Good,27,"O3, SO2"
2022-10-08,Gadag,1,Good,24,SO2
2022-10-08,Gangtok,1,Good,16,SO2
2022-10-08,Gorakhpur,1,Good,50,SO2
2022-10-08,Gwalior,1,Good,32,SO2
2022-10-08,Kalaburagi,1,Good,33,SO2
2022-10-08,Khurja,1,Good,46,SO2
2022-10-08,Meerut,3,Good,21,"NO2, O3, SO2"
2022-10-08,Moradabad,5,Good,28,"O3, PM10, SO2"
2022-10-08,Noida,4,Good,48,"CO, PM10, SO2"
2022-10-08,Prayagraj,3,Good,50,"O3, PM2.5, SO2"
2022-10-08,Varanasi,4,Good,49,"PM10, SO2"
2022-10-08,Vrindavan,1,Good,49,SO2
2022-10-09,Agra,5,Good,23,"CO, PM2.5, SO2"
2022-10-09,Ahmedabad,2,Satisfactory,99,"O3, SO2"
2022-10-09,Faridabad,3,Good,36,"NO2, SO2"
2022-10-09,Firozabad,1,Good,32,SO2
2022-10-09,Gangtok,1,Good,15,SO2
2022-10-09,Ghaziabad,2,Good,14,"PM2.5, SO2"
2022-10-09,Gorakhpur,1,Satisfactory,51,SO2
2022-10-09,Hassan,1,Good,33,SO2
2022-10-09,Kalaburagi,1,Good,36,SO2
2022-10-09,Khurja,1,Good,46,SO2
2022-10-09,Moradabad,5,Good,32,"O3, PM10, SO2"
2022-10-09,Noida,3,Satisfactory,55,"CO, SO2"
2022-10-09,Ooty,1,Good,47,SO2
2022-10-09,Shillong,1,Good,21,SO2
2022-10-09,Visakhapatnam,1,Good,33,SO2
2022-10-09,Vrindavan,1,Satisfactory,54,SO2
2022-10-10,Agra,6,Good,23,"CO, PM2.5, SO2"
2022-10-10,Firozabad,1,Good,34,SO2
2022-10-10,Gadag,1,Good,25,SO2
2022-10-10,Gangtok,1,Good,15,SO2
2022-10-10,Gorakhpur,1,Good,50,SO2
2022-10-10,Kalaburagi,1,Good,37,SO2
2022-10-10,Khurja,1,Good,43,SO2
2022-10-10,Moradabad,3,Good,26,"PM10, SO2"
2022-10-10,Ooty,1,Good,48,SO2
2022-10-10,Vrindavan,1,Satisfactory,52,SO2
2022-10-11,Agra,6,Good,24,"PM2.5, SO2"
2022-10-11,Firozabad,2,Good,41,"PM10, SO2"
2022-10-11,Gadag,1,Good,27,SO2
2022-10-11,Gorakhpur,1,Satisfactory,51,SO2
2022-10-11,Jhansi,1,Good,29,SO2
2022-10-11,Kalaburagi,1,Good,40,SO2
2022-10-11,Maihar,1,Good,11,SO2
2022-10-11,Moradabad,5,Good,47,"O3, PM2.5, SO2"
2022-10-11,Ooty,1,Good,49,SO2
2022-10-11,Prayagraj,3,Good,41,"O3, PM2.5, SO2"
2022-10-11,Shillong,1,Good,21,SO2
2022-10-11,Talcher,1,Satisfactory,59,SO2
2022-10-11,Vrindavan,1,Satisfactory,52,SO2
2022-10-12,Aizawl,1,Good,20,SO2
2022-10-12,Chengalpattu,1,Satisfactory,77,SO2
2022-10-12,Firozabad,2,Satisfactory,51,"PM10, SO2"
2022-10-12,Gadag,1,Good,26,SO2
2022-10-12,Gangtok,1,Good,15,SO2
2022-10-12,Gorakhpur,1,Good,50,SO2
2022-10-12,Kalaburagi,1,Good,38,SO2
2022-10-12,Madikeri,1,Good,23,SO2
2022-10-12,Maihar,1,Good,11,SO2
2022-10-12,Ooty,1,Good,49,SO2
2022-10-12,Prayagraj,3,Good,41,"O3, SO2"
2022-10-12,Shillong,2,Good,22,"PM10, SO2"
2022-10-12,Vrindavan,1,Satisfactory,53,SO2
2022-10-12,Yadgir,1,Good,31,SO2
2022-10-13,Aizawl,1,Good,20,SO2
2022-10-13,Chengalpattu,1,Satisfactory,77,SO2
2022-10-13,Gadag,1,Good,26,SO2
2022-10-13,Gorakhpur,1,Good,50,SO2
2022-10-13,Imphal,2,Satisfactory,99,"O3, SO2"
2022-10-13,Kalaburagi,1,Good,35,SO2
2022-10-13,Maihar,1,Good,11,SO2
2022-10-13,Mandideep,1,Satisfactory,94,SO2
2022-10-13,Naharlagun,1,Good,22,SO2
2022-10-13,Ooty,1,Good,48,SO2
2022-10-13,Shillong,2,Good,32,"PM10, SO2"
2022-10-13,Talcher,1,Satisfactory,64,SO2
2022-10-13,Vrindavan,1,Good,50,SO2
2022-10-14,Aizawl,1,Good,20,SO2
2022-10-14,Dindigul,1,Good,39,SO2
2022-10-14,Kalaburagi,1,Good,36,SO2
2022-10-14,Ooty,1,Good,49,SO2
2022-10-14,Talcher,1,Good,46,SO2
2022-10-15,Kalaburagi,1,Good,36,SO2
2022-10-15,Ooty,1,Good,49,SO2
2022-10-15,Yadgir,1,Good,31,SO2
2022-10-16,Dindigul,1,Good,41,SO2
2022-10-16,Kalaburagi,1,Good,41,SO2
2022-10-16,Talcher,1,Good,45,SO2
2022-10-16,Visakhapatnam,1,Good,30,SO2
2022-10-17,Chennai,8,Satisfactory,53,"CO, PM2.5, SO2"
2022-10-17,Dindigul,1,Good,44,SO2
2022-10-17,Kalaburagi,1,Good,35,SO2
2022-10-18,Aizawl,1,Good,20,SO2
2022-10-18,Dindigul,1,Good,44,SO2
2022-10-18,Gadag,1,Good,24,SO2
2022-10-18,Imphal,2,Moderate,108,"O3, SO2"
2022-10-18,Ooty,1,Good,48,SO2
2022-10-19,Aizawl,1,Good,20,SO2
2022-10-19,Dindigul,1,Good,44,SO2
2022-10-19,Imphal,2,Moderate,111,"O3, SO2"
2022-10-19,Shillong,1,Good,23,SO2
2022-10-21,Chennai,8,Satisfactory,65,"CO, PM2.5, SO2"
2022-10-21,Dindigul,1,Good,44,SO2
2022-10-21,Shillong,1,Good,24,SO2
2022-10-22,Dindigul,1,Good,44,SO2
2022-10-22,Kohima,1,Moderate,118,SO2
2022-10-22,Shillong,1,Good,19,SO2
2022-10-23,Kohima,1,Moderate,117,SO2
2022-10-23,Shillong,1,Good,19,SO2
2022-10-24,Aizawl,1,Good,20,SO2
2022-10-24,Kohima,1,Moderate,116,SO2
2022-10-24,Shillong,1,Good,19,SO2
2022-10-25,Aizawl,1,Good,20,SO2
2022-10-25,Imphal,1,Satisfactory,58,SO2
2022-10-27,Kanchipuram,1,Satisfactory,55,SO2
2022-10-27,Kohima,1,Moderate,116,SO2
2022-10-27,Salem,1,Satisfactory,87,SO2
2022-10-28,Kanchipuram,1,Satisfactory,55,SO2
2022-10-28,Kohima,1,Moderate,116,SO2
2022-10-29,Kanchipuram,1,Satisfactory,55,SO2
2022-10-29,Kohima,1,Moderate,116,SO2
2022-10-29,Shillong,1,Good,20,SO2
2022-10-30,Kanchipuram,1,Satisfactory,55,SO2
2022-10-30,Kohima,1,Moderate,117,SO2
2022-10-31,Kohima,1,Moderate,116,SO2
2022-11-01,Chengalpattu,1,Satisfactory,70,SO2
2022-11-01,Kanchipuram,1,Satisfactory,56,SO2
2022-11-01,Kohima,1,Moderate,116,SO2
2022-11-01,Shillong,1,Good,20,SO2
2022-11-02,Chengalpattu,1,Satisfactory,71,SO2
2022-11-02,Kanchipuram,1,Satisfactory,56,SO2
2022-11-02,Kolar,1,Satisfactory,63,SO2
2022-11-02,Ooty,1,Good,48,SO2
2022-11-02,Salem,1,Good,29,SO2
2022-11-02,Shillong,1,Good,20,SO2
2022-11-02,Vellore,1,Good,20,SO2
2022-11-03,Chengalpattu,1,Satisfactory,70,SO2
2022-11-03,Kanchipuram,1,Satisfactory,55,SO2
2022-11-03,Kohima,1,Moderate,117,SO2
2022-11-03,Kolar,1,Satisfactory,54,SO2
2022-11-03,Ooty,1,Good,49,SO2
2022-11-03,Salem,1,Satisfactory,56,SO2
2022-11-04,Chengalpattu,1,Satisfactory,71,SO2
2022-11-04,Dindigul,1,Good,38,SO2
2022-11-04,Imphal,2,Satisfactory,91,"PM10, SO2"
2022-11-04,Kohima,1,Moderate,116,SO2
2022-11-04,Kolar,1,Satisfactory,63,SO2
2022-11-04,Ooty,1,Good,49,SO2
2022-11-05,Chengalpattu,1,Satisfactory,71,SO2
2022-11-05,Dindigul,1,Good,42,SO2
2022-11-05,Imphal,2,Satisfactory,74,SO2
2022-11-05,Kohima,1,Moderate,117,SO2
2022-11-05,Ooty,1,Satisfactory,51,SO2
2022-11-05,Salem,1,Satisfactory,67,SO2
2022-11-06,Imphal,2,Satisfactory,92,"PM2.5, SO2"
2022-11-06,Kanchipuram,1,Satisfactory,56,SO2
2022-11-06,Kohima,1,Moderate,117,SO2
2022-11-06,Ooty,1,Good,48,SO2
2022-11-06,Shillong,2,Good,22,SO2
2022-11-07,Imphal,2,Satisfactory,81,SO2
2022-11-07,Kohima,1,Moderate,118,SO2
2022-11-07,Ooty,1,Good,49,SO2
2022-11-07,Shillong,1,Good,21,SO2
2022-11-08,Imphal,2,Satisfactory,87,"PM10, SO2"
2022-11-08,Kohima,1,Moderate,116,SO2
2022-11-08,Ooty,1,Good,49,SO2
2022-11-09,Dindigul,1,Good,42,SO2
2022-11-09,Kohima,1,Moderate,116,SO2
2022-11-10,Dindigul,1,Good,42,SO2
2022-11-10,Imphal,2,Satisfactory,88,"PM10, SO2"
2022-11-10,Kanchipuram,1,Satisfactory,56,SO2
2022-11-10,Kohima,1,Moderate,116,SO2
2022-11-11,Dindigul,1,Good,42,SO2
2022-11-11,Kanchipuram,1,Satisfactory,56,SO2
2022-11-11,Kohima,1,Moderate,118,SO2
2022-11-11,Ooty,1,Satisfactory,51,SO2
2022-11-12,Dindigul,1,Good,42,SO2
2022-11-12,Gandhinagar,1,Moderate,124,SO2
2022-11-12,Kohima,1,Moderate,116,SO2
2022-11-12,Ooty,1,Good,48,SO2
2022-11-12,Salem,1,Satisfactory,71,SO2
2022-11-13,Dindigul,1,Good,42,SO2
2022-11-13,Kohima,1,Moderate,116,SO2
2022-11-13,Kolar,1,Satisfactory,67,SO2
2022-11-13,Madikeri,1,Good,21,SO2
2022-11-14,Dindigul,1,Good,42,SO2
2022-11-14,Imphal,1,Satisfactory,86,SO2
2022-11-14,Kohima,1,Satisfactory,100,SO2
2022-11-14,Kolar,1,Satisfactory,66,SO2
2022-11-14,Ooty,1,Good,49,SO2
2022-11-15,Dindigul,1,Good,42,SO2
2022-11-15,Imphal,2,Moderate,112,"PM2.5, SO2"
2022-11-15,Kolar,1,Satisfactory,73,SO2
2022-11-15,Ooty,1,Good,49,SO2
2022-11-16,Aizawl,1,Good,21,SO2
2022-11-16,Imphal,2,Moderate,106,"PM2.5, SO2"
2022-11-17,Imphal,2,Moderate,112,"PM2.5, SO2"
2022-11-18,Imphal,2,Moderate,134,"PM2.5, SO2"
2022-11-19,Imphal,2,Moderate,119,"PM2.5, SO2"
2022-11-19,Shillong,1,Good,21,SO2
2022-11-20,Imphal,2,Moderate,175,"PM2.5, SO2"
2022-11-20,Shillong,1,Good,21,SO2
2022-11-21,Imphal,2,Satisfactory,90,SO2
2022-11-21,Nandesari,1,Satisfactory,60,SO2
2022-11-21,Shillong,1,Good,21,SO2
2022-11-22,Imphal,2,Satisfactory,78,SO2
2022-11-22,Nandesari,1,Satisfactory,63,SO2
2022-11-22,Shillong,1,Good,21,SO2
2022-11-23,Imphal,2,Satisfactory,94,"PM2.5, SO2"
2022-11-23,Kolar,1,Satisfactory,68,SO2
2022-11-23,Nandesari,1,Satisfactory,65,SO2
2022-11-23,Salem,1,Satisfactory,81,SO2
2022-11-24,Imphal,2,Satisfactory,88,SO2
2022-11-24,Kanchipuram,1,Satisfactory,58,SO2
2022-11-24,Kolar,1,Satisfactory,68,SO2
2022-11-24,Nandesari,1,Satisfactory,68,SO2
2022-11-24,Ramanagara,1,Good,34,SO2
2022-11-24,Salem,1,Satisfactory,85,SO2
2022-11-25,Imphal,2,Moderate,108,"PM2.5, SO2"
2022-11-25,Kanchipuram,1,Satisfactory,58,SO2
2022-11-25,Shillong,1,Good,21,SO2
2022-11-26,Brajrajnagar,1,Satisfactory,79,SO2
2022-11-26,Imphal,2,Moderate,122,"PM2.5, SO2"
2022-11-26,Kanchipuram,1,Satisfactory,57,SO2
2022-11-26,Ooty,1,Good,49,SO2
2022-11-26,Salem,1,Satisfactory,64,SO2
2022-11-26,Shillong,1,Good,21,SO2
2022-11-27,Imphal,2,Moderate,130,"PM2.5, SO2"
2022-11-27,Madikeri,1,Good,21,SO2
2022-11-27,Shillong,1,Good,21,SO2
2022-11-28,Imphal,2,Satisfactory,89,SO2
2022-11-28,Shillong,1,Good,21,SO2
2022-11-29,Bidar,1,Satisfactory,73,SO2
2022-11-29,Imphal,2,Moderate,112,"PM2.5, SO2"
2022-11-29,Shillong,1,Good,23,SO2
2022-11-30,Imphal,2,Satisfactory,100,"PM2.5, SO2"
2022-12-01,Bidar,1,Satisfactory,80,SO2
2022-12-01,Imphal,2,Satisfactory,89,SO2
2022-12-02,Imphal,2,Satisfactory,72,SO2
2022-12-02,Kanchipuram,1,Satisfactory,56,SO2
2022-12-02,Ooty,1,Good,49,SO2
2022-12-03,Kanchipuram,1,Satisfactory,56,SO2
2022-12-03,Kolar,1,Satisfactory,69,SO2
2022-12-03,Madikeri,1,Good,22,SO2
2022-12-03,Nandesari,1,Satisfactory,84,SO2
2022-12-03,Ooty,1,Good,49,SO2
2022-12-04,Kanchipuram,1,Satisfactory,56,SO2
2022-12-04,Madikeri,1,Good,23,SO2
2022-12-04,Ooty,1,Good,49,SO2
2022-12-06,Bidar,1,Satisfactory,89,SO2
2022-12-06,Brajrajnagar,1,Satisfactory,67,SO2
2022-12-06,Imphal,2,Satisfactory,82,"PM2.5, SO2"
2022-12-06,Kolar,1,Moderate,193,SO2
2022-12-07,Bidar,1,Satisfactory,89,SO2
2022-12-07,Imphal,2,Satisfactory,93,"PM2.5, SO2"
2022-12-07,Kolar,1,Moderate,178,SO2
2022-12-07,Mandideep,1,Satisfactory,86,SO2
2022-12-08,Bidar,1,Satisfactory,76,SO2
2022-12-08,Imphal,2,Satisfactory,86,"PM2.5, SO2"
2022-12-08,Kolar,1,Moderate,170,SO2
2022-12-09,Imphal,2,Moderate,106,"PM2.5, SO2"
2022-12-09,Kolar,1,Moderate,168,SO2
2022-12-09,Ooty,1,Satisfactory,51,SO2
2022-12-09,Shillong,1,Good,22,SO2
2022-12-10,Imphal,2,Satisfactory,73,SO2
2022-12-11,Imphal,1,Satisfactory,73,SO2
2022-12-12,Gadag,1,Good,26,SO2
2022-12-12,Imphal,1,Satisfactory,73,SO2
2022-12-12,Kolar,1,Moderate,166,SO2
2022-12-12,Madikeri,1,Good,19,SO2
2022-12-12,Mandideep,1,Satisfactory,95,SO2
2022-12-13,Imphal,1,Satisfactory,73,SO2
2022-12-13,Kanchipuram,1,Satisfactory,57,SO2
2022-12-13,Mandideep,1,Satisfactory,95,SO2
2022-12-13,Ooty,1,Good,49,SO2
2022-12-13,Salem,1,Good,38,SO2
2022-12-14,Bidar,1,Satisfactory,72,SO2
2022-12-14,Kanchipuram,1,Satisfactory,58,SO2
2022-12-14,Mandideep,1,Moderate,105,SO2
2022-12-14,Ooty,1,Good,49,SO2
2022-12-15,Bidar,1,Satisfactory,72,SO2
2022-12-15,Imphal,2,Moderate,124,"PM2.5, SO2"
2022-12-15,Mandideep,1,Satisfactory,68,SO2
2022-12-15,Ooty,1,Good,49,SO2
2022-12-15,Salem,1,Good,35,SO2
2022-12-16,Bidar,1,Satisfactory,77,SO2
2022-12-16,Imphal,2,Moderate,138,"PM2.5, SO2"
2022-12-16,Kanchipuram,1,Satisfactory,58,SO2
2022-12-16,Ooty,1,Good,49,SO2
2022-12-16,Salem,1,Satisfactory,76,SO2
2022-12-17,Bidar,1,Satisfactory,81,SO2
2022-12-17,Imphal,2,Moderate,160,"PM2.5, SO2"
2022-12-17,Salem,1,Satisfactory,82,SO2
2022-12-18,Bidar,1,Satisfactory,84,SO2
2022-12-18,Kolar,1,Moderate,162,SO2
2022-12-19,Bidar,1,Satisfactory,87,SO2
2022-12-19,Imphal,2,Moderate,118,"PM2.5, SO2"
2022-12-20,Imphal,2,Moderate,104,"PM2.5, SO2"
2022-12-20,Kolar,1,Moderate,159,SO2
2022-12-20,Salem,1,Satisfactory,75,SO2
2022-12-21,Imphal,2,Moderate,112,"PM2.5, SO2"
2022-12-22,Imphal,2,Moderate,112,"PM2.5, SO2"
2022-12-22,Salem,1,Satisfactory,75,SO2
2022-12-23,Bidar,1,Satisfactory,78,SO2
2022-12-23,Imphal,2,Moderate,104,"PM2.5, SO2"
2022-12-24,Bidar,1,Satisfactory,76,SO2
2022-12-24,Imphal,2,Moderate,128,"PM2.5, SO2"
2022-12-24,Kolar,1,Moderate,157,SO2
2022-12-25,Imphal,2,Moderate,104,"PM2.5, SO2"
2022-12-25,Kanchipuram,1,Satisfactory,58,SO2
2022-12-25,Ooty,1,Good,48,SO2
2022-12-26,Bidar,1,Satisfactory,68,SO2
2022-12-26,Imphal,2,Moderate,170,"PM2.5, SO2"
2022-12-26,Kanchipuram,1,Satisfactory,58,SO2
2022-12-26,Tirupur,1,Good,27,SO2
2022-12-27,Bidar,1,Satisfactory,68,SO2
2022-12-27,Imphal,2,Moderate,188,"PM2.5, SO2"
2022-12-27,Mandideep,1,Moderate,117,SO2
2022-12-27,Salem,1,Satisfactory,72,SO2
2022-12-27,Tirupur,1,Good,28,SO2
2022-12-28,Bidar,1,Satisfactory,70,SO2
2022-12-28,Imphal,1,Satisfactory,64,SO2
2022-12-28,Kanchipuram,1,Satisfactory,57,SO2
2022-12-28,Salem,1,Satisfactory,71,SO2
2022-12-29,Bidar,1,Satisfactory,69,SO2
2022-12-29,Imphal,2,Moderate,106,"PM2.5, SO2"
2022-12-29,Kanchipuram,1,Satisfactory,58,SO2
2022-12-29,Salem,1,Satisfactory,70,SO2
2022-12-30,Imphal,2,Moderate,118,"PM2.5, SO2"
2022-12-30,Salem,1,Satisfactory,70,SO2
2022-12-31,Imphal,2,Moderate,108,"PM2.5, SO2"
2022-12-31,Salem,1,Satisfactory,71,SO2
2023-01-01,Salem,1,Satisfactory,70,SO2
2023-01-02,Imphal,2,Moderate,158,"PM2.5, SO2"
2023-01-02,Salem,1,Satisfactory,71,SO2
2023-01-03,Kolar,1,Moderate,157,SO2
2023-01-04,Imphal,2,Moderate,131,"PM2.5, SO2"
2023-01-04,Salem,1,Satisfactory,71,SO2
2023-01-05,Ankleshwar,1,Satisfactory,69,SO2
2023-01-05,Chennai,8,Satisfactory,80,"PM2.5, SO2"
2023-01-05,Imphal,2,Moderate,128,"PM2.5, SO2"
2023-01-05,Mandideep,1,Moderate,105,SO2
2023-01-05,Salem,1,Satisfactory,73,SO2
2023-01-06,Imphal,2,Moderate,130,"PM2.5, SO2"
2023-01-06,Mandideep,1,Satisfactory,92,SO2
2023-01-07,Imphal,2,Moderate,132,"PM2.5, SO2"
2023-01-07,Mandideep,1,Satisfactory,99,SO2
2023-01-07,Ooty,1,Good,47,SO2
2023-01-08,Imphal,2,Moderate,142,"PM2.5, SO2"
2023-01-08,Shillong,1,Good,34,SO2
2023-01-09,Imphal,2,Moderate,133,"PM2.5, SO2"
2023-01-10,Imphal,2,Moderate,124,"PM2.5, SO2"
2023-01-10,Salem,1,Satisfactory,83,SO2
2023-01-11,Imphal,2,Satisfactory,98,"PM2.5, SO2"
2023-01-12,Imphal,2,Moderate,128,"PM2.5, SO2"
2023-01-12,Raichur,1,Satisfactory,79,SO2
2023-01-12,Salem,1,Satisfactory,90,SO2
2023-01-13,Imphal,2,Satisfactory,76,SO2
2023-01-13,Kolar,1,Moderate,167,SO2
2023-01-13,Salem,1,Satisfactory,90,SO2
2023-01-14,Imphal,1,Satisfactory,78,SO2
2023-01-14,Kolar,1,Moderate,167,SO2
2023-01-14,Salem,1,Satisfactory,90,SO2
2023-01-15,Imphal,1,Satisfactory,77,SO2
2023-01-16,Imphal,1,Satisfactory,77,SO2
2023-01-17,Imphal,2,Moderate,136,"PM2.5, SO2"
2023-01-17,Mandideep,1,Moderate,104,SO2
2023-01-17,Salem,1,Satisfactory,90,SO2
2023-01-18,Imphal,2,Moderate,153,"PM2.5, SO2"
2023-01-18,Mandideep,1,Satisfactory,86,SO2
2023-01-19,Imphal,2,Moderate,140,"PM2.5, SO2"
2023-01-19,Mandideep,1,Moderate,110,SO2
2023-01-20,Imphal,2,Moderate,112,"PM2.5, SO2"
2023-01-21,Imphal,2,Moderate,110,"PM2.5, SO2"
2023-01-21,Kolar,1,Moderate,167,SO2
2023-01-22,Kolar,1,Moderate,167,SO2
2023-01-23,Kolar,1,Moderate,166,SO2
2023-01-24,Imphal,2,Moderate,138,"PM2.5, SO2"
2023-01-24,Kolar,1,Moderate,166,SO2
2023-01-24,Ooty,1,Good,46,SO2
2023-01-24,Salem,1,Satisfactory,98,SO2
2023-01-25,Imphal,2,Moderate,139,"PM2.5, SO2"
2023-01-25,Moradabad,6,Good,38,"PM2.5, SO2"
2023-01-25,Salem,1,Satisfactory,98,SO2
2023-01-26,Imphal,2,Moderate,136,"PM2.5, SO2"
2023-01-26,Salem,1,Satisfactory,97,SO2
2023-01-26,Talcher,1,Satisfactory,76,SO2
2023-01-27,Imphal,2,Moderate,156,"PM2.5, SO2"
2023-01-27,Kolar,1,Moderate,165,SO2
2023-01-27,Varanasi,4,Good,40,"PM10, SO2"
2023-01-28,Gandhinagar,3,Moderate,134,"PM2.5, SO2"
2023-01-28,Imphal,2,Moderate,160,"PM2.5, SO2"
2023-01-28,Kolar,1,Moderate,164,SO2
2023-01-28,Talcher,1,Satisfactory,70,SO2
2023-01-29,Gandhinagar,3,Moderate,126,"PM2.5, SO2"
2023-01-29,Imphal,2,Moderate,138,"PM2.5, SO2"
2023-01-30,Imphal,2,Moderate,111,"PM2.5, SO2"
2023-01-31,Imphal,2,Moderate,113,"PM2.5, SO2"
2023-01-31,Kolar,1,Moderate,166,SO2
2023-02-01,Mandideep,1,Satisfactory,82,SO2
2023-02-01,Prayagraj,3,Satisfactory,62,"PM10, SO2"
2023-02-01,Salem,1,Satisfactory,97,SO2
2023-02-01,Varanasi,4,Good,39,"NO2, SO2"
2023-02-02,Kolar,1,Moderate,166,SO2
2023-02-02,Prayagraj,3,Satisfactory,68,SO2
2023-02-02,Salem,1,Satisfactory,95,SO2
2023-02-02,Varanasi,3,Good,42,"PM10, SO2"
2023-02-03,Kolar,1,Moderate,164,SO2
2023-02-03,Salem,1,Satisfactory,95,SO2
2023-02-03,Varanasi,4,Good,44,"PM10, SO2"
2023-02-04,Kolar,1,Moderate,167,SO2
2023-02-04,Salem,1,Satisfactory,91,SO2
2023-02-05,Ooty,1,Good,47,SO2
2023-02-07,Imphal,2,Moderate,133,"PM2.5, SO2"
2023-02-07,Kolar,1,Moderate,172,SO2
2023-02-08,Salem,1,Satisfactory,96,SO2
2023-02-09,Hapur,1,Satisfactory,66,SO2
2023-02-09,Kolar,1,Moderate,168,SO2
2023-02-09,Salem,1,Satisfactory,93,SO2
2023-02-10,Kolar,1,Moderate,175,SO2
2023-02-11,Imphal,2,Moderate,127,"PM2.5, SO2"
2023-02-12,Imphal,2,Moderate,144,"PM2.5, SO2"
2023-02-12,Varanasi,4,Good,49,"PM10, SO2"
2023-02-13,Agra,6,Good,31,"O3, SO2"
2023-02-13,Imphal,2,Moderate,106,"PM2.5, SO2"
2023-02-14,Imphal,2,Moderate,114,"PM10, SO2"
2023-02-14,Prayagraj,3,Satisfactory,77,"PM10, SO2"
2023-02-15,Imphal,2,Moderate,121,"PM2.5, SO2"
2023-02-15,Prayagraj,3,Satisfactory,79,SO2
2023-02-15,Salem,1,Satisfactory,95,SO2
2023-02-16,Imphal,2,Moderate,154,"PM2.5, SO2"
2023-02-16,Kolar,1,Moderate,169,SO2
2023-02-16,Salem,1,Satisfactory,97,SO2
2023-02-17,Imphal,2,Moderate,134,"PM2.5, SO2"
2023-02-17,Kolar,1,Moderate,166,SO2
2023-02-17,Salem,1,Satisfactory,97,SO2
2023-02-18,Imphal,2,Moderate,103,"PM2.5, SO2"
2023-02-18,Salem,1,Satisfactory,99,SO2
2023-02-19,Imphal,2,Moderate,110,"PM2.5, SO2"
2023-02-19,Kolar,1,Moderate,167,SO2
2023-02-19,Salem,1,Moderate,102,SO2
2023-02-20,Imphal,2,Moderate,125,"PM2.5, SO2"
2023-02-20,Kolar,1,Moderate,165,SO2
2023-02-20,Salem,1,Moderate,101,SO2
2023-02-21,Imphal,2,Moderate,148,"PM2.5, SO2"
2023-02-21,Salem,1,Moderate,101,SO2
2023-02-22,Imphal,2,Moderate,148,"PM2.5, SO2"
2023-02-22,Kolar,1,Moderate,166,SO2
2023-02-23,Imphal,2,Moderate,135,"PM2.5, SO2"
2023-02-23,Varanasi,4,Good,50,"PM10, SO2"
2023-02-24,Imphal,2,Satisfactory,100,"PM2.5, SO2"
2023-02-24,Salem,1,Satisfactory,100,SO2
2023-02-24,Varanasi,4,Satisfactory,55,"PM10, SO2"
2023-02-25,Imphal,2,Moderate,110,"PM10, SO2"
2023-02-25,Madikeri,1,Good,37,SO2
2023-02-26,Imphal,2,Moderate,126,"PM2.5, SO2"
2023-02-27,Imphal,2,Moderate,122,"PM10, SO2"
2023-02-28,Imphal,2,Satisfactory,86,SO2
2023-02-28,Kolar,1,Moderate,164,SO2
2023-03-01,Imphal,1,Satisfactory,86,SO2
2023-03-01,Kolar,1,Moderate,167,SO2
2023-03-01,Salem,1,Satisfactory,93,SO2
2023-03-02,Imphal,1,Satisfactory,86,SO2
2023-03-02,Kolar,1,Moderate,168,SO2
2023-03-03,Kolar,1,Moderate,169,SO2
2023-03-03,Ooty,1,Good,47,SO2
2023-03-03,Varanasi,4,Satisfactory,54,"PM10, SO2"
2023-03-04,Ooty,1,Good,48,SO2
2023-03-04,Varanasi,4,Satisfactory,51,"PM10, SO2"
2023-03-05,Varanasi,4,Good,50,"PM10, SO2"
2023-03-06,Varanasi,4,Satisfactory,52,"O3, SO2"
2023-03-07,Jhansi,1,Satisfactory,58,SO2
2023-03-07,Varanasi,4,Satisfactory,70,"PM10, SO2"
2023-03-08,Jhansi,1,Satisfactory,59,SO2
2023-03-08,Ooty,1,Good,48,SO2
2023-03-09,Jhansi,1,Satisfactory,54,SO2
2023-03-09,Varanasi,4,Good,46,"O3, SO2"
2023-03-10,Jhansi,1,Satisfactory,56,SO2
2023-03-11,Imphal,2,Moderate,168,"PM2.5, SO2"
2023-03-11,Varanasi,4,Good,48,"O3, SO2"
2023-03-13,Hapur,1,Satisfactory,85,SO2
2023-03-13,Imphal,2,Moderate,161,"PM2.5, SO2"
2023-03-14,Dindigul,1,Good,44,SO2
2023-03-14,Imphal,2,Moderate,167,"PM2.5, SO2"
2023-03-14,Salem,1,Satisfactory,81,SO2
2023-03-15,Imphal,2,Moderate,170,"PM2.5, SO2"
2023-03-16,Imphal,2,Moderate,118,"PM2.5, SO2"
2023-03-17,Madikeri,1,Good,34,SO2
2023-03-17,Palkalaiperur,1,Satisfactory,52,SO2
2023-03-17,Raichur,1,Good,43,SO2
2023-03-18,Jhansi,1,Satisfactory,58,SO2
2023-03-18,Palkalaiperur,1,Satisfactory,52,SO2
2023-03-18,Raichur,1,Good,42,SO2
2023-03-19,Palkalaiperur,1,Satisfactory,53,SO2
2023-03-20,Gorakhpur,1,Satisfactory,58,SO2
2023-03-20,Jhansi,1,Satisfactory,59,SO2
2023-03-20,Madikeri,1,Good,29,SO2
2023-03-20,Ooty,1,Good,48,SO2
2023-03-20,Palkalaiperur,1,Satisfactory,53,SO2
2023-03-20,Ramanathapuram,1,Good,15,SO2
2023-03-20,Shillong,1,Good,33,SO2
2023-03-20,Varanasi,3,Good,46,SO2
2023-03-21,Gadag,1,Good,32,SO2
2023-03-21,Imphal,1,Good,47,SO2
2023-03-21,Jhansi,1,Satisfactory,55,SO2
2023-03-21,Khurja,1,Satisfactory,65,SO2
2023-03-21,Moradabad,6,Good,47,"CO, SO2"
2023-03-21,Ooty,1,Good,48,SO2
2023-03-21,Palkalaiperur,1,Satisfactory,53,SO2
2023-03-21,Ramanathapuram,1,Good,15,SO2
2023-03-21,Salem,1,Satisfactory,98,SO2
2023-03-21,Shillong,1,Good,33,SO2
2023-03-21,Vellore,1,Good,32,SO2
2023-03-22,Gorakhpur,1,Satisfactory,58,SO2
2023-03-22,Jhansi,1,Satisfactory,56,SO2
2023-03-22,Moradabad,5,Good,48,"PM2.5, SO2"
2023-03-22,Palkalaiperur,1,Satisfactory,52,SO2
2023-03-22,Salem,1,Satisfactory,98,SO2
2023-03-22,Shillong,1,Good,33,SO2
2023-03-22,Varanasi,4,Good,46,"PM2.5, SO2"
2023-03-23,Gorakhpur,1,Satisfactory,58,SO2
2023-03-23,Jhansi,1,Satisfactory,57,SO2
2023-03-23,Palkalaiperur,1,Satisfactory,52,SO2
2023-03-24,Imphal,2,Satisfactory,82,SO2
2023-03-24,Palkalaiperur,1,Satisfactory,52,SO2
2023-03-25,Imphal,2,Satisfactory,85,SO2
2023-03-25,Palkalaiperur,1,Satisfactory,52,SO2
2023-03-25,Ratlam,1,Satisfactory,92,SO2
2023-03-25,Salem,1,Satisfactory,99,SO2
2023-03-26,Imphal,2,Satisfactory,86,SO2
2023-03-26,Jhansi,1,Satisfactory,60,SO2
2023-03-26,Palkalaiperur,1,Satisfactory,52,SO2
2023-03-26,Salem,1,Satisfactory,99,SO2
2023-03-26,Vellore,1,Good,42,SO2
2023-03-27,Palkalaiperur,1,Satisfactory,52,SO2
2023-03-27,Raichur,1,Satisfactory,51,SO2
2023-03-27,Salem,1,Satisfactory,99,SO2
2023-03-28,Chennai,7,Satisfactory,54,"CO, SO2"
2023-03-28,Imphal,2,Satisfactory,99,"PM10, SO2"
2023-03-28,Palkalaiperur,1,Satisfactory,52,SO2
2023-03-28,Ratlam,1,Moderate,122,SO2
2023-03-29,Chennai,7,Satisfactory,58,"CO, SO2"
2023-03-29,Gadag,1,Good,32,SO2
2023-03-29,Imphal,2,Satisfactory,99,"PM10, SO2"
2023-03-29,Palkalaiperur,1,Satisfactory,52,SO2
2023-03-29,Raichur,1,Satisfactory,63,SO2
2023-03-29,Salem,1,Satisfactory,79,SO2
2023-03-30,Chennai,7,Satisfactory,56,"CO, SO2"
2023-03-30,Gorakhpur,1,Satisfactory,59,SO2
2023-03-30,Imphal,2,Satisfactory,99,"PM10, SO2"
2023-03-30,Palkalaiperur,1,Satisfactory,52,SO2
2023-03-31,Khurja,1,Satisfactory,67,SO2
2023-03-31,Moradabad,5,Good,50,"CO, SO2"
2023-03-31,Palkalaiperur,1,Satisfactory,51,SO2
2023-03-31,Raichur,1,Satisfactory,65,SO2
2023-04-01,Jhansi,1,Satisfactory,59,SO2
2023-04-01,Khurja,1,Satisfactory,64,SO2
2023-04-01,Moradabad,5,Satisfactory,58,"CO, SO2"
2023-04-01,Palkalaiperur,1,Satisfactory,51,SO2
2023-04-01,Salem,1,Satisfactory,83,SO2
2023-04-01,Varanasi,3,Good,35,"CO, SO2"
2023-04-02,Jhansi,1,Satisfactory,60,SO2
2023-04-02,Khurja,1,Satisfactory,67,SO2
2023-04-02,Palkalaiperur,1,Satisfactory,51,SO2
2023-04-03,Chennai,7,Satisfactory,72,"PM10, SO2"
2023-04-03,Jhansi,1,Satisfactory,62,SO2
2023-04-03,Palkalaiperur,1,Satisfactory,51,SO2
2023-04-03,Raichur,1,Satisfactory,51,SO2
2023-04-04,Imphal,2,Satisfactory,82,SO2
2023-04-04,Palkalaiperur,1,Satisfactory,51,SO2
2023-04-04,Salem,1,Satisfactory,81,SO2
2023-04-05,Gorakhpur,1,Satisfactory,59,SO2
2023-04-05,Imphal,2,Satisfactory,78,SO2
2023-04-05,Jhansi,1,Satisfactory,68,SO2
2023-04-05,Palkalaiperur,1,Satisfactory,51,SO2
2023-04-06,Khurja,1,Satisfactory,67,SO2
2023-04-06,Kochi,1,Satisfactory,56,SO2
2023-04-06,Palkalaiperur,1,Satisfactory,52,SO2
2023-04-07,Dindigul,1,Good,40,SO2
2023-04-07,Imphal,2,Satisfactory,92,"PM10, SO2"
2023-04-07,Salem,1,Satisfactory,81,SO2
2023-04-08,Dindigul,1,Good,41,SO2
2023-04-08,Imphal,2,Moderate,114,"PM10, SO2"
2023-04-08,Kochi,1,Satisfactory,56,SO2
2023-04-08,Palkalaiperur,1,Good,50,SO2
2023-04-08,Salem,1,Satisfactory,88,SO2
2023-04-09,Dindigul,1,Good,41,SO2
2023-04-09,Imphal,2,Moderate,112,"PM10, SO2"
2023-04-09,Palkalaiperur,1,Satisfactory,51,SO2
2023-04-09,Salem,1,Satisfactory,99,SO2
2023-04-10,Dindigul,1,Good,41,SO2
2023-04-10,Imphal,2,Satisfactory,91,SO2
2023-04-10,Ooty,1,Good,49,SO2
2023-04-10,Palkalaiperur,1,Satisfactory,51,SO2
2023-04-10,Salem,1,Satisfactory,89,SO2
2023-04-11,Dindigul,1,Good,41,SO2
2023-04-11,Gadag,1,Good,33,SO2
2023-04-11,Imphal,1,Satisfactory,92,SO2
2023-04-11,Ooty,1,Good,49,SO2
2023-04-11,Salem,1,Satisfactory,99,SO2
2023-04-12,Imphal,2,Moderate,120,"PM10, SO2"
2023-04-12,Ooty,1,Good,48,SO2
2023-04-12,Palkalaiperur,1,Satisfactory,51,SO2
2023-04-13,Imphal,2,Moderate,122,"PM2.5, SO2"
2023-04-13,Ooty,1,Good,48,SO2
2023-04-13,Palkalaiperur,1,Satisfactory,51,SO2
2023-04-14,Imphal,2,Moderate,146,"PM2.5, SO2"
2023-04-14,Palkalaiperur,1,Satisfactory,51,SO2
2023-04-14,Salem,1,Satisfactory,94,SO2
2023-04-15,Imphal,2,Moderate,118,"PM10, SO2"
2023-04-16,Imphal,2,Moderate,134,"PM2.5, SO2"
2023-04-16,Jhansi,1,Satisfactory,68,SO2
2023-04-16,Prayagraj,3,Satisfactory,52,SO2
2023-04-17,Imphal,2,Moderate,128,"PM2.5, SO2"
2023-04-18,Dindigul,1,Good,42,SO2
2023-04-18,Imphal,2,Moderate,107,"PM10, SO2"
2023-04-18,Palkalaiperur,1,Satisfactory,51,SO2
2023-04-19,Imphal,2,Moderate,123,"PM2.5, SO2"
2023-04-19,Palkalaiperur,1,Satisfactory,51,SO2
2023-04-20,Imphal,2,Moderate,108,"PM10, SO2"
2023-04-20,Palkalaiperur,1,Good,50,SO2
2023-04-22,Ahmedabad,8,Moderate,109,"PM10, SO2"
2023-04-22,Imphal,2,Satisfactory,74,SO2
2023-04-22,Khurja,1,Satisfactory,60,SO2
2023-04-23,Aurangabad (Bihar),1,Satisfactory,71,SO2
2023-04-23,Dindigul,1,Good,45,SO2
2023-04-23,Imphal,2,Satisfactory,90,SO2
2023-04-23,Khurja,1,Satisfactory,61,SO2
2023-04-23,Varanasi,4,Satisfactory,56,"PM2.5, SO2"
2023-04-24,Ahmedabad,8,Moderate,109,"PM10, SO2"
2023-04-24,Gadag,1,Good,28,SO2
2023-04-25,Dindigul,1,Good,45,SO2
2023-04-25,Gadag,1,Good,45,SO2
2023-04-25,Imphal,1,Satisfactory,93,SO2
2023-04-25,Khurja,1,Satisfactory,64,SO2
2023-04-25,Kochi,1,Satisfactory,62,SO2
2023-04-25,Madikeri,1,Good,30,SO2
2023-04-26,Dindigul,1,Good,45,SO2
2023-04-26,Gadag,1,Good,45,SO2
2023-04-26,Imphal,2,Satisfactory,82,SO2
2023-04-26,Kalaburagi,2,Good,45,"PM10, SO2"
2023-04-26,Raichur,1,Good,41,SO2
2023-04-27,Gadag,1,Good,49,SO2
2023-04-27,Imphal,2,Satisfactory,82,SO2
2023-04-28,Gadag,1,Good,50,SO2
2023-04-28,Imphal,2,Satisfactory,78,SO2
2023-04-28,Kalaburagi,2,Good,47,SO2
2023-04-28,Varanasi,4,Satisfactory,65,SO2
2023-04-29,Chennai,6,Satisfactory,54,"CO, SO2"
2023-04-29,Dindigul,1,Good,45,SO2
2023-04-29,Gadag,1,Good,45,SO2
2023-04-29,Imphal,2,Satisfactory,89,SO2
2023-04-29,Ooty,1,Good,49,SO2
2023-04-29,Salem,1,Satisfactory,88,SO2
2023-04-29,Varanasi,4,Good,50,SO2
2023-04-30,Imphal,2,Satisfactory,78,SO2
2023-04-30,Ooty,1,Good,49,SO2
2023-04-30,Salem,1,Satisfactory,88,SO2
2023-04-30,Tirupur,1,Good,27,SO2
2023-04-30,Varanasi,3,Good,47,SO2
2023-05-01,Bhopal,3,Satisfactory,73,SO2
2023-05-01,Gadag,1,Good,47,SO2
2023-05-01,Imphal,2,Satisfactory,82,SO2
2023-05-01,Jhansi,1,Satisfactory,53,SO2
2023-05-01,Prayagraj,3,Good,40,"PM10, SO2"
2023-05-01,Tirupur,1,Good,27,SO2
2023-05-01,Varanasi,3,Satisfactory,59,SO2
2023-05-02,Gangtok,1,Good,32,SO2
2023-05-02,Gorakhpur,1,Satisfactory,65,SO2
2023-05-02,Imphal,2,Satisfactory,60,SO2
2023-05-02,Kanchipuram,1,Good,19,SO2
2023-05-02,Madikeri,1,Good,43,SO2
2023-05-02,Ooty,1,Good,49,SO2
2023-05-02,Prayagraj,3,Good,46,SO2
2023-05-02,Shillong,1,Good,39,SO2
2023-05-02,Tirupur,1,Good,28,SO2
2023-05-03,Chennai,8,Satisfactory,59,"CO, SO2"
2023-05-03,Gadag,1,Good,47,SO2
2023-05-03,Imphal,2,Satisfactory,78,SO2
2023-05-03,Kalaburagi,2,Good,37,SO2
2023-05-03,Ooty,1,Good,49,SO2
2023-05-03,Tirupur,1,Good,26,SO2
2023-05-03,Varanasi,4,Good,50,"O3, SO2"
2023-05-04,Agartala,1,Satisfactory,85,SO2
2023-05-04,Chennai,8,Satisfactory,59,"CO, SO2"
2023-05-04,Gangtok,1,Good,33,SO2
2023-05-04,Gorakhpur,1,Satisfactory,62,SO2
2023-05-04,Imphal,2,Satisfactory,96,SO2
2023-05-04,Palkalaiperur,1,Satisfactory,59,SO2
2023-05-04,Panchkula,1,Satisfactory,51,SO2
2023-05-04,Prayagraj,3,Good,38,"O3, SO2"
2023-05-05,Gadag,1,Good,48,SO2
2023-05-05,Haldia,1,Good,24,SO2
2023-05-05,Kalaburagi,1,Good,44,SO2
2023-05-05,Salem,1,Satisfactory,91,SO2
2023-05-05,Shillong,1,Good,39,SO2
2023-05-06,Chennai,8,Satisfactory,64,"CO, SO2"
2023-05-06,Dindigul,1,Good,46,SO2
2023-05-06,Gadag,1,Good,46,SO2
2023-05-06,Kalaburagi,2,Good,39,SO2
2023-05-06,Madikeri,1,Good,28,SO2
2023-05-06,Tirupur,1,Good,28,SO2
2023-05-07,Chennai,8,Satisfactory,66,"NO2, SO2"
2023-05-07,Ooty,1,Good,50,SO2
2023-05-07,Palkalaiperur,1,Satisfactory,62,SO2
2023-05-07,Salem,1,Satisfactory,92,SO2
2023-05-07,Tirupur,1,Good,27,SO2
2023-05-08,Chennai,8,Satisfactory,65,"NO2, SO2"
2023-05-08,Palkalaiperur,1,Satisfactory,63,SO2
2023-05-09,Chennai,8,Satisfactory,67,SO2
2023-05-09,Khurja,1,Satisfactory,64,SO2
2023-05-09,Ooty,1,Good,49,SO2
2023-05-10,Chennai,7,Satisfactory,58,SO2
2023-05-10,Dindigul,1,Good,46,SO2
2023-05-10,Kalaburagi,1,Good,45,SO2
2023-05-10,Moradabad,6,Satisfactory,84,"PM10, SO2"
2023-05-10,Ooty,1,Good,50,SO2
2023-05-10,Palkalaiperur,1,Satisfactory,63,SO2
2023-05-10,Salem,1,Satisfactory,93,SO2
2023-05-11,Kochi,1,Satisfactory,96,SO2
2023-05-11,Palkalaiperur,1,Satisfactory,61,SO2
2023-05-11,Salem,1,Satisfactory,96,SO2
2023-05-12,Kochi,1,Satisfactory,97,SO2
2023-05-13,Chennai,7,Satisfactory,89,"PM10, SO2"
2023-05-13,Tirupur,1,Good,26,SO2
2023-05-14,Chennai,7,Moderate,101,"PM10, SO2"
2023-05-14,Mumbai,15,Satisfactory,52,"CO, SO2"
2023-05-14,Raichur,1,Good,34,SO2
2023-05-14,Vrindavan,1,Satisfactory,82,SO2
2023-05-15,Agartala,1,Satisfactory,73,SO2
2023-05-15,Chennai,7,Satisfactory,92,"PM10, SO2"
2023-05-15,Gadag,1,Good,46,SO2
2023-05-15,Kohima,1,Good,35,SO2
2023-05-15,Shillong,1,Good,39,SO2
2023-05-16,Agartala,1,Satisfactory,82,SO2
2023-05-16,Chennai,8,Satisfactory,83,"PM2.5, SO2"
2023-05-16,Gadag,1,Good,47,SO2
2023-05-16,Gangtok,1,Good,35,SO2
2023-05-17,Agartala,1,Satisfactory,83,SO2
2023-05-17,Gadag,1,Good,45,SO2
2023-05-18,Agartala,1,Satisfactory,81,SO2
2023-05-18,Gadag,1,Good,45,SO2
2023-05-18,Guwahati,4,Good,40,"O3, SO2"
2023-05-18,Salem,1,Satisfactory,77,SO2
2023-05-19,Agartala,1,Satisfactory,82,SO2
2023-05-19,Bengaluru,9,Satisfactory,76,"CO, SO2"
2023-05-19,Gadag,1,Good,44,SO2
2023-05-19,Salem,1,Satisfactory,71,SO2
2023-05-20,Agartala,1,Satisfactory,86,SO2
2023-05-20,Gadag,1,Good,50,SO2
2023-05-20,Palkalaiperur,1,Satisfactory,62,SO2
2023-05-21,Gadag,1,Good,44,SO2
2023-05-21,Mandikhera,1,Good,25,SO2
2023-05-21,Palkalaiperur,1,Satisfactory,62,SO2
2023-05-22,Agartala,1,Satisfactory,86,SO2
2023-05-22,Dindigul,1,Good,47,SO2
2023-05-22,Gadag,1,Good,47,SO2
2023-05-22,Salem,1,Satisfactory,81,SO2
2023-05-23,Palkalaiperur,1,Satisfactory,62,SO2
2023-05-23,Raichur,1,Good,44,SO2
2023-05-24,Agartala,1,Satisfactory,82,SO2
2023-05-24,Gorakhpur,1,Satisfactory,68,SO2
2023-05-24,Moradabad,6,Satisfactory,80,SO2
2023-05-24,Palkalaiperur,1,Satisfactory,62,SO2
2023-05-24,Raichur,1,Good,46,SO2
2023-05-24,Vrindavan,1,Good,44,SO2
2023-05-25,Gadag,1,Good,47,SO2
2023-05-25,Jhansi,1,Good,50,SO2
2023-05-25,Palkalaiperur,1,Satisfactory,62,SO2
2023-05-26,Agartala,1,Satisfactory,85,SO2
2023-05-26,Brajrajnagar,1,Good,34,SO2
2023-05-26,Gadag,1,Good,46,SO2
2023-05-26,Moradabad,6,Satisfactory,66,"PM2.5, SO2"
2023-05-26,Palkalaiperur,1,Satisfactory,62,SO2
2023-05-27,Agartala,1,Satisfactory,87,SO2
2023-05-27,Gadag,1,Good,47,SO2
2023-05-27,Gangtok,1,Good,36,SO2
2023-05-27,Palkalaiperur,1,Satisfactory,64,SO2
2023-05-28,Agartala,1,Satisfactory,85,SO2
2023-05-28,Gangtok,1,Good,36,SO2
2023-05-28,Guwahati,4,Good,45,"O3, SO2"
2023-05-28,Palkalaiperur,1,Satisfactory,62,SO2
2023-05-29,Gadag,1,Good,47,SO2
2023-05-29,Palkalaiperur,1,Satisfactory,63,SO2
2023-05-30,Moradabad,6,Satisfactory,82,"PM2.5, SO2"
2023-05-30,Palkalaiperur,1,Satisfactory,62,SO2
2023-05-31,Palkalaiperur,1,Satisfactory,63,SO2
2023-06-01,Palkalaiperur,1,Satisfactory,63,SO2
2023-06-01,Rohtak,1,Satisfactory,95,SO2
2023-06-02,Gadag,1,Good,48,SO2
2023-06-02,Mandikhera,1,Good,26,SO2
2023-06-02,Palkalaiperur,1,Satisfactory,63,SO2
2023-06-02,Rohtak,1,Satisfactory,83,SO2
2023-06-03,Palkalaiperur,1,Satisfactory,62,SO2
2023-06-04,Gadag,1,Good,47,SO2
2023-06-04,Palkalaiperur,1,Satisfactory,62,SO2
2023-06-05,Palkalaiperur,1,Satisfactory,63,SO2
2023-06-06,Gadag,1,Good,49,SO2
2023-06-06,Palkalaiperur,1,Satisfactory,62,SO2
2023-06-07,Gadag,1,Good,47,SO2
2023-06-07,Palkalaiperur,1,Satisfactory,62,SO2
2023-06-07,Raichur,1,Satisfactory,54,SO2
2023-06-08,Kohima,1,Good,40,SO2
2023-06-08,Ooty,1,Good,50,SO2
2023-06-08,Palkalaiperur,1,Satisfactory,62,SO2
2023-06-08,Raichur,1,Satisfactory,53,SO2
2023-06-09,Gangtok,1,Good,48,SO2
2023-06-09,Kochi,1,Satisfactory,80,SO2
2023-06-09,Kohima,1,Good,40,SO2
2023-06-09,Madikeri,1,Good,25,SO2
2023-06-09,Palkalaiperur,1,Satisfactory,62,SO2
2023-06-09,Raichur,1,Good,46,SO2
2023-06-10,Gangtok,1,Good,47,SO2
2023-06-10,Kohima,1,Good,39,SO2
2023-06-10,Ooty,1,Good,50,SO2
2023-06-10,Raichur,1,Good,39,SO2
2023-06-10,Shillong,1,Good,26,SO2
2023-06-11,Gangtok,1,Good,46,SO2
2023-06-11,Guwahati,3,Good,32,"O3, SO2"
2023-06-11,Jhansi,1,Satisfactory,55,SO2
2023-06-11,Kohima,1,Good,40,SO2
2023-06-11,Ooty,1,Good,50,SO2
2023-06-11,Shillong,1,Good,26,SO2
2023-06-12,Gadag,1,Good,47,SO2
2023-06-12,Gangtok,1,Good,45,SO2
2023-06-12,Guwahati,3,Good,45,"O3, SO2"
2023-06-12,Jhansi,1,Satisfactory,55,SO2
2023-06-12,Kohima,1,Good,40,SO2
2023-06-12,Ooty,1,Good,50,SO2
2023-06-12,Palkalaiperur,1,Satisfactory,62,SO2
2023-06-12,Shillong,1,Good,26,SO2
2023-06-13,Dindigul,1,Good,26,SO2
2023-06-13,Gangtok,1,Good,43,SO2
2023-06-13,Guwahati,4,Good,33,"PM10, SO2"
2023-06-13,Jhansi,1,Satisfactory,55,SO2
2023-06-13,Kohima,1,Good,42,SO2
2023-06-13,Mumbai,16,Satisfactory,83,"CO, SO2"
2023-06-13,Ooty,1,Good,50,SO2
2023-06-13,Palkalaiperur,1,Satisfactory,63,SO2
2023-06-14,Dindigul,1,Good,40,SO2
2023-06-14,Gadag,1,Good,48,SO2
2023-06-14,Gangtok,1,Good,42,SO2
2023-06-14,Jhansi,1,Satisfactory,57,SO2
2023-06-14,Ooty,1,Good,50,SO2
2023-06-14,Palkalaiperur,1,Satisfactory,62,SO2
2023-06-15,Gangtok,1,Good,42,SO2
2023-06-15,Guwahati,4,Good,50,"O3, SO2"
2023-06-15,Ooty,1,Good,50,SO2
2023-06-15,Palkalaiperur,1,Satisfactory,62,SO2
2023-06-15,Salem,1,Satisfactory,94,SO2
2023-06-16,Gadag,1,Good,48,SO2
2023-06-16,Gangtok,1,Good,42,SO2
2023-06-16,Guwahati,4,Good,39,"O3, SO2"
2023-06-16,Mumbai,18,Satisfactory,84,"PM10, SO2"
2023-06-16,Ooty,1,Good,50,SO2
2023-06-16,Palkalaiperur,1,Satisfactory,62,SO2
2023-06-17,Gadag,1,Good,48,SO2
2023-06-17,Gangtok,1,Good,42,SO2
2023-06-17,Guwahati,4,Good,40,"O3, SO2"
2023-06-17,Palkalaiperur,1,Satisfactory,62,SO2
2023-06-18,Gadag,1,Good,45,SO2
2023-06-18,Gangtok,1,Good,43,SO2
2023-06-18,Guwahati,4,Good,27,SO2
2023-06-18,Palkalaiperur,1,Satisfactory,63,SO2
2023-06-19,Kohima,1,Good,42,SO2
2023-06-19,Mandikhera,1,Good,26,SO2
2023-06-19,Ooty,1,Good,50,SO2
2023-06-19,Palkalaiperur,1,Satisfactory,65,SO2
2023-06-19,Shillong,1,Good,25,SO2
2023-06-20,Guwahati,3,Good,30,"PM2.5, SO2"
2023-06-20,Mandikhera,1,Good,25,SO2
2023-06-20,Ooty,1,Good,50,SO2
2023-06-20,Palkalaiperur,1,Satisfactory,65,SO2
2023-06-21,Dindigul,1,Good,41,SO2
2023-06-21,Guwahati,3,Good,33,"PM2.5, SO2"
2023-06-21,Mandikhera,1,Good,25,SO2
2023-06-21,Ooty,1,Good,50,SO2
2023-06-21,Palkalaiperur,1,Satisfactory,66,SO2
2023-06-21,Salem,1,Satisfactory,96,SO2
2023-06-22,Gangtok,1,Good,49,SO2
2023-06-22,Guwahati,3,Good,33,"PM2.5, SO2"
2023-06-22,Mandikhera,1,Good,25,SO2
2023-06-22,Ooty,1,Good,50,SO2
2023-06-22,Salem,1,Satisfactory,98,SO2
2023-06-22,Varanasi,4,Good,46,"PM10, SO2"
2023-06-23,Gadag,1,Good,47,SO2
2023-06-23,Gangtok,1,Good,48,SO2
2023-06-23,Kohima,1,Good,42,SO2
2023-06-23,Ooty,1,Good,50,SO2
2023-06-23,Salem,1,Satisfactory,97,SO2
2023-06-24,Gadag,1,Good,45,SO2
2023-06-24,Gangtok,1,Good,49,SO2
2023-06-24,Kohima,1,Good,42,SO2
2023-06-24,Madikeri,1,Good,17,SO2
2023-06-24,Ooty,1,Good,50,SO2
2023-06-24,Palkalaiperur,1,Satisfactory,65,SO2
2023-06-25,Gadag,1,Good,46,SO2
2023-06-25,Gangtok,1,Good,48,SO2
2023-06-25,Kohima,1,Good,43,SO2
2023-06-25,Koppal,1,Good,19,SO2
2023-06-25,Palkalaiperur,1,Satisfactory,65,SO2
2023-06-25,Shillong,1,Good,23,SO2
2023-06-25,Varanasi,4,Good,50,SO2
2023-06-26,Gadag,1,Good,49,SO2
2023-06-26,Gangtok,1,Good,48,SO2
2023-06-26,Kohima,1,Good,43,SO2
2023-06-26,Moradabad,5,Satisfactory,58,"CO, SO2"
2023-06-26,Ooty,1,Good,50,SO2
2023-06-26,Palkalaiperur,1,Satisfactory,65,SO2
2023-06-26,Shillong,1,Good,23,SO2
2023-06-26,Varanasi,4,Good,42,"NO2, SO2"
2023-06-27,Dindigul,1,Good,41,SO2
2023-06-27,Gangtok,1,Good,48,SO2
2023-06-27,Guwahati,4,Satisfactory,56,"PM2.5, SO2"
2023-06-27,Koppal,1,Good,21,SO2
2023-06-27,Madikeri,1,Good,14,SO2
2023-06-27,Mumbai,16,Satisfactory,58,"CO, SO2"
2023-06-27,Ooty,1,Good,50,SO2
2023-06-27,Prayagraj,3,Satisfactory,74,"PM10, SO2"
2023-06-27,Salem,1,Satisfactory,98,SO2
2023-06-27,Shillong,1,Good,23,SO2
2023-06-27,Varanasi,4,Good,41,"CO, SO2"
2023-06-28,Dindigul,1,Good,41,SO2
2023-06-28,Gangtok,1,Good,48,SO2
2023-06-28,Gorakhpur,1,Good,46,SO2
2023-06-28,Kohima,1,Good,42,SO2
2023-06-28,Moradabad,6,Satisfactory,55,"CO, SO2"
2023-06-28,Ooty,1,Good,50,SO2
2023-06-28,Palkalaiperur,1,Satisfactory,65,SO2
2023-06-28,Prayagraj,3,Satisfactory,64,"PM10, SO2"
2023-06-28,Shillong,1,Good,23,SO2
2023-06-28,Varanasi,4,Good,41,SO2
2023-06-29,Bareilly,2,Good,25,SO2
2023-06-29,Dindigul,1,Good,41,SO2
2023-06-29,Gangtok,1,Good,48,SO2
2023-06-29,Gorakhpur,1,Good,50,SO2
2023-06-29,Guwahati,4,Good,46,"PM2.5, SO2"
2023-06-29,Khurja,1,Satisfactory,92,SO2
2023-06-29,Kohima,1,Good,42,SO2
2023-06-29,Ooty,1,Good,50,SO2
2023-06-29,Palkalaiperur,1,Satisfactory,65,SO2
2023-06-29,Shillong,1,Good,23,SO2
2023-06-29,Varanasi,4,Good,36,"PM10, SO2"
2023-06-30,Durgapur,1,Satisfactory,56,SO2
2023-06-30,Gangtok,1,Good,48,SO2
2023-06-30,Gorakhpur,1,Good,50,SO2
2023-06-30,Khurja,1,Satisfactory,96,SO2
2023-06-30,Kohima,1,Good,43,SO2
2023-06-30,Moradabad,6,Satisfactory,54,"CO, SO2"
2023-06-30,Palkalaiperur,1,Satisfactory,64,SO2
2023-06-30,Prayagraj,3,Good,26,SO2
2023-06-30,Shillong,1,Good,23,SO2
2023-06-30,Varanasi,3,Good,36,SO2
2023-06-30,Vrindavan,1,Good,30,SO2
2023-07-01,Bareilly,2,Good,25,SO2
2023-07-01,Dindigul,1,Good,41,SO2
2023-07-01,Gangtok,1,Good,50,SO2
2023-07-01,Gorakhpur,1,Good,49,SO2
2023-07-01,Khurja,1,Satisfactory,92,SO2
2023-07-01,Kohima,1,Good,43,SO2
2023-07-01,Madikeri,1,Good,21,SO2
2023-07-01,Moradabad,6,Good,45,"PM2.5, SO2"
2023-07-01,Ooty,1,Good,49,SO2
2023-07-01,Palkalaiperur,1,Satisfactory,64,SO2
2023-07-01,Shillong,1,Good,22,SO2
2023-07-01,Varanasi,3,Good,34,SO2
2023-07-02,Bareilly,2,Good,37,"PM10, SO2"
2023-07-02,Dindigul,1,Good,40,SO2
2023-07-02,Gangtok,1,Good,50,SO2
2023-07-02,Gorakhpur,1,Good,49,SO2
2023-07-02,Guwahati,4,Satisfactory,63,"PM2.5, SO2"
2023-07-02,Kohima,1,Good,42,SO2
2023-07-02,Korba,2,Good,40,"NO2, SO2"
2023-07-02,Moradabad,5,Good,49,"CO, SO2"
2023-07-02,Ooty,1,Good,49,SO2
2023-07-02,Palkalaiperur,1,Satisfactory,64,SO2
2023-07-02,Raichur,1,Good,46,SO2
2023-07-02,Shillong,1,Good,22,SO2
2023-07-02,Varanasi,3,Good,32,SO2
2023-07-03,Amaravati,1,Good,20,SO2
2023-07-03,Gangtok,1,Good,50,SO2
2023-07-03,Gorakhpur,1,Good,50,SO2
2023-07-03,Kohima,1,Good,43,SO2
2023-07-03,Ooty,1,Good,50,SO2
2023-07-03,Palkalaiperur,1,Satisfactory,65,SO2
2023-07-03,Raichur,1,Good,46,SO2
2023-07-03,Varanasi,3,Good,42,SO2
2023-07-04,Gangtok,1,Good,50,SO2
2023-07-04,Guwahati,4,Satisfactory,55,"CO, SO2"
2023-07-04,Hassan,1,Good,33,SO2
2023-07-04,Kanchipuram,1,Good,19,SO2
2023-07-04,Kohima,1,Good,44,SO2
2023-07-04,Ooty,1,Good,50,SO2
2023-07-04,Palkalaiperur,1,Satisfactory,65,SO2
2023-07-04,Raichur,1,Good,47,SO2
2023-07-04,Salem,1,Satisfactory,59,SO2
2023-07-04,Shillong,1,Good,21,SO2
2023-07-04,Varanasi,3,Good,40,SO2
2023-07-05,Dindigul,1,Good,41,SO2
2023-07-05,Gadag,1,Good,46,SO2
2023-07-05,Gangtok,1,Satisfactory,51,SO2
2023-07-05,Guwahati,4,Satisfactory,62,"CO, SO2"
2023-07-05,Kanchipuram,1,Good,19,SO2
2023-07-05,Kohima,1,Good,43,SO2
2023-07-05,Ooty,1,Satisfactory,51,SO2
2023-07-05,Palkalaiperur,1,Satisfactory,66,SO2
2023-07-05,Varanasi,3,Good,38,SO2
2023-07-06,Dindigul,1,Good,41,SO2
2023-07-06,Gangtok,1,Satisfactory,53,SO2
2023-07-06,Guwahati,4,Satisfactory,80,"PM2.5, SO2"
2023-07-06,Kanchipuram,1,Good,19,SO2
2023-07-06,Palkalaiperur,1,Satisfactory,65,SO2
2023-07-06,Shillong,1,Good,21,SO2
2023-07-07,Bareilly,2,Good,35,"PM2.5, SO2"
2023-07-07,Gadag,1,Good,46,SO2
2023-07-07,Gangtok,1,Satisfactory,52,SO2
2023-07-07,Guwahati,4,Good,36,"PM2.5, SO2"
2023-07-07,Kohima,1,Good,44,SO2
2023-07-07,Koppal,1,Good,21,SO2
2023-07-07,Madikeri,1,Good,28,SO2
2023-07-07,Moradabad,5,Satisfactory,67,SO2
2023-07-07,Ooty,1,Satisfactory,51,SO2
2023-07-07,Palkalaiperur,1,Satisfactory,65,SO2
2023-07-07,Ratlam,1,Good,24,SO2
2023-07-07,Shillong,1,Good,21,SO2
2023-07-07,Varanasi,4,Good,32,SO2
2023-07-08,Bareilly,2,Good,25,SO2
2023-07-08,Dindigul,1,Good,41,SO2
2023-07-08,Gadag,1,Good,46,SO2
2023-07-08,Gangtok,1,Satisfactory,52,SO2
2023-07-08,Gorakhpur,1,Good,50,SO2
2023-07-08,Guwahati,3,Good,32,"O3, SO2"
2023-07-08,Kohima,1,Good,45,SO2
2023-07-08,Koppal,1,Good,23,SO2
2023-07-08,Ooty,1,Satisfactory,51,SO2
2023-07-08,Palkalaiperur,1,Satisfactory,65,SO2
2023-07-08,Ratlam,1,Good,23,SO2
2023-07-08,Salem,1,Moderate,103,SO2
2023-07-08,Shillong,1,Good,21,SO2
2023-07-08,Varanasi,4,Good,32,"PM10, SO2"
2023-07-09,Gadag,1,Good,46,SO2
2023-07-09,Gangtok,1,Satisfactory,52,SO2
2023-07-09,Kohima,1,Good,46,SO2
2023-07-09,Koppal,1,Good,23,SO2
2023-07-09,Ooty,1,Satisfactory,51,SO2
2023-07-09,Palkalaiperur,1,Satisfactory,65,SO2
2023-07-09,Raichur,1,Satisfactory,87,SO2
2023-07-09,Salem,1,Moderate,103,SO2
2023-07-09,Shillong,1,Good,21,SO2
2023-07-10,Gangtok,1,Satisfactory,52,SO2
2023-07-10,Guwahati,4,Satisfactory,59,"PM2.5, SO2"
2023-07-10,Khurja,1,Satisfactory,74,SO2
2023-07-10,Kohima,1,Good,45,SO2
2023-07-10,Koppal,1,Good,26,SO2
2023-07-10,Ooty,1,Good,50,SO2
2023-07-10,Palkalaiperur,1,Satisfactory,65,SO2
2023-07-10,Raichur,1,Satisfactory,74,SO2
2023-07-10,Ratlam,1,Good,26,SO2
2023-07-10,Shillong,1,Good,21,SO2
2023-07-11,Bareilly,2,Good,25,SO2
2023-07-11,Gangtok,1,Satisfactory,53,SO2
2023-07-11,Kanchipuram,1,Good,27,SO2
2023-07-11,Kohima,1,Good,48,SO2
2023-07-11,Koppal,1,Good,22,SO2
2023-07-11,Ooty,1,Good,50,SO2
2023-07-11,Palkalaiperur,1,Satisfactory,64,SO2
2023-07-11,Salem,1,Moderate,103,SO2
2023-07-11,Sivasagar,1,Good,40,SO2
2023-07-11,Varanasi,4,Good,32,"O3, SO2"
2023-07-12,Bareilly,2,Good,38,"PM2.5, SO2"
2023-07-12,Gangtok,1,Satisfactory,51,SO2
2023-07-12,Guwahati,4,Satisfactory,59,"CO, SO2"
2023-07-12,Kanchipuram,1,Good,31,SO2
2023-07-12,Kohima,1,Good,46,SO2
2023-07-12,Koppal,1,Good,26,SO2
2023-07-12,Ooty,1,Satisfactory,51,SO2
2023-07-12,Palkalaiperur,1,Satisfactory,65,SO2
2023-07-12,Salem,1,Moderate,103,SO2
2023-07-12,Shillong,1,Good,20,SO2
2023-07-13,Dindigul,1,Good,41,SO2
2023-07-13,Gangtok,1,Good,50,SO2
2023-07-13,Kanchipuram,1,Good,31,SO2
2023-07-13,Khurja,1,Good,43,SO2
2023-07-13,Kohima,1,Good,49,SO2
2023-07-13,Koppal,1,Good,25,SO2
2023-07-13,Ooty,1,Good,50,SO2
2023-07-13,Palkalaiperur,1,Satisfactory,64,SO2
2023-07-13,Sivasagar,1,Good,22,SO2
2023-07-13,Vrindavan,1,Good,27,SO2
2023-07-14,Dindigul,1,Good,41,SO2
2023-07-14,Gangtok,1,Satisfactory,51,SO2
2023-07-14,Guwahati,3,Satisfactory,80,"PM10, SO2"
2023-07-14,Khurja,1,Good,39,SO2
2023-07-14,Kohima,1,Good,47,SO2
2023-07-14,Koppal,1,Good,24,SO2
2023-07-14,Ooty,1,Good,50,SO2
2023-07-14,Raichur,1,Good,45,SO2
2023-07-14,Sivasagar,1,Good,27,SO2
2023-07-14,Vrindavan,1,Good,27,SO2
2023-07-14,Yadgir,1,Good,22,SO2
2023-07-15,Brajrajnagar,1,Good,33,SO2
2023-07-15,Gangtok,1,Satisfactory,54,SO2
2023-07-15,Guwahati,4,Satisfactory,54,"CO, SO2"
2023-07-15,Kohima,1,Satisfactory,56,SO2
2023-07-15,Koppal,1,Good,23,SO2
2023-07-15,Ooty,1,Good,50,SO2
2023-07-15,Palkalaiperur,1,Satisfactory,65,SO2
2023-07-15,Shillong,1,Good,20,SO2
2023-07-15,Sivasagar,1,Good,27,SO2
2023-07-15,Varanasi,4,Good,30,"PM10, SO2"
2023-07-16,Bareilly,2,Good,45,"PM2.5, SO2"
2023-07-16,Gangtok,1,Satisfactory,54,SO2
2023-07-16,Guwahati,4,Satisfactory,59,"CO, SO2"
2023-07-16,Koppal,1,Good,27,SO2
2023-07-16,Mandikhera,1,Good,25,SO2
2023-07-16,Palkalaiperur,1,Satisfactory,66,SO2
2023-07-16,Shillong,1,Good,20,SO2
2023-07-16,Varanasi,4,Good,32,"PM10, SO2"
2023-07-16,Vrindavan,1,Good,24,SO2
2023-07-17,Gangtok,1,Satisfactory,53,SO2
2023-07-17,Gorakhpur,1,Good,49,SO2
2023-07-17,Guwahati,4,Good,50,"CO, SO2"
2023-07-17,Kohima,1,Satisfactory,61,SO2
2023-07-17,Koppal,1,Good,20,SO2
2023-07-17,Ooty,1,Good,50,SO2
2023-07-17,Palkalaiperur,1,Satisfactory,67,SO2
2023-07-17,Shillong,1,Good,20,SO2
2023-07-18,Bareilly,2,Good,47,"PM10, SO2"
2023-07-18,Gadag,1,Good,46,SO2
2023-07-18,Gangtok,1,Satisfactory,52,SO2
2023-07-18,Gorakhpur,1,Satisfactory,51,SO2
2023-07-18,Guwahati,4,Satisfactory,65,"PM10, SO2"
2023-07-18,Kohima,1,Satisfactory,58,SO2
2023-07-18,Koppal,1,Good,23,SO2
2023-07-18,Narnaul,1,Satisfactory,52,SO2
2023-07-18,Ooty,1,Good,50,SO2
2023-07-18,Palkalaiperur,1,Satisfactory,66,SO2
2023-07-18,Salem,1,Good,29,SO2
2023-07-18,Shillong,1,Good,20,SO2
2023-07-18,Varanasi,4,Good,33,"PM10, SO2"
2023-07-19,Bareilly,2,Good,36,"PM2.5, SO2"
2023-07-19,Gadag,1,Good,46,SO2
2023-07-19,Gangtok,1,Satisfactory,53,SO2
2023-07-19,Gorakhpur,1,Satisfactory,53,SO2
2023-07-19,Kohima,1,Good,50,SO2
2023-07-19,Koppal,1,Good,25,SO2
2023-07-19,Ooty,1,Satisfactory,51,SO2
2023-07-19,Palkalaiperur,1,Satisfactory,67,SO2
2023-07-19,Raichur,1,Good,46,SO2
2023-07-19,Salem,1,Good,38,SO2
2023-07-19,Varanasi,4,Good,34,"PM10, SO2"
2023-07-20,Gadag,1,Good,46,SO2
2023-07-20,Gangtok,1,Satisfactory,57,SO2
2023-07-20,Guwahati,4,Moderate,101,"O3, SO2"
2023-07-20,Kohima,1,Good,48,SO2
2023-07-20,Koppal,1,Good,29,SO2
2023-07-20,Ooty,1,Satisfactory,51,SO2
2023-07-20,Palkalaiperur,1,Satisfactory,67,SO2
2023-07-20,Salem,1,Satisfactory,82,SO2
2023-07-20,Sivasagar,1,Good,32,SO2
2023-07-20,Varanasi,4,Good,31,"PM10, SO2"
2023-07-21,Gadag,1,Good,46,SO2
2023-07-21,Gangtok,1,Satisfactory,57,SO2
2023-07-21,Guwahati,4,Satisfactory,59,"CO, SO2"
2023-07-21,Kohima,1,Good,47,SO2
2023-07-21,Koppal,1,Good,25,SO2
2023-07-21,Salem,1,Satisfactory,83,SO2
2023-07-21,Sivasagar,1,Good,33,SO2
2023-07-21,Varanasi,4,Good,28,SO2
2023-07-21,Yadgir,1,Good,21,SO2
2023-07-22,Gadag,1,Good,46,SO2
2023-07-22,Gangtok,1,Satisfactory,54,SO2
2023-07-22,Gorakhpur,1,Satisfactory,59,SO2
2023-07-22,Kohima,1,Good,47,SO2
2023-07-22,Koppal,1,Good,24,SO2
2023-07-22,Palkalaiperur,1,Satisfactory,66,SO2
2023-07-22,Rajamahendravaram,1,Good,41,SO2
2023-07-22,Salem,1,Satisfactory,81,SO2
2023-07-22,Shillong,1,Good,20,SO2
2023-07-22,Sivasagar,1,Good,33,SO2
2023-07-22,Yadgir,1,Good,22,SO2
2023-07-23,Anantapur,1,Good,39,SO2
2023-07-23,Bareilly,1,Good,26,SO2
2023-07-23,Durgapur,1,Good,27,SO2
2023-07-23,Gangtok,1,Satisfactory,54,SO2
2023-07-23,Gorakhpur,1,Satisfactory,62,SO2
2023-07-23,Guwahati,3,Satisfactory,65,"CO, SO2"
2023-07-23,Kohima,1,Good,47,SO2
2023-07-23,Koppal,1,Good,26,SO2
2023-07-23,Mahad,1,Good,42,SO2
2023-07-23,Panchkula,1,Good,50,SO2
2023-07-23,Salem,1,Satisfactory,70,SO2
2023-07-23,Shillong,1,Good,20,SO2
2023-07-23,Sivasagar,1,Good,32,SO2
2023-07-23,Yadgir,1,Good,25,SO2
2023-07-24,Bareilly,1,Good,26,SO2
2023-07-24,Dewas,1,Good,37,SO2
2023-07-24,Dindigul,1,Good,42,SO2
2023-07-24,Gangtok,1,Satisfactory,54,SO2
2023-07-24,Gorakhpur,1,Satisfactory,63,SO2
2023-07-24,Kohima,1,Good,46,SO2
2023-07-24,Kolar,1,Good,19,SO2
2023-07-24,Mahad,1,Good,35,SO2
2023-07-24,Raichur,1,Good,47,SO2
2023-07-24,Salem,1,Good,28,SO2
2023-07-24,Shillong,1,Good,20,SO2
2023-07-24,Sivasagar,1,Good,32,SO2
2023-07-24,Yadgir,1,Good,25,SO2
2023-07-25,Bareilly,1,Good,26,SO2
2023-07-25,Dewas,1,Good,34,SO2
2023-07-25,Dindigul,1,Good,42,SO2
2023-07-25,Gadag,1,Good,46,SO2
2023-07-25,Gangtok,1,Satisfactory,54,SO2
2023-07-25,Gorakhpur,1,Satisfactory,64,SO2
2023-07-25,Guwahati,4,Satisfactory,64,"PM10, SO2"
2023-07-25,Kohima,1,Good,45,SO2
2023-07-25,Salem,1,Good,33,SO2
2023-07-25,Sivasagar,1,Good,33,SO2
2023-07-26,Brajrajnagar,1,Good,34,SO2
2023-07-26,Gangtok,1,Satisfactory,55,SO2
2023-07-26,Gorakhpur,1,Satisfactory,68,SO2
2023-07-26,Kohima,1,Good,46,SO2
2023-07-26,Shillong,1,Good,19,SO2
2023-07-26,Sivasagar,1,Good,33,SO2
2023-07-27,Gangtok,1,Satisfactory,55,SO2
2023-07-27,Gorakhpur,1,Satisfactory,69,SO2
2023-07-27,Guwahati,4,Good,44,SO2
2023-07-27,Kohima,1,Good,46,SO2
2023-07-27,Ooty,1,Satisfactory,51,SO2
2023-07-27,Shillong,1,Good,19,SO2
2023-07-27,Sivasagar,1,Good,32,SO2
2023-07-27,Varanasi,4,Good,29,SO2
2023-07-27,Vrindavan,1,Good,27,SO2
2023-07-28,Gangtok,1,Satisfactory,57,SO2
2023-07-28,Gorakhpur,1,Satisfactory,71,SO2
2023-07-28,Guwahati,4,Satisfactory,56,"CO, SO2"
2023-07-28,Kohima,1,Good,47,SO2
2023-07-28,Palkalaiperur,1,Satisfactory,66,SO2
2023-07-28,Raichur,1,Good,47,SO2
2023-07-28,Shillong,2,Good,20,SO2
2023-07-28,Sivasagar,1,Good,22,SO2
2023-07-28,Varanasi,4,Good,34,"O3, SO2"
2023-07-28,Yadgir,1,Good,22,SO2
2023-07-29,Gadag,1,Good,46,SO2
2023-07-29,Gangtok,1,Satisfactory,55,SO2
2023-07-29,Gorakhpur,1,Satisfactory,72,SO2
2023-07-29,Guwahati,4,Satisfactory,55,"CO, SO2"
2023-07-29,Hassan,1,Good,41,SO2
2023-07-29,Khurja,1,Satisfactory,53,SO2
2023-07-29,Kohima,1,Good,47,SO2
2023-07-29,Koppal,1,Good,24,SO2
2023-07-29,Narnaul,1,Satisfactory,64,SO2
2023-07-29,Ooty,1,Satisfactory,51,SO2
2023-07-29,Palkalaiperur,1,Satisfactory,66,SO2
2023-07-29,Shillong,2,Good,20,"PM10, SO2"
2023-07-29,Vrindavan,1,Good,27,SO2
2023-07-30,Bareilly,1,Good,26,SO2
2023-07-30,Gadag,1,Good,46,SO2
2023-07-30,Gangtok,1,Satisfactory,57,SO2
2023-07-30,Gorakhpur,1,Satisfactory,72,SO2
2023-07-30,Guwahati,4,Good,37,"O3, SO2"
2023-07-30,Khurja,1,Satisfactory,67,SO2
2023-07-30,Kohima,1,Good,46,SO2
2023-07-30,Koppal,1,Good,25,SO2
2023-07-30,Palkalaiperur,1,Satisfactory,66,SO2
2023-07-31,Gadag,1,Good,46,SO2
2023-07-31,Gangtok,1,Satisfactory,58,SO2
2023-07-31,Gorakhpur,1,Satisfactory,70,SO2
2023-07-31,Guwahati,4,Satisfactory,62,"CO, SO2"
2023-07-31,Khurja,1,Satisfactory,85,SO2
2023-07-31,Kohima,1,Good,47,SO2
2023-07-31,Koppal,1,Good,41,SO2
2023-07-31,Narnaul,1,Satisfactory,94,SO2
2023-07-31,Palkalaiperur,1,Satisfactory,66,SO2
2023-07-31,Varanasi,4,Good,36,"O3, SO2"
2023-08-01,Gadag,1,Good,42,SO2
2023-08-01,Gangtok,1,Satisfactory,60,SO2
2023-08-01,Guwahati,3,Satisfactory,73,"CO, SO2"
2023-08-01,Kalaburagi,1,Good,44,SO2
2023-08-01,Kohima,1,Good,48,SO2
2023-08-01,Koppal,1,Good,27,SO2
2023-08-01,Ooty,1,Good,49,SO2
2023-08-01,Palkalaiperur,1,Satisfactory,65,SO2
2023-08-01,Shillong,2,Good,19,SO2
2023-08-01,Varanasi,3,Good,32,"PM10, SO2"
2023-08-01,Vrindavan,1,Good,28,SO2
2023-08-02,Gangtok,1,Satisfactory,58,SO2
2023-08-02,Guwahati,3,Good,50,SO2
2023-08-02,Palkalaiperur,1,Satisfactory,66,SO2
2023-08-02,Salem,1,Good,43,SO2
2023-08-02,Shillong,2,Good,20,SO2
2023-08-02,Varanasi,3,Good,42,"PM10, SO2"
2023-08-03,Gorakhpur,1,Good,42,SO2
2023-08-03,Guwahati,3,Good,40,"O3, SO2"
2023-08-03,Ooty,1,Good,49,SO2
2023-08-03,Palkalaiperur,1,Satisfactory,66,SO2
2023-08-03,Prayagraj,3,Good,44,"PM10, SO2"
2023-08-03,Salem,1,Satisfactory,80,SO2
2023-08-03,Shillong,1,Good,19,SO2
2023-08-04,Bagalkot,1,Satisfactory,84,SO2
2023-08-04,Gangtok,1,Satisfactory,55,SO2
2023-08-04,Gorakhpur,1,Good,44,SO2
2023-08-04,Guwahati,3,Good,34,"O3, SO2"
2023-08-04,Ooty,1,Good,49,SO2
2023-08-04,Palkalaiperur,1,Satisfactory,66,SO2
2023-08-04,Shillong,1,Good,19,SO2
2023-08-04,Varanasi,4,Good,32,"O3, SO2"
2023-08-05,Gadag,1,Good,46,SO2
2023-08-05,Gangtok,1,Satisfactory,55,SO2
2023-08-05,Guwahati,3,Satisfactory,65,"CO, SO2"
2023-08-05,Koppal,1,Good,28,SO2
2023-08-05,Ooty,1,Good,49,SO2
2023-08-05,Palkalaiperur,1,Satisfactory,66,SO2
2023-08-05,Shillong,1,Good,19,SO2
2023-08-05,Varanasi,4,Good,33,"PM10, SO2"
2023-08-05,Vrindavan,1,Good,28,SO2
2023-08-06,Bareilly,1,Good,35,SO2
2023-08-06,Brajrajnagar,1,Good,33,SO2
2023-08-06,Gadag,1,Good,46,SO2
2023-08-06,Gangtok,1,Satisfactory,54,SO2
2023-08-06,Guwahati,3,Satisfactory,63,"CO, SO2"
2023-08-06,Koppal,1,Good,30,SO2
2023-08-06,Ooty,1,Good,49,SO2
2023-08-06,Palkalaiperur,1,Satisfactory,66,SO2
2023-08-06,Shillong,1,Good,19,SO2
2023-08-07,Bareilly,2,Good,42,"PM10, SO2"
2023-08-07,Brajrajnagar,1,Good,33,SO2
2023-08-07,Gadag,1,Good,46,SO2
2023-08-07,Gangtok,1,Satisfactory,57,SO2
2023-08-07,Guwahati,2,Satisfactory,82,"CO, SO2"
2023-08-07,Koppal,1,Good,34,SO2
2023-08-07,Ooty,1,Good,49,SO2
2023-08-07,Palkalaiperur,1,Satisfactory,66,SO2
2023-08-07,Shillong,1,Good,19,SO2
2023-08-07,Varanasi,4,Good,24,"PM10, SO2"
2023-08-08,Gadag,1,Good,46,SO2
2023-08-08,Gangtok,1,Satisfactory,56,SO2
2023-08-08,Guwahati,2,Good,44,SO2
2023-08-08,Koppal,1,Good,30,SO2
2023-08-08,Palkalaiperur,1,Satisfactory,66,SO2
2023-08-08,Shillong,1,Good,19,SO2
2023-08-09,Gadag,1,Good,46,SO2
2023-08-09,Gangtok,1,Satisfactory,56,SO2
2023-08-09,Guwahati,2,Good,42,SO2
2023-08-09,Kohima,1,Good,49,SO2
2023-08-09,Ooty,1,Good,49,SO2
2023-08-09,Palkalaiperur,1,Satisfactory,66,SO2
2023-08-09,Shillong,1,Good,19,SO2
2023-08-10,Gadag,1,Good,46,SO2
2023-08-10,Gangtok,1,Satisfactory,55,SO2
2023-08-10,Ooty,1,Good,49,SO2
2023-08-10,Palkalaiperur,1,Satisfactory,66,SO2
2023-08-11,Gadag,1,Good,46,SO2
2023-08-11,Gangtok,1,Satisfactory,60,SO2
2023-08-11,Gorakhpur,1,Satisfactory,56,SO2
2023-08-11,Kohima,1,Good,49,SO2
2023-08-11,Ooty,1,Good,49,SO2
2023-08-11,Palkalaiperur,1,Satisfactory,66,SO2
2023-08-11,Salem,1,Satisfactory,78,SO2
2023-08-12,Gadag,1,Good,46,SO2
2023-08-12,Gangtok,1,Satisfactory,60,SO2
2023-08-12,Kohima,1,Good,48,SO2
2023-08-12,Koppal,1,Good,36,SO2
2023-08-12,Salem,1,Satisfactory,78,SO2
2023-08-13,Gangtok,1,Satisfactory,58,SO2
2023-08-13,Guwahati,3,Satisfactory,71,"CO, SO2"
2023-08-13,Kohima,1,Good,49,SO2
2023-08-13,Koppal,1,Good,37,SO2
2023-08-13,Mahad,1,Good,29,SO2
2023-08-13,Shillong,2,Good,22,"O3, SO2"
2023-08-14,Gadag,1,Good,47,SO2
2023-08-14,Gangtok,1,Satisfactory,56,SO2
2023-08-14,Guwahati,3,Satisfactory,67,"CO, SO2"
2023-08-14,Kohima,1,Good,50,SO2
2023-08-14,Koppal,1,Good,31,SO2
2023-08-15,Gadag,1,Good,46,SO2
2023-08-15,Gandhinagar,1,Satisfactory,70,SO2
2023-08-15,Gangtok,1,Satisfactory,60,SO2
2023-08-15,Guwahati,3,Satisfactory,78,"CO, SO2"
2023-08-15,Kohima,1,Good,50,SO2
2023-08-15,Koppal,1,Good,33,SO2
2023-08-16,Gandhinagar,1,Satisfactory,70,SO2
2023-08-16,Gangtok,1,Satisfactory,60,SO2
2023-08-16,Guwahati,3,Satisfactory,78,"CO, SO2"
2023-08-16,Kalaburagi,1,Good,47,SO2
2023-08-16,Kohima,1,Good,50,SO2
2023-08-16,Koppal,1,Good,30,SO2
2023-08-16,Mahad,1,Good,39,SO2
2023-08-17,Gadag,1,Good,45,SO2
2023-08-17,Guwahati,3,Moderate,125,"PM10, SO2"
2023-08-17,Kohima,1,Good,50,SO2
2023-08-17,Salem,1,Satisfactory,80,SO2
2023-08-18,Brajrajnagar,1,Good,33,SO2
2023-08-18,Guwahati,3,Satisfactory,71,"CO, SO2"
2023-08-18,Kohima,1,Satisfactory,52,SO2
2023-08-18,Koppal,1,Good,35,SO2
2023-08-19,Durgapur,1,Good,34,SO2
2023-08-19,Gorakhpur,1,Satisfactory,60,SO2
2023-08-19,Guwahati,3,Satisfactory,74,"CO, SO2"
2023-08-19,Kohima,1,Satisfactory,52,SO2
2023-08-19,Koppal,1,Good,33,SO2
2023-08-19,Ooty,1,Satisfactory,51,SO2
2023-08-19,Salem,1,Satisfactory,79,SO2
2023-08-19,Shillong,2,Good,26,"PM10, SO2"
2023-08-19,Varanasi,4,Good,29,"PM10, SO2"
2023-08-20,Bareilly,1,Good,30,SO2
2023-08-20,Gadag,1,Good,46,SO2
2023-08-20,Gangtok,1,Satisfactory,61,SO2
2023-08-20,Gorakhpur,1,Satisfactory,51,SO2
2023-08-20,Guwahati,3,Satisfactory,65,"CO, SO2"
2023-08-20,Kohima,1,Good,50,SO2
2023-08-20,Mahad,1,Good,37,SO2
2023-08-20,Shillong,2,Good,26,"PM10, SO2"
2023-08-20,Vrindavan,1,Good,28,SO2
2023-08-21,Ballabgarh,1,Satisfactory,61,SO2
2023-08-21,Gangtok,1,Satisfactory,60,SO2
2023-08-21,Guwahati,3,Satisfactory,74,"CO, SO2"
2023-08-21,Kohima,1,Satisfactory,54,SO2
2023-08-21,Koppal,1,Good,35,SO2
2023-08-21,Ratlam,1,Good,21,SO2
2023-08-21,Salem,1,Satisfactory,80,SO2
2023-08-22,Bathinda,1,Satisfactory,60,SO2
2023-08-22,Gangtok,1,Satisfactory,58,SO2
2023-08-22,Gorakhpur,1,Satisfactory,53,SO2
2023-08-22,Guwahati,3,Satisfactory,76,"CO, SO2"
2023-08-22,Hassan,1,Good,43,SO2
2023-08-22,Kohima,1,Satisfactory,53,SO2
2023-08-22,Mahad,1,Good,36,SO2
2023-08-22,Palkalaiperur,1,Satisfactory,74,SO2
2023-08-23,Gangtok,1,Satisfactory,57,SO2
2023-08-23,Gorakhpur,1,Satisfactory,55,SO2
2023-08-23,Guwahati,4,Satisfactory,52,"CO, SO2"
2023-08-23,Karnal,1,Satisfactory,61,SO2
2023-08-23,Kohima,1,Satisfactory,53,SO2
2023-08-23,Koppal,1,Good,40,SO2
2023-08-23,Mahad,1,Good,35,SO2
2023-08-23,Palkalaiperur,1,Satisfactory,73,SO2
2023-08-23,Vrindavan,1,Good,30,SO2
2023-08-24,Gangtok,1,Satisfactory,56,SO2
2023-08-24,Gorakhpur,1,Satisfactory,55,SO2
2023-08-24,Guwahati,4,Satisfactory,62,"CO, SO2"
2023-08-24,Karnal,1,Satisfactory,65,SO2
2023-08-24,Kohima,1,Satisfactory,54,SO2
2023-08-24,Palkalaiperur,1,Satisfactory,73,SO2
2023-08-24,Shillong,2,Good,26,"PM10, SO2"
2023-08-24,Talcher,1,Good,40,SO2
2023-08-24,Varanasi,4,Good,27,"O3, SO2"
2023-08-24,Vrindavan,1,Good,29,SO2
2023-08-25,Brajrajnagar,1,Good,33,SO2
2023-08-25,Gadag,1,Good,44,SO2
2023-08-25,Gangtok,1,Satisfactory,56,SO2
2023-08-25,Gorakhpur,1,Satisfactory,54,SO2
2023-08-25,Guwahati,3,Satisfactory,61,"CO, SO2"
2023-08-25,Hassan,1,Good,35,SO2
2023-08-25,Kohima,1,Good,49,SO2
2023-08-25,Palkalaiperur,1,Satisfactory,73,SO2
2023-08-25,Salem,1,Satisfactory,78,SO2
2023-08-25,Shillong,2,Good,24,"PM10, SO2"
2023-08-25,Varanasi,4,Good,29,"PM10, SO2"
2023-08-26,Gadag,1,Good,45,SO2
2023-08-26,Gangtok,1,Satisfactory,57,SO2
2023-08-26,Gorakhpur,1,Satisfactory,54,SO2
2023-08-26,Guwahati,4,Satisfactory,52,"CO, SO2"
2023-08-26,Kohima,1,Good,49,SO2
2023-08-26,Palkalaiperur,1,Satisfactory,72,SO2
2023-08-26,Shillong,2,Good,19,SO2
2023-08-27,Gangtok,1,Satisfactory,58,SO2
2023-08-27,Guwahati,4,Satisfactory,55,"CO, SO2"
2023-08-27,Kohima,1,Satisfactory,51,SO2
2023-08-28,Gangtok,1,Satisfactory,59,SO2
2023-08-28,Guwahati,4,Satisfactory,58,"CO, SO2"
2023-08-28,Kohima,1,Satisfactory,51,SO2
2023-08-29,Gadag,1,Good,49,SO2
2023-08-29,Gangtok,1,Satisfactory,59,SO2
2023-08-29,Karnal,1,Satisfactory,62,SO2
2023-08-29,Mahad,1,Good,30,SO2
2023-08-29,Panchkula,1,Satisfactory,84,SO2
2023-08-29,Raichur,1,Satisfactory,51,SO2
2023-08-30,Gadag,1,Good,46,SO2
2023-08-30,Gangtok,1,Satisfactory,62,SO2
2023-08-31,Gadag,1,Good,46,SO2
2023-08-31,Gangtok,1,Satisfactory,62,SO2
2023-08-31,Hassan,1,Good,44,SO2
2023-08-31,Palkalaiperur,1,Satisfactory,72,SO2
2023-09-01,Gangtok,1,Satisfactory,60,SO2
2023-09-01,Raichur,1,Satisfactory,52,SO2
2023-09-02,Gadag,1,Good,39,SO2
2023-09-02,Gangtok,1,Satisfactory,65,SO2
2023-09-03,Gadag,1,Good,39,SO2
2023-09-03,Gangtok,1,Satisfactory,62,SO2
2023-09-04,Gangtok,1,Satisfactory,61,SO2
2023-09-04,Gorakhpur,1,Satisfactory,56,SO2
2023-09-04,Kohima,1,Satisfactory,55,SO2
2023-09-04,Talcher,1,Good,40,SO2
2023-09-05,Durgapur,1,Good,34,SO2
2023-09-05,Gadag,1,Good,47,SO2
2023-09-05,Gangtok,1,Satisfactory,61,SO2
2023-09-05,Gorakhpur,1,Satisfactory,59,SO2
2023-09-05,Karnal,1,Satisfactory,68,SO2
2023-09-05,Kohima,1,Satisfactory,58,SO2
2023-09-05,Salem,1,Satisfactory,79,SO2
2023-09-05,Talcher,1,Good,39,SO2
2023-09-06,Chikkaballapur,1,Good,23,SO2
2023-09-06,Durgapur,1,Good,34,SO2
2023-09-06,Gadag,1,Good,46,SO2
2023-09-06,Gangtok,1,Satisfactory,62,SO2
2023-09-06,Hassan,1,Good,49,SO2
2023-09-06,Kohima,1,Satisfactory,51,SO2
2023-09-06,Salem,1,Satisfactory,80,SO2
2023-09-06,Shillong,2,Good,36,"PM10, SO2"
2023-09-06,Talcher,1,Good,36,SO2
2023-09-06,Vrindavan,1,Good,29,SO2
2023-09-07,Brajrajnagar,1,Good,33,SO2
2023-09-07,Dewas,1,Good,46,SO2
2023-09-07,Gadag,1,Good,47,SO2
2023-09-07,Gangtok,1,Satisfactory,63,SO2
2023-09-07,Gorakhpur,1,Satisfactory,58,SO2
2023-09-07,Guwahati,4,Satisfactory,67,"CO, SO2"
2023-09-07,Hassan,1,Good,47,SO2
2023-09-07,Kohima,1,Good,50,SO2
2023-09-07,Kolkata,7,Good,30,"O3, SO2"
2023-09-07,Shillong,2,Good,31,"PM10, SO2"
2023-09-07,Talcher,1,Good,35,SO2
2023-09-07,Tirupur,1,Good,22,SO2
2023-09-07,Vrindavan,1,Good,30,SO2
2023-09-08,Gadag,1,Good,46,SO2
2023-09-08,Gangtok,1,Satisfactory,62,SO2
2023-09-08,Guwahati,3,Satisfactory,68,"CO, SO2"
2023-09-08,Kohima,1,Satisfactory,52,SO2
2023-09-08,Mandideep,1,Satisfactory,87,SO2
2023-09-08,Mumbai,22,Satisfactory,65,"CO, SO2"
2023-09-08,Shillong,1,Good,18,SO2
2023-09-08,Vrindavan,1,Good,28,SO2
2023-09-09,Bareilly,2,Good,33,"CO, SO2"
2023-09-09,Faridabad,3,Satisfactory,88,"CO, SO2"
2023-09-09,Gadag,1,Good,45,SO2
2023-09-09,Gangtok,1,Satisfactory,56,SO2
2023-09-09,Guwahati,3,Satisfactory,63,"CO, SO2"
2023-09-09,Hassan,1,Good,45,SO2
2023-09-09,Karnal,1,Good,44,SO2
2023-09-09,Mandikhera,1,Good,25,SO2
2023-09-09,Munger,1,Good,25,SO2
2023-09-09,Narnaul,1,Good,44,SO2
2023-09-09,Raichur,1,Good,50,SO2
2023-09-09,Salem,1,Satisfactory,77,SO2
2023-09-09,Shillong,1,Good,18,SO2
2023-09-09,Singrauli,1,Satisfactory,61,SO2
2023-09-09,Vrindavan,1,Good,30,SO2
2023-09-10,Bareilly,2,Good,33,"CO, SO2"
2023-09-10,Faridabad,3,Satisfactory,62,"PM10, SO2"
2023-09-10,Gadag,1,Good,45,SO2
2023-09-10,Gangtok,1,Satisfactory,60,SO2
2023-09-10,Khurja,1,Good,46,SO2
2023-09-10,Mandikhera,1,Good,25,SO2
2023-09-10,Mumbai,19,Satisfactory,54,"PM10, SO2"
2023-09-10,Narnaul,1,Good,45,SO2
2023-09-10,Salem,1,Good,26,SO2
2023-09-10,Singrauli,1,Satisfactory,79,SO2
2023-09-10,Vrindavan,1,Good,28,SO2
2023-09-11,Bareilly,1,Good,31,SO2
2023-09-11,Gadag,1,Good,43,SO2
2023-09-11,Gangtok,1,Satisfactory,63,SO2
2023-09-11,Mandikhera,1,Good,25,SO2
2023-09-11,Mumbai,18,Satisfactory,54,"CO, SO2"
2023-09-11,Narnaul,1,Good,42,SO2
2023-09-11,Palkalaiperur,1,Good,25,SO2
2023-09-11,Salem,1,Good,26,SO2
2023-09-11,Singrauli,1,Satisfactory,77,SO2
2023-09-11,Vrindavan,1,Good,28,SO2
2023-09-12,Gangtok,1,Satisfactory,62,SO2
2023-09-12,Mumbai,21,Satisfactory,59,"PM10, SO2"
2023-09-12,Palkalaiperur,1,Good,25,SO2
2023-09-12,Raichur,1,Satisfactory,51,SO2
2023-09-12,Rohtak,1,Good,47,SO2
2023-09-12,Salem,1,Satisfactory,69,SO2
2023-09-12,Vrindavan,1,Good,29,SO2
2023-09-13,Gadag,1,Good,47,SO2
2023-09-13,Gangtok,1,Satisfactory,59,SO2
2023-09-13,Hassan,1,Good,46,SO2
2023-09-13,Mumbai,18,Satisfactory,58,"CO, SO2"
2023-09-13,Raichur,1,Satisfactory,52,SO2
2023-09-13,Shillong,2,Good,30,"PM10, SO2"
2023-09-13,Vrindavan,1,Good,31,SO2
2023-09-14,Durgapur,1,Good,34,SO2
2023-09-14,Gangtok,1,Satisfactory,62,SO2
2023-09-14,Guwahati,3,Satisfactory,67,"CO, SO2"
2023-09-14,Kohima,1,Satisfactory,52,SO2
2023-09-14,Kolkata,6,Good,31,"CO, SO2"
2023-09-14,Raichur,1,Satisfactory,51,SO2
2023-09-14,Shillong,2,Good,30,"PM10, SO2"
2023-09-14,Singrauli,1,Satisfactory,52,SO2
2023-09-14,Varanasi,4,Good,29,"CO, SO2"
2023-09-15,Bareilly,2,Good,44,"PM10, SO2"
2023-09-15,Gadag,1,Good,46,SO2
2023-09-15,Gangtok,1,Satisfactory,61,SO2
2023-09-15,Hassan,1,Good,49,SO2
2023-09-15,Kohima,1,Satisfactory,53,SO2
2023-09-15,Mandikhera,1,Good,25,SO2
2023-09-15,Palkalaiperur,1,Good,25,SO2
2023-09-15,Raichur,1,Satisfactory,54,SO2
2023-09-15,Saharsa,1,Good,42,SO2
2023-09-15,Shillong,2,Good,31,"PM10, SO2"
2023-09-15,Singrauli,1,Satisfactory,62,SO2
2023-09-15,Talcher,1,Good,38,SO2
2023-09-16,Bareilly,1,Good,31,SO2
2023-09-16,Durgapur,1,Good,35,SO2
2023-09-16,Gadag,1,Good,45,SO2
2023-09-16,Gangtok,1,Satisfactory,66,SO2
2023-09-16,Guwahati,3,Satisfactory,69,"CO, SO2"
2023-09-16,Mandikhera,1,Good,26,SO2
2023-09-16,Salem,1,Satisfactory,79,SO2
2023-09-17,Bhopal,3,Good,30,"PM10, SO2"
2023-09-17,Firozabad,1,Good,26,SO2
2023-09-17,Gangtok,1,Satisfactory,69,SO2
2023-09-17,Kohima,1,Satisfactory,53,SO2
2023-09-17,Palkalaiperur,1,Good,24,SO2
2023-09-17,Ratlam,1,Good,10,SO2
2023-09-17,Vrindavan,1,Good,32,SO2
2023-09-18,Bareilly,2,Good,33,"O3, SO2"
2023-09-18,Gangtok,1,Satisfactory,67,SO2
2023-09-18,Gorakhpur,1,Good,45,SO2
2023-09-18,Hassan,1,Good,46,SO2
2023-09-18,Kohima,1,Satisfactory,53,SO2
2023-09-18,Mumbai,20,Satisfactory,58,"CO, SO2"
2023-09-18,Singrauli,1,Satisfactory,65,SO2
2023-09-18,Vrindavan,1,Good,31,SO2
2023-09-19,Baddi,1,Satisfactory,54,SO2
2023-09-19,Ballabgarh,1,Satisfactory,70,SO2
2023-09-19,Gadag,1,Good,45,SO2
2023-09-19,Gangtok,1,Satisfactory,65,SO2
2023-09-19,Kohima,1,Satisfactory,53,SO2
2023-09-19,Salem,1,Satisfactory,80,SO2
2023-09-19,Singrauli,1,Satisfactory,63,SO2
2023-09-19,Varanasi,4,Good,28,SO2
2023-09-19,Vrindavan,1,Good,30,SO2
2023-09-20,Gadag,1,Good,46,SO2
2023-09-20,Gangtok,1,Satisfactory,59,SO2
2023-09-20,Kohima,1,Satisfactory,53,SO2
2023-09-20,Palkalaiperur,1,Good,25,SO2
2023-09-20,Raichur,1,Satisfactory,87,SO2
2023-09-20,Salem,1,Satisfactory,77,SO2
2023-09-20,Shillong,2,Good,21,"PM10, SO2"
2023-09-20,Singrauli,1,Satisfactory,74,SO2
2023-09-21,Gadag,1,Good,47,SO2
2023-09-21,Gangtok,1,Satisfactory,58,SO2
2023-09-21,Koppal,1,Satisfactory,53,SO2
2023-09-21,Palkalaiperur,1,Good,26,SO2
2023-09-21,Raichur,1,Satisfactory,94,SO2
2023-09-21,Saharsa,1,Good,41,SO2
2023-09-21,Shillong,2,Good,20,"O3, SO2"
2023-09-21,Talcher,1,Good,40,SO2
2023-09-21,Vrindavan,1,Good,31,SO2
2023-09-22,Gadag,1,Good,45,SO2
2023-09-22,Gangtok,1,Satisfactory,56,SO2
2023-09-22,Gorakhpur,1,Good,41,SO2
2023-09-22,Koppal,1,Good,50,SO2
2023-09-22,Saharsa,1,Good,41,SO2
2023-09-22,Salem,1,Good,41,SO2
2023-09-22,Shillong,2,Good,19,SO2
2023-09-22,Singrauli,1,Satisfactory,59,SO2
2023-09-22,Talcher,1,Good,40,SO2
2023-09-23,Bareilly,2,Satisfactory,52,"PM10, SO2"
2023-09-23,Gadag,1,Good,46,SO2
2023-09-23,Gangtok,1,Satisfactory,56,SO2
2023-09-23,Gorakhpur,1,Good,40,SO2
2023-09-23,Kohima,1,Satisfactory,55,SO2
2023-09-23,Koppal,1,Satisfactory,52,SO2
2023-09-23,Munger,1,Good,22,SO2
2023-09-23,Palkalaiperur,1,Good,25,SO2
2023-09-23,Saharsa,1,Good,41,SO2
2023-09-23,Salem,1,Good,31,SO2
2023-09-23,Shillong,2,Good,19,SO2
2023-09-23,Singrauli,1,Satisfactory,71,SO2
2023-09-23,Talcher,1,Good,46,SO2
2023-09-23,Varanasi,4,Good,26,"O3, SO2"
2023-09-23,Vrindavan,1,Good,33,SO2
2023-09-24,Gadag,1,Good,46,SO2
2023-09-24,Gangtok,1,Satisfactory,55,SO2
2023-09-24,Gorakhpur,1,Good,40,SO2
2023-09-24,Kohima,1,Satisfactory,61,SO2
2023-09-24,Koppal,1,Satisfactory,51,SO2
2023-09-24,Mahad,1,Good,38,SO2
2023-09-24,Palkalaiperur,1,Good,25,SO2
2023-09-24,Prayagraj,3,Satisfactory,79,"PM2.5, SO2"
2023-09-24,Shillong,2,Good,23,"PM10, SO2"
2023-09-24,Singrauli,1,Satisfactory,83,SO2
2023-09-24,Varanasi,4,Good,26,"O3, SO2"
2023-09-25,Gadag,1,Good,46,SO2
2023-09-25,Gangtok,1,Satisfactory,56,SO2
2023-09-25,Gorakhpur,1,Good,39,SO2
2023-09-25,Hassan,1,Good,46,SO2
2023-09-25,Kohima,1,Satisfactory,58,SO2
2023-09-25,Koppal,1,Good,50,SO2
2023-09-25,Raichur,1,Satisfactory,80,SO2
2023-09-25,Varanasi,4,Good,28,"O3, SO2"
2023-09-26,Gangtok,1,Satisfactory,61,SO2
2023-09-26,Gorakhpur,1,Good,39,SO2
2023-09-26,Imphal,1,Satisfactory,62,SO2
2023-09-26,Kohima,1,Satisfactory,55,SO2
2023-09-26,Koppal,1,Satisfactory,51,SO2
2023-09-26,Palkalaiperur,1,Good,25,SO2
2023-09-26,Raichur,1,Satisfactory,80,SO2
2023-09-26,Salem,1,Good,40,SO2
2023-09-26,Singrauli,1,Satisfactory,66,SO2
2023-09-26,Talcher,1,Satisfactory,56,SO2
2023-09-26,Varanasi,4,Good,28,"O3, SO2"
2023-09-27,Gangtok,1,Satisfactory,62,SO2
2023-09-27,Imphal,1,Satisfactory,71,SO2
2023-09-27,Singrauli,1,Satisfactory,71,SO2
2023-09-28,Davanagere,1,Good,20,SO2
2023-09-28,Gangtok,1,Satisfactory,62,SO2
2023-09-28,Imphal,1,Satisfactory,71,SO2
2023-09-28,Kohima,1,Satisfactory,54,SO2
2023-09-29,Gangtok,1,Satisfactory,63,SO2
2023-09-29,Imphal,1,Satisfactory,71,SO2
2023-09-29,Kohima,1,Satisfactory,54,SO2
2023-09-29,Koppal,1,Satisfactory,54,SO2
2023-09-29,Palkalaiperur,1,Good,25,SO2
2023-09-29,Salem,1,Good,27,SO2
2023-09-29,Singrauli,1,Satisfactory,79,SO2
2023-09-29,Yadgir,1,Good,21,SO2
2023-09-30,Gangtok,1,Satisfactory,65,SO2
2023-09-30,Imphal,1,Satisfactory,70,SO2
2023-09-30,Kohima,1,Satisfactory,54,SO2
2023-09-30,Koppal,1,Satisfactory,52,SO2
2023-09-30,Palkalaiperur,1,Good,25,SO2
2023-09-30,Salem,1,Good,26,SO2
2023-09-30,Shillong,2,Good,32,"PM10, SO2"
2023-09-30,Singrauli,1,Satisfactory,68,SO2
2023-09-30,Tirupur,1,Good,24,SO2
2023-10-01,Gangtok,1,Satisfactory,59,SO2
2023-10-01,Gorakhpur,1,Good,39,SO2
2023-10-01,Imphal,1,Satisfactory,70,SO2
2023-10-01,Kohima,1,Satisfactory,55,SO2
2023-10-01,Koppal,1,Satisfactory,54,SO2
2023-10-01,Palkalaiperur,1,Good,25,SO2
2023-10-01,Salem,1,Good,26,SO2
2023-10-01,Shillong,2,Good,26,"PM10, SO2"
2023-10-01,Singrauli,1,Satisfactory,63,SO2
2023-10-01,Tirupur,1,Good,24,SO2
2023-10-02,Bhagalpur,2,Good,36,"O3, SO2"
2023-10-02,Brajrajnagar,1,Good,33,SO2
2023-10-02,Gangtok,1,Satisfactory,61,SO2
2023-10-02,Imphal,1,Satisfactory,71,SO2
2023-10-02,Salem,1,Good,26,SO2
2023-10-02,Shillong,2,Good,32,"PM10, SO2"
2023-10-02,Tirupur,1,Good,24,SO2
2023-10-03,Bhagalpur,2,Good,42,"CO, SO2"
2023-10-03,Gangtok,1,Satisfactory,60,SO2
2023-10-03,Gorakhpur,1,Good,39,SO2
2023-10-03,Imphal,1,Satisfactory,72,SO2
2023-10-03,Kohima,1,Satisfactory,55,SO2
2023-10-03,Kolkata,6,Good,31,"PM10, SO2"
2023-10-03,Shillong,2,Good,22,SO2
2023-10-04,Bhagalpur,2,Good,34,"O3, SO2"
2023-10-04,Brajrajnagar,1,Good,33,SO2
2023-10-04,Gangtok,1,Satisfactory,57,SO2
2023-10-04,Imphal,1,Satisfactory,72,SO2
2023-10-04,Kohima,1,Good,44,SO2
2023-10-04,Shillong,2,Good,22,SO2
2023-10-05,Gangtok,1,Satisfactory,56,SO2
2023-10-05,Gorakhpur,1,Good,38,SO2
2023-10-05,Kohima,1,Good,43,SO2
2023-10-05,Shillong,2,Good,26,"PM10, SO2"
2023-10-06,Gangtok,1,Satisfactory,57,SO2
2023-10-06,Kohima,1,Good,44,SO2
2023-10-06,Saharsa,1,Good,41,SO2
2023-10-06,Salem,1,Satisfactory,80,SO2
2023-10-06,Shillong,2,Good,22,SO2
2023-10-06,Singrauli,1,Satisfactory,56,SO2
2023-10-07,Gangtok,1,Satisfactory,59,SO2
2023-10-07,Guwahati,1,Good,38,SO2
2023-10-07,Imphal,1,Satisfactory,72,SO2
2023-10-07,Kohima,1,Good,43,SO2
2023-10-07,Salem,1,Satisfactory,80,SO2
2023-10-08,Gangtok,1,Satisfactory,57,SO2
2023-10-08,Imphal,1,Satisfactory,73,SO2
2023-10-09,Gangtok,1,Satisfactory,58,SO2
2023-10-09,Imphal,1,Satisfactory,74,SO2
2023-10-10,Bhagalpur,2,Satisfactory,88,"PM2.5, SO2"
2023-10-10,Gangtok,1,Satisfactory,58,SO2
2023-10-10,Imphal,1,Satisfactory,73,SO2
2023-10-10,Palkalaiperur,1,Good,25,SO2
2023-10-10,Salem,1,Satisfactory,75,SO2
2023-10-11,Gangtok,1,Satisfactory,57,SO2
2023-10-11,Imphal,1,Satisfactory,73,SO2
2023-10-12,Gangtok,1,Satisfactory,58,SO2
2023-10-12,Imphal,1,Satisfactory,76,SO2
2023-10-13,Gangtok,1,Satisfactory,57,SO2
2023-10-13,Imphal,1,Satisfactory,76,SO2
2023-10-14,Gangtok,1,Satisfactory,58,SO2
2023-10-14,Imphal,1,Satisfactory,76,SO2
2023-10-15,Gangtok,1,Satisfactory,55,SO2
2023-10-15,Imphal,1,Satisfactory,76,SO2
2023-10-15,Palkalaiperur,1,Good,25,SO2
2023-10-16,Gangtok,1,Satisfactory,54,SO2
2023-10-16,Imphal,1,Satisfactory,76,SO2
2023-10-17,Gangtok,1,Satisfactory,56,SO2
2023-10-17,Imphal,1,Satisfactory,77,SO2
2023-10-17,Salem,1,Good,39,SO2
2023-10-18,Gangtok,1,Satisfactory,55,SO2
2023-10-18,Imphal,1,Satisfactory,77,SO2
2023-10-18,Karnal,1,Satisfactory,62,SO2
2023-10-19,Gangtok,1,Satisfactory,55,SO2
2023-10-19,Imphal,1,Satisfactory,77,SO2
2023-10-20,Gangtok,1,Satisfactory,57,SO2
2023-10-20,Imphal,1,Satisfactory,77,SO2
2023-10-21,Gangtok,1,Satisfactory,57,SO2
2023-10-21,Imphal,1,Satisfactory,77,SO2
2023-10-22,Gangtok,1,Satisfactory,58,SO2
2023-10-22,Imphal,1,Satisfactory,78,SO2
2023-10-23,Gangtok,1,Satisfactory,57,SO2
2023-10-23,Imphal,1,Satisfactory,78,SO2
2023-10-23,Kolkata,7,Moderate,107,"PM10, SO2"
2023-10-24,Gangtok,1,Satisfactory,58,SO2
2023-10-24,Kolkata,7,Satisfactory,70,"O3, SO2"
2023-10-25,Gangtok,1,Satisfactory,58,SO2
2023-10-25,Imphal,1,Satisfactory,74,SO2
2023-10-25,Kohima,1,Good,44,SO2
2023-10-25,Shillong,1,Good,15,SO2
2023-10-26,Gangtok,1,Satisfactory,58,SO2
2023-10-27,Gangtok,1,Satisfactory,58,SO2
2023-10-27,Imphal,1,Satisfactory,73,SO2
2023-10-28,Gangtok,1,Satisfactory,57,SO2
2023-10-29,Gangtok,1,Satisfactory,56,SO2
2023-10-30,Gangtok,1,Satisfactory,57,SO2
2023-10-31,Imphal,1,Satisfactory,75,SO2
2023-11-01,Imphal,1,Satisfactory,75,SO2
2023-11-01,Shillong,2,Satisfactory,60,"PM10, SO2"
2023-11-02,Imphal,1,Satisfactory,76,SO2
2023-11-03,Imphal,1,Satisfactory,75,SO2
2023-11-03,Kalaburagi,2,Satisfactory,56,"PM10, SO2"
2023-11-03,Salem,1,Satisfactory,81,SO2
2023-11-04,Imphal,1,Satisfactory,76,SO2
2023-11-04,Kalaburagi,2,Satisfactory,62,"PM10, SO2"
2023-11-04,Salem,1,Satisfactory,80,SO2
2023-11-05,Imphal,1,Satisfactory,75,SO2
2023-11-05,Salem,1,Satisfactory,61,SO2
2023-11-06,Imphal,1,Satisfactory,76,SO2
2023-11-07,Gangtok,1,Satisfactory,56,SO2
2023-11-07,Imphal,1,Satisfactory,76,SO2
2023-11-07,Salem,1,Good,35,SO2
2023-11-08,Gangtok,1,Satisfactory,57,SO2
2023-11-08,Imphal,1,Satisfactory,77,SO2
2023-11-09,Gangtok,1,Satisfactory,56,SO2
2023-11-09,Imphal,1,Satisfactory,76,SO2
2023-11-10,Gangtok,1,Satisfactory,56,SO2
2023-11-10,Imphal,1,Satisfactory,76,SO2
2023-11-10,Kalaburagi,2,Good,42,"CO, SO2"
2023-11-10,Salem,1,Satisfactory,80,SO2
2023-11-11,Gangtok,1,Satisfactory,55,SO2
2023-11-11,Imphal,1,Satisfactory,76,SO2
2023-11-11,Khurja,1,Satisfactory,58,SO2
2023-11-12,Gangtok,1,Satisfactory,56,SO2
2023-11-12,Imphal,1,Satisfactory,76,SO2
2023-11-12,Khurja,1,Satisfactory,58,SO2
2023-11-13,Gangtok,1,Satisfactory,56,SO2
2023-11-14,Gangtok,1,Satisfactory,57,SO2
2023-11-15,Gangtok,1,Satisfactory,57,SO2
2023-11-15,Imphal,1,Satisfactory,77,SO2
2023-11-16,Gangtok,1,Satisfactory,57,SO2
2023-11-16,Imphal,1,Satisfactory,77,SO2
2023-11-16,Kohima,1,Good,47,SO2
2023-11-17,Gangtok,1,Satisfactory,58,SO2
2023-11-17,Kohima,1,Good,47,SO2
2023-11-18,Gangtok,1,Satisfactory,58,SO2
2023-11-18,Kohima,1,Good,47,SO2
2023-11-18,Sasaram,1,Satisfactory,83,SO2
2023-11-18,Shillong,2,Good,20,SO2
2023-11-19,Gangtok,1,Satisfactory,58,SO2
2023-11-19,Imphal,1,Satisfactory,75,SO2
2023-11-19,Kalaburagi,2,Satisfactory,60,"PM10, SO2"
2023-11-20,Gangtok,1,Satisfactory,58,SO2
2023-11-20,Imphal,1,Satisfactory,76,SO2
2023-11-20,Kalaburagi,2,Satisfactory,52,"PM10, SO2"
2023-11-20,Salem,1,Satisfactory,80,SO2
2023-11-20,Sasaram,1,Moderate,105,SO2
2023-11-21,Gangtok,1,Satisfactory,56,SO2
2023-11-21,Imphal,1,Satisfactory,75,SO2
2023-11-22,Cuddalore,1,Good,16,SO2
2023-11-22,Gangtok,1,Satisfactory,55,SO2
2023-11-22,Imphal,1,Satisfactory,75,SO2
2023-11-22,Kanchipuram,1,Good,21,SO2
2023-11-23,Gangtok,1,Satisfactory,54,SO2
2023-11-23,Palkalaiperur,1,Good,26,SO2
2023-11-23,Salem,1,Satisfactory,81,SO2
2023-11-24,Gangtok,1,Satisfactory,55,SO2
2023-11-24,Imphal,1,Satisfactory,75,SO2
2023-11-24,Kalaburagi,2,Satisfactory,58,"PM10, SO2"
2023-11-24,Palkalaiperur,1,Good,26,SO2
2023-11-24,Salem,1,Satisfactory,81,SO2
2023-11-25,Gangtok,1,Satisfactory,55,SO2
2023-11-25,Imphal,1,Satisfactory,76,SO2
2023-11-25,Ramanagara,1,Good,33,SO2
2023-11-25,Salem,1,Satisfactory,81,SO2
2023-11-26,Gangtok,1,Satisfactory,55,SO2
2023-11-26,Imphal,1,Satisfactory,75,SO2
2023-11-26,Kohima,1,Good,48,SO2
2023-11-26,Palkalaiperur,1,Good,26,SO2
2023-11-27,Gangtok,1,Satisfactory,56,SO2
2023-11-27,Imphal,1,Satisfactory,75,SO2
2023-11-27,Palkalaiperur,1,Good,26,SO2
2023-11-27,Shillong,2,Satisfactory,74,"PM10, SO2"
2023-11-28,Gangtok,1,Satisfactory,56,SO2
2023-11-28,Imphal,1,Satisfactory,76,SO2
2023-11-28,Kanchipuram,1,Good,20,SO2
2023-11-28,Palkalaiperur,1,Good,26,SO2
2023-11-29,Gangtok,1,Satisfactory,55,SO2
2023-11-29,Imphal,1,Satisfactory,76,SO2
2023-11-29,Palkalaiperur,1,Good,26,SO2
2023-11-29,Salem,1,Satisfactory,80,SO2
2023-11-30,Gangtok,1,Satisfactory,55,SO2
2023-11-30,Imphal,1,Satisfactory,76,SO2
2023-11-30,Kanchipuram,1,Good,26,SO2
2023-11-30,Palkalaiperur,1,Good,26,SO2
2023-11-30,Salem,1,Satisfactory,80,SO2
2023-12-01,Gangtok,1,Satisfactory,53,SO2
2023-12-01,Kanchipuram,1,Good,20,SO2
2023-12-01,Palkalaiperur,1,Good,26,SO2
2023-12-02,Gangtok,1,Satisfactory,52,SO2
2023-12-02,Imphal,1,Satisfactory,77,SO2
2023-12-02,Salem,1,Satisfactory,69,SO2
2023-12-03,Cuddalore,1,Good,16,SO2
2023-12-03,Gangtok,1,Satisfactory,53,SO2
2023-12-03,Imphal,1,Satisfactory,77,SO2
2023-12-03,Salem,1,Satisfactory,81,SO2
2023-12-04,Gangtok,1,Satisfactory,53,SO2
2023-12-04,Imphal,1,Satisfactory,77,SO2
2023-12-05,Gangtok,1,Satisfactory,53,SO2
2023-12-05,Imphal,1,Satisfactory,77,SO2
2023-12-05,Mandideep,1,Moderate,115,SO2
2023-12-05,Salem,1,Satisfactory,73,SO2
2023-12-06,Gangtok,1,Satisfactory,52,SO2
2023-12-06,Imphal,2,Moderate,162,"PM2.5, SO2"
2023-12-06,Karnal,1,Satisfactory,87,SO2
2023-12-06,Mandideep,1,Moderate,118,SO2
2023-12-06,Palkalaiperur,1,Good,27,SO2
2023-12-07,Durgapur,1,Good,34,SO2
2023-12-07,Gangtok,1,Satisfactory,53,SO2
2023-12-07,Imphal,2,Moderate,118,"PM2.5, SO2"
2023-12-08,Gangtok,1,Satisfactory,51,SO2
2023-12-08,Guwahati,3,Satisfactory,62,"PM2.5, SO2"
2023-12-08,Imphal,2,Satisfactory,68,SO2
2023-12-08,Kohima,1,Good,49,SO2
2023-12-08,Palkalaiperur,1,Good,27,SO2
2023-12-08,Prayagraj,3,Satisfactory,53,"PM10, SO2"
2023-12-08,Salem,1,Satisfactory,68,SO2
2023-12-08,Shillong,2,Good,30,"O3, SO2"
2023-12-08,Singrauli,1,Satisfactory,85,SO2
2023-12-09,Gangtok,1,Satisfactory,51,SO2
2023-12-09,Imphal,2,Satisfactory,68,SO2
2023-12-09,Kohima,1,Good,50,SO2
2023-12-09,Palkalaiperur,1,Good,27,SO2
2023-12-10,Gangtok,1,Good,50,SO2
2023-12-10,Imphal,2,Satisfactory,69,SO2
2023-12-11,Gangtok,1,Good,49,SO2
2023-12-11,Imphal,2,Satisfactory,69,SO2
2023-12-12,Gangtok,1,Good,49,SO2
2023-12-12,Imphal,2,Satisfactory,69,SO2
2023-12-13,Gangtok,1,Good,50,SO2
2023-12-13,Imphal,2,Satisfactory,70,SO2
2023-12-14,Imphal,2,Satisfactory,69,SO2
2023-12-15,Gangtok,1,Good,49,SO2
2023-12-15,Imphal,2,Satisfactory,72,"PM2.5, SO2"
2023-12-15,Nagpur,4,Satisfactory,97,"PM10, SO2"
2023-12-16,Gangtok,1,Good,50,SO2
2023-12-16,Imphal,2,Satisfactory,96,"PM2.5, SO2"
2023-12-16,Kohima,1,Satisfactory,80,SO2
2023-12-17,Gangtok,1,Satisfactory,51,SO2
2023-12-17,Kohima,1,Satisfactory,81,SO2
2023-12-18,Gangtok,1,Satisfactory,51,SO2
2023-12-18,Kohima,1,Satisfactory,80,SO2
2023-12-19,Gangtok,1,Satisfactory,52,SO2
2023-12-19,Kohima,1,Satisfactory,81,SO2
2023-12-20,Gangtok,1,Satisfactory,51,SO2
2023-12-20,Kohima,1,Satisfactory,81,SO2
2023-12-21,Gangtok,1,Satisfactory,51,SO2
2023-12-21,Imphal,2,Moderate,103,"PM2.5, SO2"
2023-12-21,Kohima,1,Satisfactory,80,SO2
2023-12-22,Gangtok,1,Satisfactory,52,SO2
2023-12-22,Imphal,2,Satisfactory,94,"PM2.5, SO2"
2023-12-22,Kohima,1,Satisfactory,81,SO2
2023-12-23,Dhanbad,2,Poor,207,"NO2, SO2"
2023-12-23,Gangtok,1,Satisfactory,52,SO2
2023-12-23,Imphal,2,Moderate,112,"PM2.5, SO2"
2023-12-23,Kohima,1,Satisfactory,81,SO2
2023-12-24,Dhanbad,2,Poor,236,"NO2, SO2"
2023-12-24,Gangtok,1,Satisfactory,52,SO2
2023-12-24,Imphal,2,Moderate,156,"PM2.5, SO2"
2023-12-24,Kohima,1,Satisfactory,82,SO2
2023-12-25,Gangtok,1,Satisfactory,53,SO2
2023-12-25,Imphal,2,Satisfactory,74,"PM2.5, SO2"
2023-12-25,Kohima,1,Satisfactory,83,SO2
2023-12-26,Dhanbad,2,Poor,234,"NO2, SO2"
2023-12-26,Gangtok,1,Satisfactory,54,SO2
2023-12-26,Imphal,2,Satisfactory,82,"PM2.5, SO2"
2023-12-26,Kohima,1,Satisfactory,83,SO2
2023-12-27,Gangtok,1,Satisfactory,54,SO2
2023-12-27,Imphal,2,Satisfactory,84,"PM2.5, SO2"
2023-12-27,Kohima,1,Satisfactory,83,SO2
2023-12-27,Salem,1,Satisfactory,98,SO2
2023-12-28,Gangtok,1,Satisfactory,54,SO2
2023-12-28,Imphal,2,Satisfactory,83,"PM2.5, SO2"
2023-12-28,Kohima,1,Satisfactory,84,SO2
2023-12-28,Salem,1,Satisfactory,99,SO2
2023-12-29,Dhanbad,1,Moderate,114,SO2
2023-12-29,Gangtok,1,Satisfactory,51,SO2
2023-12-29,Imphal,2,Satisfactory,90,"PM2.5, SO2"
2023-12-29,Kohima,1,Satisfactory,84,SO2
2023-12-29,Ramanagara,1,Good,36,SO2
2023-12-29,Salem,1,Satisfactory,99,SO2
2023-12-30,Bareilly,2,Good,43,"PM10, SO2"
2023-12-30,Gangtok,1,Satisfactory,53,SO2
2023-12-30,Imphal,2,Moderate,110,"PM2.5, SO2"
2023-12-30,Kohima,1,Satisfactory,84,SO2
2023-12-31,Dhanbad,2,Moderate,174,"NO2, SO2"
2023-12-31,Gangtok,1,Satisfactory,53,SO2
2023-12-31,Imphal,2,Moderate,110,"PM2.5, SO2"
2023-12-31,Kohima,1,Satisfactory,91,SO2
2024-01-01,Gangtok,1,Satisfactory,53,SO2
2024-01-01,Kohima,1,Satisfactory,88,SO2
2024-01-02,Dhanbad,2,Moderate,164,"NO2, SO2"
2024-01-02,Gangtok,1,Satisfactory,51,SO2
2024-01-02,Kohima,1,Satisfactory,88,SO2
2024-01-03,Dhanbad,2,Moderate,186,"NO2, SO2"
2024-01-03,Gangtok,1,Satisfactory,52,SO2
2024-01-03,Kohima,1,Satisfactory,89,SO2
2024-01-04,Dhanbad,1,Moderate,113,SO2
2024-01-04,Gangtok,1,Satisfactory,52,SO2
2024-01-04,Imphal,2,Satisfactory,95,"PM2.5, SO2"
2024-01-04,Kohima,1,Satisfactory,88,SO2
2024-01-05,Gangtok,1,Good,50,SO2
2024-01-05,Imphal,2,Moderate,112,"PM2.5, SO2"
2024-01-05,Kohima,1,Satisfactory,87,SO2
2024-01-06,Gangtok,1,Satisfactory,51,SO2
2024-01-06,Imphal,1,Satisfactory,78,SO2
2024-01-06,Kohima,1,Satisfactory,86,SO2
2024-01-07,Dhanbad,1,Moderate,114,SO2
2024-01-07,Gangtok,1,Good,50,SO2
2024-01-07,Imphal,1,Satisfactory,78,SO2
2024-01-07,Indore,4,Satisfactory,90,"PM2.5, SO2"
2024-01-07,Kohima,1,Satisfactory,85,SO2
2024-01-07,Palkalaiperur,1,Good,27,SO2
2024-01-08,Chennai,6,Satisfactory,67,"CO, PM10, SO2"
2024-01-08,Cuddalore,1,Good,18,SO2
2024-01-08,Dhanbad,1,Moderate,114,SO2
2024-01-08,Gangtok,1,Satisfactory,53,SO2
2024-01-08,Imphal,1,Satisfactory,78,SO2
2024-01-08,Kohima,1,Satisfactory,87,SO2
2024-01-08,Palkalaiperur,1,Good,27,SO2
2024-01-08,Ramanagara,1,Good,38,SO2
2024-01-09,Gangtok,1,Satisfactory,52,SO2
2024-01-09,Imphal,2,Moderate,132,"PM2.5, SO2"
2024-01-09,Kohima,1,Satisfactory,86,SO2
2024-01-09,Ramanagara,1,Good,40,SO2
2024-01-10,Gangtok,1,Satisfactory,53,SO2
2024-01-10,Imphal,2,Moderate,148,"PM2.5, SO2"
2024-01-10,Kohima,1,Satisfactory,90,SO2
2024-01-11,Gangtok,1,Satisfactory,52,SO2
2024-01-11,Imphal,2,Moderate,144,"PM2.5, SO2"
2024-01-11,Kohima,1,Satisfactory,89,SO2
2024-01-12,Dhanbad,2,Moderate,140,"NO2, SO2"
2024-01-12,Gangtok,1,Satisfactory,53,SO2
2024-01-12,Imphal,2,Moderate,152,"PM2.5, SO2"
2024-01-13,Dhanbad,2,Moderate,132,"NO2, SO2"
2024-01-13,Gangtok,1,Satisfactory,54,SO2
2024-01-13,Imphal,1,Satisfactory,81,SO2
2024-01-14,Gangtok,1,Satisfactory,54,SO2
2024-01-14,Imphal,1,Satisfactory,79,SO2
2024-01-14,Kohima,1,Satisfactory,88,SO2
2024-01-15,Dhanbad,1,Moderate,112,SO2
2024-01-15,Gangtok,1,Satisfactory,55,SO2
2024-01-15,Imphal,1,Satisfactory,79,SO2
2024-01-15,Kohima,1,Satisfactory,87,SO2
2024-01-16,Dhanbad,1,Moderate,111,SO2
2024-01-16,Gangtok,1,Satisfactory,54,SO2
2024-01-16,Imphal,2,Satisfactory,92,"PM2.5, SO2"
2024-01-16,Kohima,1,Satisfactory,89,SO2
2024-01-17,Gangtok,1,Satisfactory,52,SO2
2024-01-17,Imphal,2,Moderate,105,"PM2.5, SO2"
2024-01-18,Imphal,2,Moderate,108,"PM2.5, SO2"
2024-01-18,Khurja,1,Good,44,SO2
2024-01-19,Bareilly,2,Good,48,"CO, SO2"
2024-01-19,Imphal,1,Satisfactory,78,SO2
2024-01-19,Khurja,1,Good,45,SO2
2024-01-19,Kohima,1,Satisfactory,99,SO2
2024-01-20,Bareilly,2,Satisfactory,51,"PM10, SO2"
2024-01-20,Imphal,2,Moderate,144,"PM2.5, SO2"
2024-01-20,Khurja,1,Satisfactory,54,SO2
2024-01-20,Palkalaiperur,1,Good,27,SO2
2024-01-21,Imphal,2,Moderate,144,"PM2.5, SO2"
2024-01-21,Kohima,1,Satisfactory,95,SO2
2024-01-22,Imphal,2,Satisfactory,88,"PM2.5, SO2"
2024-01-22,Kohima,1,Satisfactory,93,SO2
2024-01-25,Salem,1,Satisfactory,100,SO2
2024-01-26,Imphal,2,Moderate,120,"PM2.5, SO2"
2024-01-26,Salem,1,Satisfactory,100,SO2
2024-01-27,Imphal,2,Moderate,110,"PM2.5, SO2"
2024-01-28,Imphal,2,Moderate,102,"PM2.5, SO2"
2024-01-31,Imphal,2,Satisfactory,83,"PM2.5, SO2"
2024-02-02,Ariyalur,1,Good,23,SO2
2024-02-02,Baddi,1,Satisfactory,73,SO2
2024-02-02,Imphal,2,Moderate,149,"PM2.5, SO2"
2024-02-02,Palkalaiperur,1,Good,27,SO2
2024-02-03,Ariyalur,1,Good,23,SO2
2024-02-03,Imphal,1,Satisfactory,82,SO2
2024-02-03,Palkalaiperur,1,Good,27,SO2
2024-02-04,Baddi,1,Satisfactory,71,SO2
2024-02-04,Imphal,1,Satisfactory,81,SO2
2024-02-05,Ariyalur,1,Good,23,SO2
2024-02-05,Imphal,1,Satisfactory,81,SO2
2024-02-05,Khurja,1,Good,37,SO2
2024-02-06,Imphal,2,Moderate,126,"PM2.5, SO2"
2024-02-07,Imphal,2,Moderate,110,"PM2.5, SO2"
2024-02-07,Khurja,1,Good,34,SO2
2024-02-08,Imphal,2,Satisfactory,86,"PM2.5, SO2"
2024-02-08,Khurja,1,Good,38,SO2
2024-02-09,Imphal,2,Satisfactory,81,"PM2.5, SO2"
2024-02-09,Khurja,1,Good,37,SO2
2024-02-09,Salem,1,Satisfactory,95,SO2
2024-02-10,Imphal,2,Moderate,122,"PM2.5, SO2"
2024-02-11,Imphal,2,Moderate,112,"PM2.5, SO2"
2024-02-12,Imphal,2,Satisfactory,88,"PM2.5, SO2"
2024-02-13,Imphal,1,Satisfactory,84,SO2
2024-02-13,Koppal,1,Satisfactory,58,SO2
2024-02-14,Imphal,2,Satisfactory,90,"PM2.5, SO2"
2024-02-14,Koppal,1,Satisfactory,59,SO2
2024-02-14,Varanasi,4,Good,32,"PM10, SO2"
2024-02-15,Imphal,2,Moderate,126,"PM2.5, SO2"
2024-02-15,Koppal,1,Satisfactory,58,SO2
2024-02-16,Imphal,2,Satisfactory,92,"PM2.5, SO2"
2024-02-16,Varanasi,4,Good,41,"PM10, SO2"
2024-02-17,Imphal,2,Satisfactory,91,"PM2.5, SO2"
2024-02-17,Koppal,1,Satisfactory,59,SO2
2024-02-17,Varanasi,4,Good,48,"PM10, SO2"
2024-02-18,Imphal,2,Satisfactory,99,"PM2.5, SO2"
2024-02-18,Koppal,1,Satisfactory,58,SO2
2024-02-18,Varanasi,4,Good,48,"PM10, SO2"
2024-02-19,Imphal,2,Satisfactory,98,"PM2.5, SO2"
2024-02-19,Koppal,1,Satisfactory,58,SO2
2024-02-20,Imphal,2,Moderate,106,"PM2.5, SO2"
2024-02-20,Koppal,1,Satisfactory,60,SO2
2024-02-20,Varanasi,4,Good,36,"PM10, SO2"
2024-02-20,Vijayapura,1,Satisfactory,54,SO2
2024-02-21,Imphal,2,Moderate,155,"PM2.5, SO2"
2024-02-21,Koppal,1,Satisfactory,58,SO2
2024-02-21,Mahad,1,Satisfactory,88,SO2
2024-02-21,Varanasi,4,Good,28,"PM10, SO2"
2024-02-22,Imphal,2,Satisfactory,78,SO2
2024-02-22,Koppal,1,Satisfactory,58,SO2
2024-02-22,Mahad,1,Satisfactory,89,SO2
2024-02-22,Varanasi,4,Good,22,"O3, PM10, SO2"
2024-02-23,Imphal,1,Satisfactory,68,SO2
2024-02-23,Khurja,1,Good,33,SO2
2024-02-23,Koppal,1,Satisfactory,59,SO2
2024-02-23,Mahad,1,Satisfactory,89,SO2
2024-02-24,Bathinda,1,Satisfactory,61,SO2
2024-02-24,Imphal,2,Satisfactory,74,SO2
2024-02-24,Koppal,1,Satisfactory,60,SO2
2024-02-25,Imphal,2,Satisfactory,90,"PM2.5, SO2"
2024-02-25,Koppal,1,Satisfactory,60,SO2
2024-02-25,Vijayapura,1,Satisfactory,58,SO2
2024-02-26,Imphal,2,Satisfactory,94,"PM2.5, SO2"
2024-02-26,Koppal,1,Satisfactory,60,SO2
2024-02-26,Moradabad,6,Satisfactory,90,"PM10, SO2"
2024-02-27,Koppal,1,Satisfactory,60,SO2
2024-02-28,Imphal,1,Satisfactory,70,SO2
2024-02-28,Koppal,1,Satisfactory,59,SO2
2024-02-28,Mandideep,1,Moderate,106,SO2
2024-02-28,Varanasi,4,Good,22,SO2
2024-02-28,Vijayapura,1,Good,45,SO2
2024-02-29,Imphal,2,Satisfactory,88,"PM2.5, SO2"
2024-02-29,Koppal,1,Satisfactory,60,SO2
2024-02-29,Varanasi,4,Good,28,"NO2, O3, SO2"
2024-03-01,Imphal,2,Satisfactory,96,"PM2.5, SO2"
2024-03-01,Koppal,1,Satisfactory,60,SO2
2024-03-01,Varanasi,4,Good,34,"O3, PM10, SO2"
2024-03-02,Imphal,2,Satisfactory,89,"PM2.5, SO2"
2024-03-02,Koppal,1,Satisfactory,60,SO2
2024-03-02,Varanasi,4,Good,40,"PM10, SO2"
2024-03-03,Bareilly,2,Good,42,SO2
2024-03-03,Imphal,2,Moderate,108,"PM2.5, SO2"
2024-03-03,Indore,3,Satisfactory,60,"PM10, SO2"
2024-03-03,Koppal,1,Satisfactory,60,SO2
2024-03-03,Moradabad,6,Good,36,"PM10, SO2"
2024-03-03,Mumbai,23,Satisfactory,55,"NO2, PM2.5, SO2"
2024-03-03,Varanasi,4,Satisfactory,56,"PM2.5, SO2"
2024-03-04,Bareilly,2,Good,42,SO2
2024-03-04,Imphal,1,Satisfactory,86,SO2
2024-03-04,Koppal,1,Satisfactory,60,SO2
2024-03-04,Moradabad,5,Good,34,"PM10, SO2"
2024-03-04,Varanasi,4,Good,29,"O3, SO2"
2024-03-05,Bareilly,2,Good,43,"PM10, SO2"
2024-03-05,Imphal,1,Satisfactory,85,SO2
2024-03-05,Koppal,1,Satisfactory,61,SO2
2024-03-05,Varanasi,3,Good,23,SO2
2024-03-06,Imphal,2,Satisfactory,80,SO2
2024-03-06,Koppal,1,Satisfactory,62,SO2
2024-03-06,Varanasi,4,Good,30,"PM10, SO2"
2024-03-06,Vijayapura,1,Satisfactory,58,SO2
2024-03-07,Imphal,2,Satisfactory,86,"PM2.5, SO2"
2024-03-07,Koppal,1,Satisfactory,62,SO2
2024-03-07,Varanasi,4,Good,32,"PM10, SO2"
2024-03-07,Vijayapura,1,Satisfactory,72,SO2
2024-03-08,Imphal,2,Satisfactory,81,SO2
2024-03-08,Koppal,1,Satisfactory,63,SO2
2024-03-08,Vijayapura,1,Good,46,SO2
2024-03-09,Imphal,2,Satisfactory,82,"PM2.5, SO2"
2024-03-09,Koppal,1,Satisfactory,63,SO2
2024-03-09,Varanasi,4,Good,24,"O3, PM10, SO2"
2024-03-10,Imphal,2,Satisfactory,96,"PM2.5, SO2"
2024-03-11,Imphal,2,Moderate,129,"PM2.5, SO2"
2024-03-11,Koppal,1,Satisfactory,64,SO2
2024-03-11,Vijayapura,1,Good,39,SO2
2024-03-12,Koppal,1,Satisfactory,65,SO2
2024-03-13,Koppal,1,Satisfactory,66,SO2
2024-03-13,Varanasi,4,Good,38,"O3, PM10, SO2"
2024-03-14,Imphal,2,Satisfactory,100,"PM2.5, SO2"
2024-03-14,Koppal,1,Satisfactory,66,SO2
2024-03-14,Varanasi,4,Good,41,"PM10, SO2"
2024-03-15,Imphal,2,Moderate,108,"PM2.5, SO2"
2024-03-15,Koppal,1,Satisfactory,67,SO2
2024-03-15,Varanasi,4,Good,44,"PM10, SO2"
2024-03-16,Imphal,2,Satisfactory,95,"PM2.5, SO2"
2024-03-16,Koppal,1,Satisfactory,68,SO2
2024-03-17,Ambala,1,Satisfactory,70,SO2
2024-03-17,Imphal,2,Moderate,102,"PM2.5, SO2"
2024-03-17,Palkalaiperur,1,Good,28,SO2
2024-03-17,Varanasi,4,Good,38,"PM10, SO2"
2024-03-18,Koppal,1,Satisfactory,69,SO2
2024-03-18,Palkalaiperur,1,Good,28,SO2
2024-03-18,Vijayapura,1,Satisfactory,80,SO2
2024-03-19,Imphal,2,Moderate,174,"PM2.5, SO2"
2024-03-19,Koppal,1,Satisfactory,69,SO2
2024-03-19,Vijayapura,1,Satisfactory,62,SO2
2024-03-20,Varanasi,4,Good,24,"O3, PM10, SO2"
2024-03-21,Varanasi,4,Good,21,"O3, SO2"
2024-03-22,Varanasi,3,Good,26,"PM10, SO2"
2024-03-22,Vijayapura,1,Good,39,SO2
2024-03-23,Imphal,1,Satisfactory,75,SO2
2024-03-24,Imphal,2,Satisfactory,84,SO2
2024-03-24,Vijayapura,1,Satisfactory,59,SO2
2024-03-25,Ambala,1,Satisfactory,71,SO2
2024-03-25,Imphal,2,Satisfactory,94,"PM2.5, SO2"
2024-03-25,Vijayapura,1,Satisfactory,51,SO2
2024-03-26,Agra,6,Satisfactory,51,"PM10, PM2.5, SO2"
2024-03-26,Ambala,1,Satisfactory,71,SO2
2024-03-26,Imphal,2,Satisfactory,92,"PM2.5, SO2"
2024-03-26,Vijayapura,1,Satisfactory,70,SO2
2024-03-27,Guwahati,3,Satisfactory,54,"PM10, PM2.5, SO2"
2024-03-27,Imphal,2,Satisfactory,86,SO2
2024-03-27,Vijayapura,1,Good,40,SO2
2024-03-28,Imphal,2,Satisfactory,98,"PM2.5, SO2"
2024-03-28,Palkalaiperur,1,Good,28,SO2
2024-03-29,Imphal,2,Satisfactory,91,"PM2.5, SO2"
2024-03-29,Palkalaiperur,1,Good,28,SO2
2024-03-31,Sirsa,1,Satisfactory,84,SO2
2024-04-01,Ambala,1,Satisfactory,73,SO2
2024-04-01,Imphal,1,Satisfactory,79,SO2
2024-04-01,Sirsa,1,Satisfactory,85,SO2
2024-04-02,Ambala,1,Satisfactory,60,SO2
2024-04-02,Ariyalur,1,Good,37,SO2
2024-04-02,Imphal,2,Satisfactory,86,SO2
2024-04-02,Palkalaiperur,1,Good,28,SO2
2024-04-02,Vijayapura,1,Satisfactory,86,SO2
2024-04-03,Ambala,1,Satisfactory,68,SO2
2024-04-03,Imphal,2,Satisfactory,89,SO2
2024-04-03,Salem,1,Moderate,106,SO2
2024-04-03,Vijayapura,1,Satisfactory,70,SO2
2024-04-04,Imphal,2,Satisfactory,90,SO2
2024-04-04,Palkalaiperur,1,Good,28,SO2
2024-04-04,Vijayapura,1,Satisfactory,55,SO2
2024-04-05,Imphal,2,Satisfactory,91,SO2
2024-04-05,Palkalaiperur,1,Good,28,SO2
2024-04-05,Vijayapura,1,Satisfactory,78,SO2
2024-04-06,Imphal,2,Moderate,102,"PM2.5, SO2"
2024-04-06,Palkalaiperur,1,Good,28,SO2
2024-04-06,Vijayapura,1,Satisfactory,62,SO2
2024-04-07,Imphal,2,Moderate,103,"PM2.5, SO2"
2024-04-08,Imphal,1,Satisfactory,89,SO2
2024-04-08,Vijayapura,1,Satisfactory,75,SO2
2024-04-09,Imphal,2,Satisfactory,94,"PM2.5, SO2"
2024-04-09,Palkalaiperur,1,Good,28,SO2
2024-04-09,Salem,1,Moderate,107,SO2
2024-04-09,Varanasi,4,Good,29,"NO2, O3, SO2"
2024-04-10,Ambala,1,Satisfactory,72,SO2
2024-04-10,Imphal,2,Satisfactory,97,"PM2.5, SO2"
2024-04-10,Salem,1,Satisfactory,99,SO2
2024-04-10,Vijayapura,1,Satisfactory,60,SO2
2024-04-11,Ambala,1,Satisfactory,83,SO2
2024-04-11,Imphal,2,Moderate,102,"PM2.5, SO2"
2024-04-11,Indore,3,Satisfactory,57,"O3, PM10, SO2"
2024-04-12,Imphal,2,Moderate,122,"PM2.5, SO2"
2024-04-12,Sirsa,1,Satisfactory,80,SO2
2024-04-13,Imphal,2,Moderate,102,"PM2.5, SO2"
2024-04-13,Salem,1,Moderate,108,SO2
2024-04-14,Ambala,1,Satisfactory,91,SO2
2024-04-14,Imphal,2,Moderate,124,"PM2.5, SO2"
2024-04-14,Salem,1,Moderate,108,SO2
2024-04-15,Ambala,1,Satisfactory,84,SO2
2024-04-15,Salem,1,Satisfactory,99,SO2
2024-04-16,Palkalaiperur,1,Good,28,SO2
2024-04-18,Imphal,1,Satisfactory,90,SO2
2024-04-18,Palkalaiperur,1,Good,28,SO2
2024-04-19,Imphal,2,Satisfactory,94,SO2
2024-04-19,Palkalaiperur,1,Good,28,SO2
2024-04-19,Solapur,3,Satisfactory,91,"PM10, PM2.5, SO2"
2024-04-20,Imphal,2,Satisfactory,94,SO2
2024-04-20,Solapur,3,Moderate,102,"PM10, PM2.5, SO2"
2024-04-21,Imphal,2,Satisfactory,94,SO2
2024-04-22,Guwahati,3,Satisfactory,64,"PM10, SO2"
2024-04-22,Imphal,2,Satisfactory,94,SO2
2024-04-22,Vapi,1,Satisfactory,53,SO2
2024-04-23,Imphal,2,Satisfactory,96,SO2
2024-04-23,Varanasi,4,Good,28,"NO2, PM10, SO2"
2024-04-24,Ariyalur,1,Good,28,SO2
2024-04-24,Bareilly,1,Good,49,SO2
2024-04-24,Imphal,1,Satisfactory,91,SO2
2024-04-24,Khurja,1,Satisfactory,55,SO2
2024-04-24,Varanasi,4,Good,27,"NO2, SO2"
2024-04-25,Bareilly,2,Satisfactory,66,"PM10, SO2"
2024-04-25,Imphal,1,Satisfactory,98,SO2
2024-04-26,Bareilly,2,Satisfactory,59,"PM10, SO2"
2024-04-26,Imphal,1,Satisfactory,98,SO2
2024-04-27,Bareilly,2,Satisfactory,62,"PM10, SO2"
2024-04-27,Khurja,1,Satisfactory,55,SO2
2024-04-27,Varanasi,4,Good,29,"O3, PM10, SO2"
2024-04-27,Vijayapura,1,Good,44,SO2
2024-04-28,Bareilly,2,Satisfactory,70,"PM10, SO2"
2024-04-28,Palkalaiperur,1,Good,28,SO2
2024-04-28,Salem,1,Moderate,101,SO2
2024-04-29,Ariyalur,1,Good,28,SO2
2024-04-29,Bareilly,2,Satisfactory,62,"PM10, SO2"
2024-04-29,Palkalaiperur,1,Good,28,SO2
2024-04-29,Salem,1,Satisfactory,98,SO2
2024-04-30,Ariyalur,1,Good,28,SO2
2024-04-30,Bareilly,2,Satisfactory,62,"PM10, SO2"
2024-04-30,Imphal,2,Satisfactory,99,SO2
2024-04-30,Indore,3,Satisfactory,78,"PM10, SO2"
2024-04-30,Palkalaiperur,1,Good,28,SO2
2024-04-30,Salem,1,Satisfactory,75,SO2
2024-05-01,Ariyalur,1,Good,29,SO2
2024-05-01,Bareilly,2,Satisfactory,70,"PM10, SO2"
2024-05-01,Imphal,2,Satisfactory,98,SO2
2024-05-01,Mandikhera,1,Good,34,SO2
2024-05-01,Palkalaiperur,1,Good,28,SO2
2024-05-02,Ariyalur,1,Good,31,SO2
2024-05-02,Bareilly,2,Satisfactory,60,"PM10, SO2"
2024-05-02,Imphal,1,Satisfactory,98,SO2
2024-05-03,Bareilly,2,Satisfactory,68,"PM10, SO2"
2024-05-03,Hassan,1,Moderate,134,SO2
2024-05-03,Imphal,1,Satisfactory,94,SO2
2024-05-03,Salem,1,Satisfactory,98,SO2
2024-05-04,Bareilly,2,Satisfactory,76,"PM10, SO2"
2024-05-04,Imphal,2,Satisfactory,94,SO2
2024-05-04,Salem,1,Satisfactory,96,SO2
2024-05-05,Bareilly,2,Satisfactory,71,"PM10, SO2"
2024-05-05,Hassan,1,Moderate,126,SO2
2024-05-05,Imphal,2,Satisfactory,97,SO2
2024-05-06,Dewas,1,Good,38,SO2
2024-05-06,Indore,4,Satisfactory,56,"PM10, PM2.5, SO2"
2024-05-06,Prayagraj,3,Satisfactory,99,"PM10, SO2"
2024-05-07,Prayagraj,3,Satisfactory,79,"PM10, SO2"
2024-05-08,Coimbatore,1,Good,44,SO2
2024-05-08,Salem,1,Satisfactory,60,SO2
2024-05-08,Varanasi,3,Good,29,"O3, PM10, SO2"
2024-05-09,Bareilly,2,Good,48,SO2
2024-05-09,Imphal,2,Satisfactory,95,SO2
2024-05-09,Salem,1,Satisfactory,100,SO2
2024-05-09,Varanasi,3,Good,28,"O3, PM10, SO2"
2024-05-10,Ariyalur,1,Good,28,SO2
2024-05-10,Bareilly,2,Good,49,"PM10, SO2"
2024-05-10,Hassan,1,Moderate,128,SO2
2024-05-10,Imphal,2,Satisfactory,97,SO2
2024-05-10,Salem,1,Satisfactory,100,SO2
2024-05-10,Varanasi,4,Good,27,"PM10, SO2"
2024-05-11,Ariyalur,1,Good,28,SO2
2024-05-11,Bareilly,2,Good,50,"PM10, SO2"
2024-05-11,Imphal,1,Satisfactory,95,SO2
2024-05-11,Indore,3,Satisfactory,62,"PM10, SO2"
2024-05-11,Ramanagara,1,Satisfactory,54,SO2
2024-05-11,Varanasi,4,Good,30,"CO, SO2"
2024-05-12,Ariyalur,1,Good,28,SO2
2024-05-12,Bareilly,2,Good,48,SO2
2024-05-12,Imphal,1,Satisfactory,96,SO2
2024-05-12,Indore,4,Satisfactory,61,"O3, PM10, SO2"
2024-05-12,Palkalaiperur,1,Good,29,SO2
2024-05-13,Ariyalur,1,Good,29,SO2
2024-05-13,Bareilly,2,Good,47,SO2
2024-05-13,Imphal,1,Satisfactory,97,SO2
2024-05-13,Palkalaiperur,1,Good,29,SO2
2024-05-13,Solapur,3,Moderate,106,"O3, PM10, SO2"
2024-05-13,Varanasi,4,Good,29,"PM10, SO2"
2024-05-14,Ariyalur,1,Good,28,SO2
2024-05-14,Bareilly,2,Good,40,SO2
2024-05-14,Hassan,1,Moderate,120,SO2
2024-05-14,Imphal,2,Satisfactory,99,SO2
2024-05-14,Palkalaiperur,1,Good,29,SO2
2024-05-14,Salem,1,Satisfactory,100,SO2
2024-05-15,Hassan,1,Moderate,120,SO2
2024-05-15,Imphal,2,Satisfactory,100,SO2
2024-05-15,Palkalaiperur,1,Good,29,SO2
2024-05-15,Salem,1,Satisfactory,99,SO2
2024-05-16,Ariyalur,1,Good,31,SO2
2024-05-16,Bareilly,2,Good,38,SO2
2024-05-16,Imphal,2,Satisfactory,100,SO2
2024-05-16,Palkalaiperur,1,Good,28,SO2
2024-05-16,Prayagraj,3,Satisfactory,82,"PM10, SO2"
2024-05-17,Imphal,2,Moderate,104,"PM2.5, SO2"
2024-05-17,Palkalaiperur,1,Good,29,SO2
2024-05-17,Solapur,3,Moderate,117,"O3, PM10, SO2"
2024-05-18,Ariyalur,1,Good,28,SO2
2024-05-18,Guwahati,2,Satisfactory,74,"PM2.5, SO2"
2024-05-18,Imphal,2,Satisfactory,100,SO2
2024-05-18,Palkalaiperur,1,Good,29,SO2
2024-05-18,Prayagraj,2,Satisfactory,69,"PM10, SO2"
2024-05-18,Ramanagara,1,Good,37,SO2
2024-05-18,Salem,1,Satisfactory,95,SO2
2024-05-18,Varanasi,4,Good,31,"PM10, SO2"
2024-05-19,Ariyalur,1,Good,29,SO2
2024-05-19,Coimbatore,1,Good,40,SO2
2024-05-19,Imphal,2,Satisfactory,98,SO2
2024-05-19,Palkalaiperur,1,Good,29,SO2
2024-05-19,Ramanagara,1,Good,38,SO2
2024-05-19,Salem,1,Satisfactory,95,SO2
2024-05-20,Ariyalur,1,Good,29,SO2
2024-05-20,Imphal,2,Satisfactory,98,SO2
2024-05-20,Ramanagara,1,Good,42,SO2
2024-05-20,Salem,1,Satisfactory,95,SO2
2024-05-21,Bareilly,2,Good,36,SO2
2024-05-21,Coimbatore,1,Good,40,SO2
2024-05-21,Dharwad,1,Satisfactory,63,SO2
2024-05-21,Imphal,2,Satisfactory,100,SO2
2024-05-21,Indore,4,Satisfactory,76,"O3, PM2.5, SO2"
2024-05-21,Palkalaiperur,1,Good,29,SO2
2024-05-21,Ramanagara,1,Good,43,SO2
2024-05-22,Bareilly,2,Good,36,SO2
2024-05-22,Imphal,2,Satisfactory,100,SO2
2024-05-22,Moradabad,6,Moderate,108,"O3, PM10, SO2"
2024-05-22,Palkalaiperur,1,Good,29,SO2
2024-05-22,Prayagraj,3,Satisfactory,59,"PM10, SO2"
2024-05-22,Ramanagara,1,Good,39,SO2
2024-05-22,Varanasi,3,Good,30,"CO, SO2"
2024-05-23,Ariyalur,1,Good,34,SO2
2024-05-23,Bareilly,2,Good,36,SO2
2024-05-23,Guwahati,3,Satisfactory,94,"PM10, PM2.5, SO2"
2024-05-23,Imphal,2,Satisfactory,100,SO2
2024-05-23,Khurja,1,Satisfactory,97,SO2
2024-05-23,Palkalaiperur,1,Good,29,SO2
2024-05-23,Prayagraj,3,Satisfactory,65,"PM10, SO2"
2024-05-23,Ramanagara,1,Good,37,SO2
2024-05-23,Salem,1,Satisfactory,94,SO2
2024-05-23,Varanasi,3,Good,29,"CO, SO2"
2024-05-24,Ariyalur,1,Good,30,SO2
2024-05-24,Bareilly,2,Good,36,SO2
2024-05-24,Coimbatore,1,Good,40,SO2
2024-05-24,Imphal,2,Satisfactory,100,SO2
2024-05-24,Moradabad,6,Satisfactory,92,"O3, PM10, SO2"
2024-05-24,Prayagraj,3,Satisfactory,61,"PM10, SO2"
2024-05-24,Ramanagara,1,Good,35,SO2
2024-05-24,Solapur,1,Moderate,104,SO2
2024-05-24,Varanasi,3,Good,29,"CO, SO2"
2024-05-25,Ariyalur,1,Good,33,SO2
2024-05-25,Bareilly,2,Good,40,"PM10, SO2"
2024-05-25,Imphal,2,Moderate,101,SO2
2024-05-25,Palkalaiperur,1,Good,29,SO2
2024-05-25,Varanasi,4,Good,34,"CO, PM2.5, SO2"
2024-05-26,Ariyalur,1,Good,34,SO2
2024-05-26,Bareilly,2,Good,40,"PM10, SO2"
2024-05-26,Bhagalpur,2,Satisfactory,96,"PM2.5, SO2"
2024-05-26,Coimbatore,1,Good,40,SO2
2024-05-26,Guwahati,4,Satisfactory,69,"PM10, PM2.5, SO2"
2024-05-26,Imphal,2,Moderate,101,SO2
2024-05-26,Kohima,1,Good,36,SO2
2024-05-26,Varanasi,4,Good,36,"PM10, PM2.5, SO2"
2024-05-27,Guwahati,4,Satisfactory,51,"PM10, SO2"
2024-05-27,Imphal,2,Satisfactory,100,SO2
2024-05-27,Kohima,1,Good,35,SO2
2024-05-27,Solapur,3,Satisfactory,71,"PM10, SO2"
2024-05-27,Varanasi,4,Good,31,"CO, PM2.5, SO2"
2024-05-28,Imphal,2,Satisfactory,98,SO2
2024-05-28,Prayagraj,3,Satisfactory,64,"PM10, PM2.5, SO2"
2024-05-28,Salem,1,Satisfactory,95,SO2
2024-05-28,Varanasi,4,Good,33,"CO, PM2.5, SO2"
2024-05-29,Bareilly,2,Good,46,"PM10, SO2"
2024-05-29,Imphal,1,Satisfactory,97,SO2
2024-05-29,Ramanagara,1,Good,34,SO2
2024-05-30,Coimbatore,1,Good,39,SO2
2024-05-30,Imphal,1,Satisfactory,96,SO2
2024-05-30,Indore,4,Satisfactory,75,"PM10, SO2"
2024-05-30,Ramanagara,1,Good,30,SO2
2024-05-30,Salem,1,Satisfactory,82,SO2
2024-05-31,Bareilly,2,Good,41,"PM10, SO2"
2024-05-31,Coimbatore,1,Good,38,SO2
2024-05-31,Guwahati,4,Good,36,"CO, PM2.5, SO2"
2024-05-31,Imphal,1,Satisfactory,97,SO2
2024-05-31,Ramanagara,1,Good,36,SO2
2024-05-31,Vrindavan,1,Good,46,SO2
2024-06-01,Bareilly,2,Good,44,"PM10, SO2"
2024-06-01,Guwahati,4,Good,43,"PM10, SO2"
2024-06-01,Imphal,1,Satisfactory,98,SO2
2024-06-01,Varanasi,4,Good,44,"PM10, PM2.5, SO2"
2024-06-02,Coimbatore,1,Good,39,SO2
2024-06-02,Imphal,1,Satisfactory,99,SO2
2024-06-02,Indore,4,Satisfactory,64,"PM10, SO2"
2024-06-02,Vrindavan,1,Good,44,SO2
2024-06-03,Ariyalur,1,Good,31,SO2
2024-06-03,Coimbatore,1,Good,39,SO2
2024-06-03,Guwahati,3,Good,33,"O3, PM10, SO2"
2024-06-03,Imphal,1,Satisfactory,99,SO2
2024-06-03,Varanasi,4,Good,37,"O3, PM2.5, SO2"
2024-06-04,Coimbatore,1,Good,38,SO2
2024-06-04,Guwahati,3,Good,27,"CO, O3, SO2"
2024-06-04,Indore,4,Satisfactory,66,"PM10, PM2.5, SO2"
2024-06-04,Karwar,1,Good,25,SO2
2024-06-04,Prayagraj,3,Moderate,104,"PM10, PM2.5, SO2"
2024-06-04,Ramanagara,1,Good,30,SO2
2024-06-05,Ariyalur,1,Good,31,SO2
2024-06-05,Bareilly,2,Good,34,"PM10, SO2"
2024-06-05,Coimbatore,1,Good,38,SO2
2024-06-05,Guwahati,4,Satisfactory,54,"O3, PM10, SO2"
2024-06-05,Salem,1,Satisfactory,82,SO2
2024-06-06,Ariyalur,1,Good,31,SO2
2024-06-06,Coimbatore,1,Good,39,SO2
2024-06-06,Guwahati,3,Satisfactory,53,"PM2.5, SO2"
2024-06-06,Imphal,1,Moderate,101,SO2
2024-06-06,Indore,4,Satisfactory,64,"PM10, PM2.5, SO2"
2024-06-06,Karwar,1,Good,23,SO2
2024-06-06,Solapur,3,Satisfactory,68,"PM10, SO2"
2024-06-07,Ariyalur,1,Good,32,SO2
2024-06-07,Coimbatore,1,Good,40,SO2
2024-06-07,Imphal,1,Moderate,101,SO2
2024-06-07,Karwar,1,Good,23,SO2
2024-06-07,Salem,1,Satisfactory,83,SO2
2024-06-07,Samastipur,1,Satisfactory,56,SO2
2024-06-07,Solapur,3,Satisfactory,70,"O3, PM10, SO2"
2024-06-08,Amaravati,1,Good,26,SO2
2024-06-08,Coimbatore,1,Good,40,SO2
2024-06-08,Imphal,1,Satisfactory,100,SO2
2024-06-08,Indore,3,Satisfactory,54,"NO2, PM2.5, SO2"
2024-06-08,Salem,1,Satisfactory,83,SO2
2024-06-08,Samastipur,1,Satisfactory,62,SO2
2024-06-08,Solapur,3,Satisfactory,71,"O3, PM10, SO2"
2024-06-08,Yadgir,1,Good,28,SO2
2024-06-09,Ariyalur,1,Good,30,SO2
2024-06-09,Coimbatore,1,Good,40,SO2
2024-06-09,Dharwad,1,Good,47,SO2
2024-06-09,Imphal,1,Satisfactory,100,SO2
2024-06-09,Salem,1,Satisfactory,83,SO2
2024-06-09,Solapur,3,Satisfactory,73,"O3, PM10, SO2"
2024-06-09,Varanasi,3,Good,48,"PM10, PM2.5, SO2"
2024-06-10,Ariyalur,1,Good,31,SO2
2024-06-10,Bareilly,2,Good,42,"PM10, SO2"
2024-06-10,Coimbatore,1,Good,40,SO2
2024-06-10,Imphal,1,Satisfactory,100,SO2
2024-06-10,Indore,2,Satisfactory,64,"PM10, SO2"
2024-06-10,Salem,1,Satisfactory,82,SO2
2024-06-10,Samastipur,1,Satisfactory,64,SO2
2024-06-10,Solapur,2,Satisfactory,80,"PM10, SO2"
2024-06-10,Vapi,1,Good,46,SO2
2024-06-11,Ariyalur,1,Good,31,SO2
2024-06-11,Bareilly,2,Good,43,"PM10, SO2"
2024-06-11,Coimbatore,1,Good,39,SO2
2024-06-11,Imphal,1,Moderate,101,SO2
2024-06-11,Salem,1,Satisfactory,82,SO2
2024-06-11,Samastipur,1,Satisfactory,59,SO2
2024-06-11,Solapur,2,Satisfactory,78,"PM2.5, SO2"
2024-06-11,Varanasi,4,Good,44,"PM2.5, SO2"
2024-06-12,Ariyalur,1,Good,32,SO2
2024-06-12,Imphal,2,Satisfactory,100,SO2
2024-06-12,Indore,2,Satisfactory,60,"PM10, SO2"
2024-06-12,Salem,1,Satisfactory,82,SO2
2024-06-12,Varanasi,3,Satisfactory,52,"PM10, PM2.5, SO2"
2024-06-13,Imphal,2,Satisfactory,99,SO2
2024-06-13,Indore,4,Satisfactory,51,"PM10, SO2"
2024-06-13,Kohima,1,Good,37,SO2
2024-06-13,Salem,1,Satisfactory,82,SO2
2024-06-14,Guwahati,3,Satisfactory,66,"PM10, PM2.5, SO2"
2024-06-14,Imphal,2,Satisfactory,98,SO2
2024-06-14,Indore,4,Satisfactory,53,"PM10, PM2.5, SO2"
2024-06-14,Kohima,1,Good,37,SO2
2024-06-14,Prayagraj,3,Satisfactory,76,"PM10, SO2"
2024-06-14,Varanasi,3,Good,46,"PM10, PM2.5, SO2"
2024-06-15,Amaravati,1,Good,28,SO2
2024-06-15,Guwahati,2,Good,38,"PM10, SO2"
2024-06-15,Imphal,2,Satisfactory,98,SO2
2024-06-15,Indore,4,Satisfactory,51,"PM10, PM2.5, SO2"
2024-06-15,Varanasi,4,Satisfactory,57,"PM2.5, SO2"
2024-06-16,Guwahati,3,Satisfactory,65,"PM10, PM2.5, SO2"
2024-06-16,Imphal,2,Satisfactory,98,SO2
2024-06-16,Indore,4,Good,50,"PM10, SO2"
2024-06-16,Vapi,1,Good,45,SO2
2024-06-16,Varanasi,4,Good,50,"NO2, PM2.5, SO2"
2024-06-17,Guwahati,2,Satisfactory,72,"PM2.5, SO2"
2024-06-17,Imphal,2,Satisfactory,98,SO2
2024-06-17,Indore,3,Satisfactory,63,"PM10, SO2"
2024-06-17,Varanasi,4,Good,48,"NO2, PM2.5, SO2"
2024-06-18,Ariyalur,1,Good,33,SO2
2024-06-18,Guwahati,2,Satisfactory,72,"PM2.5, SO2"
2024-06-18,Imphal,1,Satisfactory,100,SO2
2024-06-18,Indore,3,Satisfactory,56,"CO, PM10, SO2"
2024-06-18,Salem,1,Satisfactory,82,SO2
2024-06-18,Varanasi,4,Good,48,"PM10, PM2.5, SO2"
2024-06-19,Agartala,1,Good,41,SO2
2024-06-19,Agra,4,Good,50,"NO2, PM2.5, SO2"
2024-06-19,Ariyalur,1,Good,35,SO2
2024-06-19,Coimbatore,1,Good,40,SO2
2024-06-19,Damoh,1,Good,32,SO2
2024-06-19,Guwahati,3,Good,47,"CO, PM2.5, SO2"
2024-06-19,Imphal,2,Satisfactory,97,SO2
2024-06-19,Indore,4,Good,43,"CO, PM10, SO2"
2024-06-19,Kohima,1,Good,38,SO2
2024-06-19,Vapi,1,Good,46,SO2
2024-06-19,Varanasi,4,Good,35,"NO2, SO2"
2024-06-20,Ariyalur,1,Good,34,SO2
2024-06-20,Coimbatore,1,Good,40,SO2
2024-06-20,Guwahati,3,Satisfactory,58,"CO, PM2.5, SO2"
2024-06-20,Imphal,2,Satisfactory,98,SO2
2024-06-20,Indore,3,Good,43,"PM10, SO2"
2024-06-20,Vapi,1,Good,47,SO2
2024-06-20,Varanasi,4,Good,30,"PM2.5, SO2"
2024-06-21,Bareilly,2,Good,30,"PM10, SO2"
2024-06-21,Coimbatore,1,Good,40,SO2
2024-06-21,Damoh,1,Good,33,SO2
2024-06-21,Imphal,1,Moderate,101,SO2
2024-06-21,Narnaul,1,Good,48,SO2
2024-06-21,Varanasi,4,Good,29,SO2
2024-06-22,Ariyalur,1,Good,34,SO2
2024-06-22,Damoh,1,Good,33,SO2
2024-06-22,Imphal,2,Satisfactory,99,SO2
2024-06-22,Vapi,1,Good,47,SO2
2024-06-22,Varanasi,4,Good,32,"PM10, PM2.5, SO2"
2024-06-23,Bareilly,2,Good,26,"PM10, SO2"
2024-06-23,Coimbatore,1,Good,40,SO2
2024-06-23,Damoh,1,Good,33,SO2
2024-06-23,Guwahati,3,Satisfactory,82,"PM2.5, SO2"
2024-06-23,Imphal,1,Satisfactory,100,SO2
2024-06-23,Varanasi,4,Good,34,"PM10, PM2.5, SO2"
2024-06-24,Ariyalur,1,Good,34,SO2
2024-06-24,Bareilly,2,Good,28,"PM10, SO2"
2024-06-24,Coimbatore,1,Good,41,SO2
2024-06-24,Guwahati,3,Satisfactory,88,"PM10, PM2.5, SO2"
2024-06-24,Imphal,1,Moderate,101,SO2
2024-06-24,Indore,3,Satisfactory,56,"CO, PM10, SO2"
2024-06-24,Kohima,1,Good,37,SO2
2024-06-24,Narnaul,1,Good,47,SO2
2024-06-24,Vapi,1,Good,48,SO2
2024-06-24,Varanasi,3,Good,37,"PM10, SO2"
2024-06-24,Yadgir,1,Good,19,SO2
2024-06-25,Ariyalur,1,Good,34,SO2
2024-06-25,Bareilly,2,Good,27,"PM10, SO2"
2024-06-25,Guwahati,3,Satisfactory,81,"PM10, PM2.5, SO2"
2024-06-25,Imphal,1,Moderate,101,SO2
2024-06-25,Indore,4,Good,46,"CO, PM10, SO2"
2024-06-25,Prayagraj,3,Satisfactory,56,"O3, PM10, SO2"
2024-06-25,Varanasi,4,Good,38,"PM10, PM2.5, SO2"
2024-06-26,Amaravati,1,Good,38,SO2
2024-06-26,Ariyalur,1,Good,34,SO2
2024-06-26,Bareilly,1,Good,21,SO2
2024-06-26,Coimbatore,1,Good,40,SO2
2024-06-26,Guwahati,3,Satisfactory,72,"PM10, PM2.5, SO2"
2024-06-26,Imphal,1,Moderate,101,SO2
2024-06-26,Indore,4,Satisfactory,51,"CO, PM10, SO2"
2024-06-26,Mandikhera,1,Good,35,SO2
2024-06-26,Narnaul,1,Good,47,SO2
2024-06-26,Singrauli,1,Satisfactory,90,SO2
2024-06-26,Vapi,1,Good,48,SO2
2024-06-26,Varanasi,4,Good,31,"PM10, SO2"
2024-06-27,Agartala,1,Good,47,SO2
2024-06-27,Ariyalur,1,Good,34,SO2
2024-06-27,Bareilly,1,Good,21,SO2
2024-06-27,Damoh,1,Good,33,SO2
2024-06-27,Guwahati,2,Good,45,"PM2.5, SO2"
2024-06-27,Imphal,2,Satisfactory,100,SO2
2024-06-27,Indore,4,Good,46,"CO, NO2, SO2"
2024-06-27,Kohima,1,Good,38,SO2
2024-06-27,Vapi,1,Good,48,SO2
2024-06-27,Varanasi,2,Good,32,SO2
2024-06-28,Ariyalur,1,Good,34,SO2
2024-06-28,Bareilly,2,Good,20,SO2
2024-06-28,Chhapra,1,Good,49,SO2
2024-06-28,Coimbatore,1,Good,38,SO2
2024-06-28,Damoh,1,Good,34,SO2
2024-06-28,Imphal,2,Moderate,101,SO2
2024-06-28,Indore,4,Good,43,"CO, SO2"
2024-06-28,Kohima,1,Good,39,SO2
2024-06-28,Ratlam,1,Good,29,SO2
2024-06-28,Singrauli,1,Moderate,102,SO2
2024-06-28,Vapi,1,Good,48,SO2
2024-06-28,Varanasi,4,Good,33,"CO, PM10, SO2"
2024-06-29,Agartala,1,Good,44,SO2
2024-06-29,Bareilly,2,Good,22,"PM10, SO2"
2024-06-29,Coimbatore,1,Good,39,SO2
2024-06-29,Imphal,1,Satisfactory,100,SO2
2024-06-29,Indore,4,Good,45,"CO, NO2, SO2"
2024-06-29,Jabalpur,3,Good,48,"CO, PM2.5, SO2"
2024-06-29,Kohima,1,Good,39,SO2
2024-06-29,Mandikhera,1,Good,34,SO2
2024-06-29,Vapi,1,Good,46,SO2
2024-06-29,Varanasi,4,Good,35,"CO, PM10, SO2"
2024-06-30,Ariyalur,1,Good,35,SO2
2024-06-30,Bareilly,2,Good,20,SO2
2024-06-30,Chhapra,1,Good,42,SO2
2024-06-30,Coimbatore,1,Good,39,SO2
2024-06-30,Imphal,1,Satisfactory,100,SO2
2024-06-30,Indore,4,Good,46,"CO, SO2"
2024-06-30,Mandikhera,1,Good,34,SO2
2024-06-30,Prayagraj,3,Good,33,"O3, PM2.5, SO2"
2024-06-30,Shillong,1,Good,36,SO2
2024-06-30,Singrauli,1,Satisfactory,87,SO2
2024-06-30,Vapi,1,Good,48,SO2
2024-06-30,Varanasi,4,Good,30,SO2
2024-07-01,Agartala,1,Good,44,SO2
2024-07-01,Ariyalur,1,Good,34,SO2
2024-07-01,Bareilly,2,Good,20,"PM10, SO2"
2024-07-01,Coimbatore,1,Good,39,SO2
2024-07-01,Imphal,1,Moderate,101,SO2
2024-07-01,Indore,4,Good,46,"CO, SO2"
2024-07-01,Mandikhera,1,Good,35,SO2
2024-07-01,Vapi,1,Good,48,SO2
2024-07-01,Varanasi,4,Good,30,"CO, SO2"
2024-07-02,Agra,6,Good,31,"NO2, PM10, SO2"
2024-07-02,Bareilly,2,Good,20,SO2
2024-07-02,Chhapra,1,Good,45,SO2
2024-07-02,Coimbatore,1,Good,39,SO2
2024-07-02,Guwahati,3,Good,33,"CO, SO2"
2024-07-02,Imphal,1,Satisfactory,100,SO2
2024-07-02,Indore,4,Good,42,"CO, SO2"
2024-07-02,Kohima,1,Good,39,SO2
2024-07-02,Mandikhera,1,Good,34,SO2
2024-07-02,Narnaul,1,Good,35,SO2
2024-07-02,Prayagraj,3,Good,28,"CO, PM2.5, SO2"
2024-07-02,Vapi,1,Good,48,SO2
2024-07-02,Varanasi,4,Good,31,"O3, SO2"
2024-07-03,Agra,6,Good,31,"NO2, PM10, SO2"
2024-07-03,Asansol,3,Satisfactory,55,"PM10, SO2"
2024-07-03,Bareilly,1,Good,22,SO2
2024-07-03,Bhagalpur,1,Good,32,SO2
2024-07-03,Coimbatore,1,Good,38,SO2
2024-07-03,Damoh,1,Good,35,SO2
2024-07-03,Guwahati,4,Good,36,"CO, PM2.5, SO2"
2024-07-03,Imphal,2,Satisfactory,99,SO2
2024-07-03,Indore,3,Satisfactory,51,"PM10, SO2"
2024-07-03,Prayagraj,3,Good,37,"PM10, PM2.5, SO2"
2024-07-03,Singrauli,1,Moderate,113,SO2
2024-07-03,Vapi,1,Good,47,SO2
2024-07-03,Varanasi,4,Good,31,"CO, SO2"
2024-07-04,Agra,6,Good,28,"NO2, SO2"
2024-07-04,Bareilly,2,Good,21,SO2
2024-07-04,Chhapra,1,Good,44,SO2
2024-07-04,Coimbatore,1,Good,39,SO2
2024-07-04,Damoh,1,Good,35,SO2
2024-07-04,Guwahati,4,Good,42,"CO, PM10, SO2"
2024-07-04,Imphal,1,Satisfactory,98,SO2
2024-07-04,Indore,3,Satisfactory,52,"PM10, SO2"
2024-07-04,Kohima,1,Good,39,SO2
2024-07-04,Moradabad,5,Good,34,"NO2, O3, SO2"
2024-07-04,Palkalaiperur,1,Good,29,SO2
2024-07-04,Vapi,1,Good,47,SO2
2024-07-04,Varanasi,4,Good,31,"CO, SO2"
2024-07-05,Bareilly,1,Good,19,SO2
2024-07-05,Chhapra,1,Satisfactory,54,SO2
2024-07-05,Coimbatore,1,Good,39,SO2
2024-07-05,Damoh,1,Good,35,SO2
2024-07-05,Guwahati,4,Good,32,"CO, PM2.5, SO2"
2024-07-05,Indore,3,Good,48,"PM10, SO2"
2024-07-05,Khurja,1,Satisfactory,76,SO2
2024-07-05,Kohima,1,Good,39,SO2
2024-07-05,Mandikhera,1,Good,34,SO2
2024-07-05,Prayagraj,3,Good,32,"PM2.5, SO2"
2024-07-05,Vapi,1,Good,47,SO2
2024-07-05,Varanasi,4,Good,34,"PM10, SO2"
2024-07-05,Vrindavan,1,Good,43,SO2
2024-07-06,Bareilly,2,Good,20,SO2
2024-07-06,Chhapra,1,Good,49,SO2
2024-07-06,Coimbatore,1,Good,40,SO2
2024-07-06,Damoh,1,Good,37,SO2
2024-07-06,Dindigul,1,Satisfactory,92,SO2
2024-07-06,Imphal,1,Satisfactory,99,SO2
2024-07-06,Indore,4,Good,45,"CO, SO2"
2024-07-06,Jhansi,1,Good,20,SO2
2024-07-06,Kohima,1,Good,39,SO2
2024-07-06,Mandikhera,1,Good,34,SO2
2024-07-06,Prayagraj,3,Good,29,"PM2.5, SO2"
2024-07-06,Vapi,1,Good,48,SO2
2024-07-06,Varanasi,3,Good,34,"NO2, SO2"
2024-07-07,Ariyalur,1,Good,37,SO2
2024-07-07,Bareilly,2,Good,20,SO2
2024-07-07,Coimbatore,1,Good,40,SO2
2024-07-07,Damoh,1,Good,37,SO2
2024-07-07,Dindigul,1,Satisfactory,93,SO2
2024-07-07,Guwahati,3,Good,41,"PM10, PM2.5, SO2"
2024-07-07,Imphal,1,Satisfactory,99,SO2
2024-07-07,Indore,3,Satisfactory,78,"CO, PM10, SO2"
2024-07-07,Mandikhera,1,Good,34,SO2
2024-07-07,Palkalaiperur,1,Good,29,SO2
2024-07-07,Prayagraj,3,Good,32,"PM10, PM2.5, SO2"
2024-07-07,Singrauli,1,Moderate,118,SO2
2024-07-07,Varanasi,4,Good,33,"NO2, SO2"
2024-07-08,Ariyalur,1,Good,35,SO2
2024-07-08,Bareilly,1,Good,23,SO2
2024-07-08,Coimbatore,1,Good,40,SO2
2024-07-08,Dindigul,1,Satisfactory,92,SO2
2024-07-08,Guwahati,3,Good,48,"CO, PM10, SO2"
2024-07-08,Imphal,1,Satisfactory,98,SO2
2024-07-08,Kohima,1,Good,40,SO2
2024-07-08,Mahad,1,Satisfactory,53,SO2
2024-07-08,Mandikhera,1,Good,34,SO2
2024-07-08,Moradabad,5,Good,35,"CO, O3, SO2"
2024-07-08,Prayagraj,3,Good,42,"PM10, PM2.5, SO2"
2024-07-08,Shillong,1,Good,36,SO2
2024-07-08,Vapi,1,Good,49,SO2
2024-07-08,Varanasi,4,Good,32,"NO2, SO2"
2024-07-09,Agra,5,Satisfactory,51,"PM2.5, SO2"
2024-07-09,Ariyalur,1,Good,36,SO2
2024-07-09,Bareilly,2,Good,20,SO2
2024-07-09,Indore,4,Good,48,"PM10, PM2.5, SO2"
2024-07-09,Kohima,1,Good,39,SO2
2024-07-09,Mandikhera,1,Good,35,SO2
2024-07-09,Palkalaiperur,1,Good,29,SO2
2024-07-09,Shillong,1,Good,36,SO2
2024-07-09,Vapi,1,Good,49,SO2
2024-07-10,Agra,5,Satisfactory,55,"PM2.5, SO2"
2024-07-10,Chhapra,1,Satisfactory,52,SO2
2024-07-10,Indore,4,Good,46,"PM10, SO2"
2024-07-10,Kohima,1,Good,40,SO2
2024-07-10,Shillong,1,Good,37,SO2
2024-07-10,Vapi,1,Good,48,SO2
2024-07-11,Ariyalur,1,Good,36,SO2
2024-07-11,Bareilly,2,Good,22,"PM10, SO2"
2024-07-11,Indore,4,Good,47,"CO, PM10, SO2"
2024-07-11,Kohima,1,Good,39,SO2
2024-07-11,Kolar,1,Satisfactory,70,SO2
2024-07-11,Mandikhera,1,Good,34,SO2
2024-07-11,Narnaul,1,Satisfactory,51,SO2
2024-07-11,Shillong,1,Good,36,SO2
2024-07-11,Vapi,1,Good,49,SO2
2024-07-11,Varanasi,4,Good,42,"PM10, SO2"
2024-07-12,Ariyalur,1,Good,36,SO2
2024-07-12,Bareilly,2,Good,23,SO2
2024-07-12,Chhapra,1,Good,44,SO2
2024-07-12,Imphal,1,Satisfactory,100,SO2
2024-07-12,Indore,4,Good,39,"CO, PM10, SO2"
2024-07-12,Karwar,1,Good,21,SO2
2024-07-12,Kolar,1,Satisfactory,70,SO2
2024-07-12,Mandikhera,1,Good,34,SO2
2024-07-12,Palkalaiperur,1,Good,30,SO2
2024-07-12,Prayagraj,2,Good,36,"PM2.5, SO2"
2024-07-12,Shillong,1,Good,36,SO2
2024-07-13,Ariyalur,1,Good,37,SO2
2024-07-13,Bareilly,1,Good,23,SO2
2024-07-13,Coimbatore,1,Good,39,SO2
2024-07-13,Dewas,1,Satisfactory,56,SO2
2024-07-13,Indore,4,Good,39,"CO, SO2"
2024-07-13,Kohima,1,Good,40,SO2
2024-07-13,Mandikhera,1,Good,34,SO2
2024-07-13,Palkalaiperur,1,Good,30,SO2
2024-07-13,Prayagraj,3,Good,38,"PM10, PM2.5, SO2"
2024-07-13,Singrauli,1,Satisfactory,64,SO2
2024-07-14,Ariyalur,1,Good,37,SO2
2024-07-14,Bareilly,1,Good,23,SO2
2024-07-14,Coimbatore,1,Good,38,SO2
2024-07-14,Firozabad,1,Good,41,SO2
2024-07-14,Indore,3,Good,43,"CO, PM10, SO2"
2024-07-14,Palkalaiperur,1,Good,30,SO2
2024-07-14,Vapi,1,Good,49,SO2
2024-07-15,Ariyalur,1,Good,36,SO2
2024-07-15,Asansol,3,Good,48,"PM10, PM2.5, SO2"
2024-07-15,Bareilly,2,Good,22,SO2
2024-07-15,Indore,3,Good,44,"CO, SO2"
2024-07-15,Mandikhera,1,Good,34,SO2
2024-07-15,Palkalaiperur,1,Good,30,SO2
2024-07-15,Vapi,1,Good,49,SO2
2024-07-16,Agartala,1,Good,47,SO2
2024-07-16,Ariyalur,1,Good,36,SO2
2024-07-16,Asansol,3,Good,45,"PM10, SO2"
2024-07-16,Bareilly,2,Good,22,SO2
2024-07-16,Chhapra,1,Good,49,SO2
2024-07-16,Coimbatore,1,Good,39,SO2
2024-07-16,Durgapur,2,Good,43,"PM10, SO2"
2024-07-16,Imphal,1,Satisfactory,100,SO2
2024-07-16,Indore,2,Satisfactory,56,"CO, SO2"
2024-07-16,Kohima,1,Good,40,SO2
2024-07-16,Moradabad,6,Satisfactory,66,"PM10, SO2"
2024-07-16,Palkalaiperur,1,Good,30,SO2
2024-07-16,Prayagraj,3,Good,38,"PM10, PM2.5, SO2"
2024-07-16,Shillong,1,Good,36,SO2
2024-07-16,Vapi,1,Good,50,SO2
2024-07-17,Agra,6,Satisfactory,57,"PM10, PM2.5, SO2"
2024-07-17,Ariyalur,1,Good,36,SO2
2024-07-17,Asansol,4,Satisfactory,59,"PM10, SO2"
2024-07-17,Bareilly,2,Good,21,SO2
2024-07-17,Chhapra,1,Satisfactory,56,SO2
2024-07-17,Damoh,1,Good,45,SO2
2024-07-17,Imphal,1,Moderate,101,SO2
2024-07-17,Indore,2,Satisfactory,52,"CO, SO2"
2024-07-17,Kolar,1,Satisfactory,70,SO2
2024-07-17,Mandikhera,1,Good,34,SO2
2024-07-17,Palkalaiperur,1,Good,30,SO2
2024-07-17,Prayagraj,3,Good,43,"PM10, SO2"
2024-07-17,Shillong,1,Good,36,SO2
2024-07-17,Vapi,1,Good,50,SO2
2024-07-18,Ariyalur,1,Good,39,SO2
2024-07-18,Asansol,4,Good,49,"CO, PM2.5, SO2"
2024-07-18,Bareilly,2,Good,22,SO2
2024-07-18,Coimbatore,1,Good,39,SO2
2024-07-18,Damoh,1,Good,43,SO2
2024-07-18,Dewas,1,Good,43,SO2
2024-07-18,Imphal,1,Satisfactory,100,SO2
2024-07-18,Indore,2,Satisfactory,54,"CO, SO2"
2024-07-18,Kohima,1,Good,40,SO2
2024-07-18,Kolar,1,Satisfactory,70,SO2
2024-07-18,Palkalaiperur,1,Good,30,SO2
2024-07-18,Prayagraj,3,Good,34,"O3, PM2.5, SO2"
2024-07-18,Vapi,1,Good,50,SO2
2024-07-19,Agartala,1,Good,49,SO2
2024-07-19,Ariyalur,1,Good,38,SO2
2024-07-19,Asansol,4,Good,50,"CO, PM10, SO2"
2024-07-19,Bareilly,2,Good,22,SO2
2024-07-19,Chhapra,1,Satisfactory,56,SO2
2024-07-19,Coimbatore,1,Good,41,SO2
2024-07-19,Damoh,1,Good,42,SO2
2024-07-19,Imphal,1,Moderate,101,SO2
2024-07-19,Indore,2,Good,42,"CO, SO2"
2024-07-19,Prayagraj,3,Good,38,"PM10, PM2.5, SO2"
2024-07-19,Ratlam,1,Good,34,SO2
2024-07-19,Vapi,1,Satisfactory,51,SO2
2024-07-20,Agartala,1,Good,48,SO2
2024-07-20,Ariyalur,1,Good,36,SO2
2024-07-20,Bareilly,2,Good,22,SO2
2024-07-20,Chhapra,1,Satisfactory,61,SO2
2024-07-20,Coimbatore,1,Good,40,SO2
2024-07-20,Damoh,1,Good,43,SO2
2024-07-20,Dewas,1,Good,42,SO2
2024-07-20,Imphal,1,Moderate,101,SO2
2024-07-20,Indore,2,Good,45,"CO, SO2"
2024-07-20,Kohima,1,Good,40,SO2
2024-07-20,Prayagraj,3,Good,42,"PM10, SO2"
2024-07-20,Ratlam,1,Good,32,SO2
2024-07-20,Shillong,1,Good,37,SO2
2024-07-20,Vapi,1,Satisfactory,51,SO2
2024-07-21,Agartala,1,Good,48,SO2
2024-07-21,Bareilly,2,Good,24,"PM10, SO2"
2024-07-21,Chhapra,1,Satisfactory,57,SO2
2024-07-21,Coimbatore,1,Good,39,SO2
2024-07-21,Damoh,1,Good,41,SO2
2024-07-21,Dewas,1,Good,45,SO2
2024-07-21,Durgapur,2,Good,42,"PM2.5, SO2"
2024-07-21,Guwahati,4,Good,34,"CO, PM10, SO2"
2024-07-21,Imphal,1,Moderate,101,SO2
2024-07-21,Indore,3,Good,40,"CO, SO2"
2024-07-21,Kohima,1,Good,40,SO2
2024-07-21,Kolar,1,Satisfactory,71,SO2
2024-07-21,Mumbai,23,Good,36,"CO, NO2, SO2"
2024-07-21,Prayagraj,3,Good,39,"O3, PM10, SO2"
2024-07-21,Ratlam,1,Good,33,SO2
2024-07-21,Shillong,1,Good,36,SO2
2024-07-21,Vapi,1,Satisfactory,51,SO2
2024-07-22,Agartala,1,Good,46,SO2
2024-07-22,Bareilly,2,Good,22,SO2
2024-07-22,Chhapra,1,Satisfactory,59,SO2
2024-07-22,Damoh,1,Good,40,SO2
2024-07-22,Dewas,1,Good,39,SO2
2024-07-22,Guwahati,4,Good,32,"CO, PM10, SO2"
2024-07-22,Imphal,1,Moderate,101,SO2
2024-07-22,Indore,2,Satisfactory,54,"CO, SO2"
2024-07-22,Kohima,1,Good,41,SO2
2024-07-22,Kolar,1,Satisfactory,72,SO2
2024-07-22,Prayagraj,3,Good,35,"PM10, SO2"
2024-07-22,Ratlam,1,Good,33,SO2
2024-07-22,Vapi,1,Satisfactory,51,SO2
2024-07-23,Agartala,1,Good,45,SO2
2024-07-23,Ariyalur,1,Good,36,SO2
2024-07-23,Banswara,1,Good,44,SO2
2024-07-23,Bareilly,2,Good,22,SO2
2024-07-23,Chhapra,1,Satisfactory,62,SO2
2024-07-23,Coimbatore,1,Good,38,SO2
2024-07-23,Damoh,1,Good,40,SO2
2024-07-23,Dewas,1,Good,46,SO2
2024-07-23,Indore,3,Good,49,"CO, SO2"
2024-07-23,Kohima,1,Good,40,SO2
2024-07-23,Kolar,1,Satisfactory,72,SO2
2024-07-23,Palkalaiperur,1,Good,25,SO2
2024-07-23,Prayagraj,3,Good,35,"PM10, SO2"
2024-07-23,Ratlam,1,Good,33,SO2
2024-07-23,Vapi,1,Satisfactory,51,SO2
2024-07-24,Agartala,1,Good,45,SO2
2024-07-24,Agra,6,Satisfactory,63,"O3, SO2"
2024-07-24,Ariyalur,1,Good,36,SO2
2024-07-24,Banswara,1,Good,37,SO2
2024-07-24,Bareilly,2,Moderate,101,"O3, SO2"
2024-07-24,Chhapra,1,Satisfactory,61,SO2
2024-07-24,Dewas,1,Good,49,SO2
2024-07-24,Imphal,1,Moderate,101,SO2
2024-07-24,Indore,3,Good,45,"CO, SO2"
2024-07-24,Kohima,1,Good,40,SO2
2024-07-24,Kolar,1,Satisfactory,71,SO2
2024-07-24,Motihari,1,Good,31,SO2
2024-07-24,Palkalaiperur,1,Good,25,SO2
2024-07-24,Prayagraj,3,Good,33,"PM10, SO2"
2024-07-24,Ratlam,1,Good,33,SO2
2024-07-24,Singrauli,1,Satisfactory,95,SO2
2024-07-24,Vapi,1,Satisfactory,51,SO2
2024-07-25,Agartala,1,Good,45,SO2
2024-07-25,Agra,6,Good,32,"O3, PM10, SO2"
2024-07-25,Ariyalur,1,Good,40,SO2
2024-07-25,Bareilly,2,Good,21,SO2
2024-07-25,Dewas,1,Satisfactory,54,SO2
2024-07-25,Guwahati,3,Good,29,"PM10, SO2"
2024-07-25,Hisar,1,Good,40,SO2
2024-07-25,Imphal,1,Moderate,101,SO2
2024-07-25,Indore,3,Satisfactory,63,"CO, PM10, SO2"
2024-07-25,Kohima,1,Good,41,SO2
2024-07-25,Kolar,1,Satisfactory,70,SO2
2024-07-25,Motihari,1,Good,47,SO2
2024-07-25,Palkalaiperur,1,Good,25,SO2
2024-07-25,Prayagraj,3,Good,34,SO2
2024-07-25,Ratlam,1,Good,34,SO2
2024-07-25,Shillong,1,Good,37,SO2
2024-07-25,Singrauli,1,Satisfactory,95,SO2
2024-07-25,Vapi,1,Satisfactory,52,SO2
2024-07-25,Vrindavan,1,Good,44,SO2
2024-07-26,Agartala,1,Good,48,SO2
2024-07-26,Ariyalur,1,Good,43,SO2
2024-07-26,Bareilly,2,Good,21,SO2
2024-07-26,Chhapra,1,Satisfactory,66,SO2
2024-07-26,Damoh,1,Good,40,SO2
2024-07-26,Guwahati,4,Good,48,"PM10, PM2.5, SO2"
2024-07-26,Imphal,1,Moderate,101,SO2
2024-07-26,Indore,4,Good,44,"CO, SO2"
2024-07-26,Kohima,1,Good,41,SO2
2024-07-26,Kolar,1,Satisfactory,70,SO2
2024-07-26,Motihari,1,Good,45,SO2
2024-07-26,Mumbai,23,Good,42,"NO2, PM10, SO2"
2024-07-26,Palkalaiperur,1,Good,25,SO2
2024-07-26,Prayagraj,3,Good,39,"PM2.5, SO2"
2024-07-26,Shillong,1,Good,37,SO2
2024-07-26,Singrauli,1,Satisfactory,96,SO2
2024-07-27,Agartala,1,Good,48,SO2
2024-07-27,Asansol,4,Good,41,"PM10, SO2"
2024-07-27,Bareilly,2,Good,22,SO2
2024-07-27,Chhapra,1,Satisfactory,67,SO2
2024-07-27,Damoh,1,Good,41,SO2
2024-07-27,Guwahati,3,Good,42,"PM10, SO2"
2024-07-27,Imphal,1,Moderate,101,SO2
2024-07-27,Indore,3,Satisfactory,55,"CO, PM10, SO2"
2024-07-27,Jhansi,1,Good,39,SO2
2024-07-27,Kohima,1,Good,42,SO2
2024-07-27,Koppal,1,Good,30,SO2
2024-07-27,Motihari,1,Good,38,SO2
2024-07-27,Palkalaiperur,1,Good,26,SO2
2024-07-27,Prayagraj,3,Good,35,"PM10, PM2.5, SO2"
2024-07-27,Shillong,1,Good,38,SO2
2024-07-27,Singrauli,1,Satisfactory,97,SO2
2024-07-28,Agartala,1,Good,50,SO2
2024-07-28,Bareilly,1,Good,19,SO2
2024-07-28,Chhapra,1,Satisfactory,59,SO2
2024-07-28,Damoh,1,Good,44,SO2
2024-07-28,Dewas,1,Satisfactory,54,SO2
2024-07-28,Guwahati,4,Satisfactory,52,"PM10, PM2.5, SO2"
2024-07-28,Imphal,1,Moderate,101,SO2
2024-07-28,Indore,3,Satisfactory,51,"CO, SO2"
2024-07-28,Kohima,1,Good,44,SO2
2024-07-28,Koppal,1,Good,33,SO2
2024-07-28,Palkalaiperur,1,Good,25,SO2
2024-07-28,Prayagraj,3,Good,38,"PM10, PM2.5, SO2"
2024-07-28,Shillong,1,Good,37,SO2
2024-07-28,Singrauli,1,Satisfactory,87,SO2
2024-07-29,Agartala,1,Good,48,SO2
2024-07-29,Bareilly,2,Good,22,SO2
2024-07-29,Chhapra,1,Satisfactory,64,SO2
2024-07-29,Damoh,1,Good,42,SO2
2024-07-29,Guwahati,4,Good,46,"PM10, PM2.5, SO2"
2024-07-29,Imphal,1,Moderate,102,SO2
2024-07-29,Indore,3,Good,45,"CO, SO2"
2024-07-29,Jhansi,1,Satisfactory,51,SO2
2024-07-29,Kohima,1,Good,48,SO2
2024-07-29,Koppal,1,Good,30,SO2
2024-07-29,Prayagraj,2,Good,39,"PM10, SO2"
2024-07-29,Ratlam,1,Good,33,SO2
2024-07-29,Shillong,1,Good,37,SO2
2024-07-29,Singrauli,1,Satisfactory,96,SO2
2024-07-30,Agra,6,Good,32,"PM10, SO2"
2024-07-30,Bareilly,2,Good,22,SO2
2024-07-30,Chhapra,1,Satisfactory,67,SO2
2024-07-30,Damoh,1,Good,41,SO2
2024-07-30,Imphal,1,Moderate,102,SO2
2024-07-30,Indore,4,Good,44,"CO, SO2"
2024-07-30,Kohima,1,Good,43,SO2
2024-07-30,Kolar,1,Satisfactory,55,SO2
2024-07-30,Prayagraj,3,Good,44,"PM10, PM2.5, SO2"
2024-07-30,Ratlam,1,Good,33,SO2
2024-07-30,Shillong,1,Good,37,SO2
2024-07-30,Vapi,1,Satisfactory,52,SO2
2024-07-31,Bareilly,2,Good,26,"PM10, SO2"
2024-07-31,Chhapra,1,Satisfactory,65,SO2
2024-07-31,Damoh,1,Good,41,SO2
2024-07-31,Imphal,1,Moderate,101,SO2
2024-07-31,Indore,4,Satisfactory,52,"PM10, SO2"
2024-07-31,Kohima,1,Good,45,SO2
2024-07-31,Koppal,1,Good,30,SO2
2024-07-31,Prayagraj,2,Good,26,"CO, SO2"
2024-07-31,Shillong,1,Good,36,SO2
2024-07-31,Vapi,1,Satisfactory,52,SO2
2024-08-01,Agartala,1,Good,46,SO2
2024-08-01,Bareilly,2,Good,28,SO2
2024-08-01,Damoh,1,Good,41,SO2
2024-08-01,Firozabad,2,Good,28,"PM10, SO2"
2024-08-01,Imphal,1,Satisfactory,100,SO2
2024-08-01,Indore,4,Good,50,"PM10, SO2"
2024-08-01,Karwar,1,Good,25,SO2
2024-08-01,Kohima,1,Good,44,SO2
2024-08-01,Kolar,1,Satisfactory,55,SO2
2024-08-01,Kurukshetra,1,Good,31,SO2
2024-08-01,Mandikhera,1,Good,34,SO2
2024-08-01,Prayagraj,2,Good,26,SO2
2024-08-01,Shillong,1,Good,36,SO2
2024-08-01,Vapi,1,Satisfactory,52,SO2
2024-08-02,Agra,5,Good,30,"NO2, PM10, SO2"
2024-08-02,Bareilly,2,Good,26,SO2
2024-08-02,Damoh,1,Good,41,SO2
2024-08-02,Hisar,1,Good,42,SO2
2024-08-02,Imphal,1,Satisfactory,100,SO2
2024-08-02,Indore,4,Good,43,"CO, SO2"
2024-08-02,Karwar,1,Good,24,SO2
2024-08-02,Kohima,1,Good,46,SO2
2024-08-02,Prayagraj,3,Good,30,SO2
2024-08-02,Ratlam,1,Good,33,SO2
2024-08-02,Shillong,1,Good,36,SO2
2024-08-02,Vapi,1,Satisfactory,52,SO2
2024-08-02,Varanasi,4,Good,34,"PM10, SO2"
2024-08-03,Agartala,1,Good,45,SO2
2024-08-03,Agra,5,Good,28,"NO2, PM10, SO2"
2024-08-03,Banswara,1,Good,35,SO2
2024-08-03,Bareilly,2,Good,26,SO2
2024-08-03,Bileipada,1,Good,46,SO2
2024-08-03,Damoh,1,Good,40,SO2
2024-08-03,Dewas,1,Good,45,SO2
2024-08-03,Indore,4,Good,46,"CO, SO2"
2024-08-03,Karauli,1,Good,25,SO2
2024-08-03,Khurja,1,Satisfactory,69,SO2
2024-08-03,Kohima,1,Good,46,SO2
2024-08-03,Munger,1,Good,20,SO2
2024-08-03,Prayagraj,3,Good,35,SO2
2024-08-03,Raipur,3,Good,25,"CO, SO2"
2024-08-03,Ratlam,1,Good,33,SO2
2024-08-03,Shillong,1,Good,36,SO2
2024-08-03,Vapi,1,Satisfactory,52,SO2
2024-08-03,Varanasi,4,Good,35,"NO2, SO2"
2024-08-04,Agartala,1,Good,45,SO2
2024-08-04,Agra,6,Good,27,"PM10, SO2"
2024-08-04,Bareilly,2,Good,26,SO2
2024-08-04,Indore,4,Good,42,"CO, SO2"
2024-08-04,Jhansi,1,Good,23,SO2
2024-08-04,Khurja,1,Moderate,110,SO2
2024-08-04,Kohima,1,Good,47,SO2
2024-08-04,Munger,1,Good,25,SO2
2024-08-04,Prayagraj,3,Good,39,SO2
2024-08-04,Ratlam,1,Good,33,SO2
2024-08-04,Vapi,1,Satisfactory,53,SO2
2024-08-04,Varanasi,4,Good,32,"NO2, SO2"
2024-08-05,Agra,5,Good,26,"NO2, PM10, SO2"
2024-08-05,Bareilly,1,Good,20,SO2
2024-08-05,Dewas,1,Good,42,SO2
2024-08-05,Hisar,1,Satisfactory,53,SO2
2024-08-05,Indore,4,Good,39,"CO, SO2"
2024-08-05,Jaipur,5,Good,37,"CO, SO2"
2024-08-05,Khurja,1,Moderate,104,SO2
2024-08-05,Kohima,1,Good,46,SO2
2024-08-05,Kolar,1,Satisfactory,71,SO2
2024-08-05,Koppal,1,Good,30,SO2
2024-08-05,Prayagraj,2,Good,48,SO2
2024-08-05,Ratlam,1,Good,33,SO2
2024-08-05,Shillong,1,Good,36,SO2
2024-08-06,Agra,6,Good,34,"O3, PM10, SO2"
2024-08-06,Bareilly,2,Good,25,SO2
2024-08-06,Indore,3,Good,45,"PM10, SO2"
2024-08-06,Karwar,1,Good,23,SO2
2024-08-06,Kohima,1,Good,46,SO2
2024-08-06,Kolar,1,Satisfactory,52,SO2
2024-08-06,Koppal,1,Good,31,SO2
2024-08-06,Moradabad,6,Good,47,"PM10, SO2"
2024-08-06,Prayagraj,3,Good,37,SO2
2024-08-06,Shillong,1,Good,36,SO2
2024-08-06,Vapi,1,Satisfactory,52,SO2
2024-08-07,Bareilly,1,Good,28,SO2
2024-08-07,Hassan,1,Good,23,SO2
2024-08-07,Imphal,1,Satisfactory,100,SO2
2024-08-07,Indore,3,Good,47,"PM10, SO2"
2024-08-07,Jaipur,6,Satisfactory,59,"PM10, SO2"
2024-08-07,Karwar,1,Good,21,SO2
2024-08-07,Khurja,1,Satisfactory,69,SO2
2024-08-07,Kohima,1,Good,47,SO2
2024-08-07,Koppal,1,Good,30,SO2
2024-08-07,Prayagraj,3,Good,40,SO2
2024-08-07,Vapi,1,Satisfactory,53,SO2
2024-08-07,Varanasi,3,Good,37,"PM10, SO2"
2024-08-07,Virudhunagar,1,Good,24,SO2
2024-08-08,Agra,6,Good,30,"NO2, PM10, SO2"
2024-08-08,Bareilly,2,Good,32,"PM2.5, SO2"
2024-08-08,Guwahati,4,Good,45,"PM10, PM2.5, SO2"
2024-08-08,Hassan,1,Good,28,SO2
2024-08-08,Indore,3,Good,50,"PM10, SO2"
2024-08-08,Kaithal,1,Good,37,SO2
2024-08-08,Kohima,1,Good,46,SO2
2024-08-08,Koppal,1,Good,30,SO2
2024-08-08,Motihari,1,Good,39,SO2
2024-08-08,Munger,1,Good,23,SO2
2024-08-08,Prayagraj,3,Good,36,SO2
2024-08-08,Shillong,1,Good,36,SO2
2024-08-08,Vapi,1,Satisfactory,53,SO2
2024-08-08,Varanasi,3,Satisfactory,53,"PM10, SO2"
2024-08-09,Agartala,1,Good,41,SO2
2024-08-09,Agra,6,Good,32,"NO2, O3, SO2"
2024-08-09,Bareilly,2,Good,34,"PM2.5, SO2"
2024-08-09,Hassan,1,Good,26,SO2
2024-08-09,Imphal,1,Satisfactory,100,SO2
2024-08-09,Indore,4,Good,43,"PM10, SO2"
2024-08-09,Kohima,1,Good,46,SO2
2024-08-09,Koppal,1,Good,31,SO2
2024-08-09,Moradabad,6,Good,38,"CO, SO2"
2024-08-09,Munger,1,Good,24,SO2
2024-08-09,Prayagraj,3,Good,40,SO2
2024-08-09,Vapi,1,Satisfactory,53,SO2
2024-08-09,Varanasi,3,Satisfactory,54,"PM10, SO2"
2024-08-09,Virudhunagar,1,Good,24,SO2
2024-08-10,Agra,6,Good,29,"PM10, PM2.5, SO2"
2024-08-10,Bareilly,2,Good,38,"PM2.5, SO2"
2024-08-10,Guwahati,3,Good,48,"PM10, PM2.5, SO2"
2024-08-10,Imphal,2,Moderate,102,SO2
2024-08-10,Indore,4,Good,40,"PM10, SO2"
2024-08-10,Karwar,1,Good,21,SO2
2024-08-10,Koppal,1,Good,31,SO2
2024-08-10,Moradabad,6,Good,42,"CO, SO2"
2024-08-10,Mumbai,24,Good,37,"PM10, SO2"
2024-08-10,Munger,1,Good,22,SO2
2024-08-10,Prayagraj,2,Good,43,SO2
2024-08-10,Vapi,1,Satisfactory,53,SO2
2024-08-10,Varanasi,4,Good,48,"PM10, SO2"
2024-08-11,Agra,4,Good,32,"NO2, PM2.5, SO2"
2024-08-11,Bareilly,2,Good,40,"PM10, SO2"
2024-08-11,Hisar,1,Good,49,SO2
2024-08-11,Imphal,1,Moderate,101,SO2
2024-08-11,Indore,4,Good,35,"NO2, SO2"
2024-08-11,Kohima,1,Good,48,SO2
2024-08-11,Mumbai,23,Good,36,"PM10, PM2.5, SO2"
2024-08-11,Munger,1,Good,25,SO2
2024-08-11,Narnaul,1,Moderate,106,SO2
2024-08-11,Prayagraj,3,Good,39,SO2
2024-08-11,Ratlam,1,Good,35,SO2
2024-08-11,Shillong,1,Good,36,SO2
2024-08-11,Vapi,1,Satisfactory,53,SO2
2024-08-12,Agra,5,Good,44,"NO2, PM10, SO2"
2024-08-12,Bareilly,2,Good,34,"PM2.5, SO2"
2024-08-12,Guwahati,4,Satisfactory,53,"PM10, PM2.5, SO2"
2024-08-12,Hisar,1,Good,45,SO2
2024-08-12,Indore,4,Good,39,"PM10, SO2"
2024-08-12,Kohima,1,Good,47,SO2
2024-08-12,Mumbai,22,Good,42,"PM10, PM2.5, SO2"
2024-08-12,Narnaul,1,Satisfactory,77,SO2
2024-08-12,Prayagraj,1,Good,33,SO2
2024-08-12,Shillong,1,Good,36,SO2
2024-08-12,Vapi,1,Satisfactory,54,SO2
2024-08-13,Agra,5,Good,31,"NO2, PM10, SO2"
2024-08-13,Bareilly,2,Good,36,"PM2.5, SO2"
2024-08-13,Hisar,1,Good,38,SO2
2024-08-13,Imphal,2,Moderate,102,SO2
2024-08-13,Indore,3,Good,38,"PM10, SO2"
2024-08-13,Karwar,1,Good,21,SO2
2024-08-13,Prayagraj,1,Good,32,SO2
2024-08-13,Ratlam,1,Good,32,SO2
2024-08-13,Vapi,1,Satisfactory,54,SO2
2024-08-14,Agra,4,Good,34,"NO2, PM10, SO2"
2024-08-14,Bareilly,2,Good,35,"PM10, SO2"
2024-08-14,Damoh,1,Good,48,SO2
2024-08-14,Imphal,1,Moderate,102,SO2
2024-08-14,Moradabad,6,Satisfactory,52,"PM10, SO2"
2024-08-14,Prayagraj,3,Good,36,SO2
2024-08-14,Shillong,1,Good,36,SO2
2024-08-14,Vapi,1,Satisfactory,54,SO2
2024-08-15,Bareilly,2,Good,38,"PM10, SO2"
2024-08-15,Cuddalore,1,Good,17,SO2
2024-08-15,Damoh,1,Good,50,SO2
2024-08-15,Guwahati,3,Satisfactory,88,"PM2.5, SO2"
2024-08-15,Imphal,1,Moderate,102,SO2
2024-08-15,Narnaul,1,Satisfactory,87,SO2
2024-08-15,Palkalaiperur,1,Good,11,SO2
2024-08-15,Prayagraj,3,Good,39,SO2
2024-08-15,Vapi,1,Satisfactory,54,SO2
2024-08-15,Varanasi,3,Satisfactory,51,"PM10, SO2"
2024-08-16,Bareilly,2,Good,44,"PM10, SO2"
2024-08-16,Damoh,1,Good,50,SO2
2024-08-16,Guwahati,3,Satisfactory,61,"PM10, PM2.5, SO2"
2024-08-16,Imphal,1,Moderate,102,SO2
2024-08-16,Indore,3,Good,44,"PM10, SO2"
2024-08-16,Kohima,1,Good,46,SO2
2024-08-16,Prayagraj,3,Good,42,"PM10, SO2"
2024-08-16,Vapi,1,Satisfactory,54,SO2
2024-08-17,Bareilly,2,Good,40,"PM2.5, SO2"
2024-08-17,Damoh,1,Good,42,SO2
2024-08-17,Guwahati,2,Good,50,"PM2.5, SO2"
2024-08-17,Imphal,1,Moderate,101,SO2
2024-08-17,Kohima,1,Good,48,SO2
2024-08-17,Mandikhera,1,Good,34,SO2
2024-08-17,Munger,1,Good,31,SO2
2024-08-17,Prayagraj,2,Good,31,"PM10, SO2"
2024-08-17,Vapi,1,Satisfactory,54,SO2
2024-08-17,Virudhunagar,1,Good,25,SO2
2024-08-18,Bareilly,2,Good,46,"PM10, SO2"
2024-08-18,Guwahati,3,Good,37,"CO, PM10, SO2"
2024-08-18,Karwar,1,Good,23,SO2
2024-08-18,Kohima,1,Good,46,SO2
2024-08-18,Mandikhera,1,Good,34,SO2
2024-08-18,Narnaul,1,Satisfactory,91,SO2
2024-08-18,Prayagraj,2,Good,28,SO2
2024-08-19,Agra,6,Good,32,"PM10, SO2"
2024-08-19,Bareilly,2,Good,36,"PM2.5, SO2"
2024-08-19,Guwahati,3,Good,36,"CO, PM10, SO2"
2024-08-19,Kohima,1,Good,47,SO2
2024-08-19,Mandikhera,1,Good,33,SO2
2024-08-19,Munger,1,Good,26,SO2
2024-08-19,Prayagraj,3,Good,46,"CO, SO2"
2024-08-19,Varanasi,3,Good,35,"PM10, SO2"
2024-08-20,Agra,6,Good,31,"NO2, PM10, SO2"
2024-08-20,Bareilly,2,Good,38,"PM2.5, SO2"
2024-08-20,Bhagalpur,1,Good,32,SO2
2024-08-20,Guwahati,3,Good,26,"CO, SO2"
2024-08-20,Imphal,1,Satisfactory,100,SO2
2024-08-20,Kohima,1,Good,47,SO2
2024-08-20,Palkalaiperur,1,Good,11,SO2
2024-08-20,Prayagraj,3,Good,45,"CO, SO2"
2024-08-21,Agra,6,Good,28,"NO2, PM10, SO2"
2024-08-21,Bareilly,2,Good,38,"PM2.5, SO2"
2024-08-21,Bhagalpur,2,Good,42,"CO, SO2"
2024-08-21,Imphal,2,Moderate,102,SO2
2024-08-21,Indore,3,Good,41,"CO, PM10, SO2"
2024-08-21,Jabalpur,3,Good,47,"O3, SO2"
2024-08-21,Kohima,1,Good,49,SO2
2024-08-21,Mandikhera,1,Good,35,SO2
2024-08-21,Narnaul,1,Satisfactory,94,SO2
2024-08-21,Prayagraj,3,Good,50,"CO, PM10, SO2"
2024-08-21,Vapi,1,Satisfactory,54,SO2
2024-08-22,Agra,6,Good,27,"O3, SO2"
2024-08-22,Bareilly,2,Good,41,"PM2.5, SO2"
2024-08-22,Damoh,1,Good,46,SO2
2024-08-22,Imphal,1,Moderate,101,SO2
2024-08-22,Kaithal,1,Good,41,SO2
2024-08-22,Kohima,1,Good,49,SO2
2024-08-22,Mandikhera,1,Good,34,SO2
2024-08-22,Munger,1,Good,24,SO2
2024-08-22,Narnaul,1,Satisfactory,58,SO2
2024-08-22,Prayagraj,3,Good,45,"CO, SO2"
2024-08-22,Ramanagara,1,Good,29,SO2
2024-08-22,Shillong,1,Good,36,SO2
2024-08-23,Agra,6,Good,32,"O3, PM10, SO2"
2024-08-23,Bareilly,2,Good,39,"PM10, SO2"
2024-08-23,Damoh,1,Satisfactory,55,SO2
2024-08-23,Imphal,1,Moderate,101,SO2
2024-08-23,Indore,3,Good,37,"NO2, SO2"
2024-08-23,Kohima,1,Good,49,SO2
2024-08-23,Prayagraj,2,Good,34,"PM2.5, SO2"
2024-08-23,Ramanagara,1,Good,30,SO2
2024-08-23,Ratlam,1,Good,31,SO2
2024-08-23,Vapi,1,Satisfactory,55,SO2
2024-08-23,Varanasi,4,Good,37,"PM10, SO2"
2024-08-24,Bareilly,2,Good,42,"PM2.5, SO2"
2024-08-24,Damoh,1,Satisfactory,53,SO2
2024-08-24,Hisar,1,Satisfactory,55,SO2
2024-08-24,Imphal,1,Moderate,101,SO2
2024-08-24,Indore,3,Good,44,"CO, SO2"
2024-08-24,Kohima,1,Good,50,SO2
2024-08-24,Mandikhera,1,Good,35,SO2
2024-08-24,Munger,1,Good,20,SO2
2024-08-24,Prayagraj,3,Good,33,SO2
2024-08-24,Ramanagara,1,Good,30,SO2
2024-08-24,Ratlam,1,Good,31,SO2
2024-08-24,Shillong,1,Good,36,SO2
2024-08-24,Thane,3,Good,28,"CO, O3, SO2"
2024-08-24,Vapi,1,Satisfactory,55,SO2
2024-08-24,Varanasi,4,Good,35,"NO2, PM10, SO2"
2024-08-25,Agra,6,Good,36,"O3, PM10, SO2"
2024-08-25,Damoh,1,Satisfactory,54,SO2
2024-08-25,Imphal,1,Moderate,101,SO2
2024-08-25,Indore,3,Good,35,"NO2, SO2"
2024-08-25,Kaithal,1,Good,46,SO2
2024-08-25,Kohima,1,Good,50,SO2
2024-08-25,Ramanagara,1,Good,29,SO2
2024-08-25,Ratlam,1,Good,32,SO2
2024-08-25,Shillong,1,Good,36,SO2
2024-08-25,Thane,3,Good,26,"O3, PM10, SO2"
2024-08-26,Agartala,1,Good,28,SO2
2024-08-26,Ahmedabad,7,Good,31,"NO2, SO2"
2024-08-26,Ankleshwar,1,Good,36,SO2
2024-08-26,Ballabgarh,1,Satisfactory,54,SO2
2024-08-26,Guwahati,3,Satisfactory,61,"PM10, PM2.5, SO2"
2024-08-26,Imphal,1,Moderate,101,SO2
2024-08-26,Indore,4,Good,38,"CO, SO2"
2024-08-26,Kaithal,1,Good,50,SO2
2024-08-26,Kohima,1,Good,48,SO2
2024-08-26,Mandikhera,1,Good,34,SO2
2024-08-26,Narnaul,1,Satisfactory,68,SO2
2024-08-26,Panchkula,1,Good,43,SO2
2024-08-26,Ramanagara,1,Good,29,SO2
2024-08-26,Ratlam,1,Good,32,SO2
2024-08-26,Shillong,1,Good,36,SO2
2024-08-27,Ahmedabad,6,Good,37,"NO2, O3, SO2"
2024-08-27,Ankleshwar,1,Good,36,SO2
2024-08-27,Ballabgarh,1,Good,42,SO2
2024-08-27,Damoh,1,Satisfactory,54,SO2
2024-08-27,Imphal,1,Moderate,101,SO2
2024-08-27,Indore,4,Good,38,"CO, SO2"
2024-08-27,Kaithal,1,Satisfactory,53,SO2
2024-08-27,Karwar,1,Good,22,SO2
2024-08-27,Kohima,1,Good,48,SO2
2024-08-27,Koppal,1,Good,28,SO2
2024-08-27,Lucknow,3,Good,42,"PM2.5, SO2"
2024-08-27,Mandikhera,1,Good,34,SO2
2024-08-27,Ratlam,1,Good,32,SO2
2024-08-27,Shillong,1,Good,36,SO2
2024-08-28,Bareilly,2,Good,32,"PM10, SO2"
2024-08-28,Bhiwani,1,Satisfactory,53,SO2
2024-08-28,Damoh,1,Satisfactory,53,SO2
2024-08-28,Hisar,1,Good,38,SO2
2024-08-28,Imphal,1,Moderate,102,SO2
2024-08-28,Indore,3,Good,37,"CO, SO2"
2024-08-28,Kaithal,1,Good,46,SO2
2024-08-28,Kohima,1,Good,50,SO2
2024-08-28,Koppal,1,Good,28,SO2
2024-08-28,Lucknow,3,Good,48,"O3, PM10, SO2"
2024-08-28,Mandikhera,1,Good,34,SO2
2024-08-28,Prayagraj,3,Satisfactory,52,SO2
2024-08-28,Ramanagara,1,Good,29,SO2
2024-08-28,Shillong,1,Good,36,SO2
2024-08-28,Varanasi,4,Good,45,"PM2.5, SO2"
2024-08-29,Agra,6,Good,31,"NO2, PM10, SO2"
2024-08-29,Bareilly,2,Good,32,"PM2.5, SO2"
2024-08-29,Damoh,1,Satisfactory,52,SO2
2024-08-29,Guwahati,3,Satisfactory,68,"PM10, PM2.5, SO2"
2024-08-29,Indore,4,Good,37,"PM10, SO2"
2024-08-29,Kaithal,1,Good,46,SO2
2024-08-29,Kohima,1,Good,48,SO2
2024-08-29,Prayagraj,3,Good,45,"PM10, SO2"
2024-08-29,Shillong,1,Good,36,SO2
2024-08-30,Ankleshwar,1,Good,44,SO2
2024-08-30,Bareilly,2,Good,45,"PM10, SO2"
2024-08-30,Damoh,1,Satisfactory,53,SO2
2024-08-30,Guwahati,3,Satisfactory,85,"PM10, PM2.5, SO2"
2024-08-30,Imphal,1,Moderate,101,SO2
2024-08-30,Kohima,1,Good,48,SO2
2024-08-30,Koppal,1,Good,33,SO2
2024-08-30,Prayagraj,3,Good,35,"O3, PM10, SO2"
2024-08-30,Ramanagara,1,Good,31,SO2
2024-08-30,Shillong,1,Good,36,SO2
2024-08-30,Tiruchirappalli,1,Good,20,SO2
2024-08-31,Bareilly,2,Satisfactory,52,"PM10, SO2"
2024-08-31,Cuddalore,2,Good,26,"PM10, SO2"
2024-08-31,Damoh,1,Satisfactory,53,SO2
2024-08-31,Dindigul,1,Good,23,SO2
2024-08-31,Guwahati,2,Satisfactory,89,"PM2.5, SO2"
2024-08-31,Imphal,1,Moderate,102,SO2
2024-08-31,Indore,4,Good,42,"PM10, SO2"
2024-08-31,Karwar,1,Good,22,SO2
2024-08-31,Kohima,1,Good,49,SO2
2024-08-31,Koppal,1,Good,34,SO2
2024-08-31,Shillong,1,Good,36,SO2
2024-08-31,Tiruchirappalli,1,Good,20,SO2
2024-09-01,Angul,1,Satisfactory,57,SO2
2024-09-01,Damoh,1,Satisfactory,52,SO2
2024-09-01,Guwahati,1,Good,38,SO2
2024-09-01,Hisar,1,Good,50,SO2
2024-09-01,Imphal,1,Moderate,102,SO2
2024-09-01,Indore,4,Good,44,"PM10, PM2.5, SO2"
2024-09-01,Kohima,1,Good,50,SO2
2024-09-01,Koppal,1,Good,34,SO2
2024-09-01,Navi Mumbai,7,Satisfactory,67,"CO, PM10, SO2"
2024-09-01,Ramanagara,1,Good,30,SO2
2024-09-01,Tiruchirappalli,1,Good,20,SO2
2024-09-01,Vapi,1,Good,30,SO2
2024-09-02,Agra,6,Good,43,"PM10, SO2"
2024-09-02,Bareilly,2,Good,34,"PM10, SO2"
2024-09-02,Cuddalore,2,Good,28,"PM10, SO2"
2024-09-02,Damoh,1,Satisfactory,51,SO2
2024-09-02,Dindigul,1,Good,23,SO2
2024-09-02,Guwahati,3,Satisfactory,52,"PM10, PM2.5, SO2"
2024-09-02,Imphal,1,Moderate,102,SO2
2024-09-02,Indore,3,Good,41,"CO, NO2, SO2"
2024-09-02,Kohima,1,Good,48,SO2
2024-09-02,Koppal,1,Good,34,SO2
2024-09-02,Prayagraj,3,Good,37,"PM10, PM2.5, SO2"
2024-09-02,Vapi,1,Good,34,SO2
2024-09-03,Agra,6,Good,39,"PM10, PM2.5, SO2"
2024-09-03,Damoh,1,Satisfactory,52,SO2
2024-09-03,Imphal,1,Moderate,101,SO2
2024-09-03,Indore,3,Good,39,"CO, SO2"
2024-09-03,Koppal,1,Good,37,SO2
2024-09-03,Sirsa,1,Satisfactory,61,SO2
2024-09-04,Agra,5,Good,42,"PM2.5, SO2"
2024-09-04,Bareilly,2,Good,42,"PM10, SO2"
2024-09-04,Cuddalore,1,Good,31,SO2
2024-09-04,Damoh,1,Satisfactory,52,SO2
2024-09-04,Imphal,1,Moderate,102,SO2
2024-09-04,Indore,4,Good,39,"CO, SO2"
2024-09-04,Kohima,1,Good,48,SO2
2024-09-04,Kurukshetra,1,Satisfactory,54,SO2
2024-09-04,Narnaul,1,Moderate,101,SO2
2024-09-04,Prayagraj,3,Good,50,"PM10, PM2.5, SO2"
2024-09-04,Ratlam,1,Good,32,SO2
2024-09-04,Shillong,1,Good,36,SO2
2024-09-04,Vapi,1,Moderate,103,SO2
2024-09-05,Agra,4,Good,27,"NO2, PM2.5, SO2"
2024-09-05,Ankleshwar,1,Good,44,SO2
2024-09-05,Bareilly,1,Good,28,SO2
2024-09-05,Damoh,1,Good,49,SO2
2024-09-05,Imphal,1,Moderate,102,SO2
2024-09-05,Indore,4,Good,48,"PM10, SO2"
2024-09-05,Kohima,1,Good,49,SO2
2024-09-05,Kurukshetra,1,Satisfactory,63,SO2
2024-09-05,Prayagraj,2,Good,45,"PM2.5, SO2"
2024-09-05,Vapi,1,Satisfactory,83,SO2
2024-09-06,Agra,6,Good,35,"NO2, PM10, SO2"
2024-09-06,Bareilly,2,Satisfactory,53,"PM10, SO2"
2024-09-06,Damoh,1,Satisfactory,53,SO2
2024-09-06,Hisar,1,Good,46,SO2
2024-09-06,Imphal,1,Moderate,102,SO2
2024-09-06,Indore,3,Satisfactory,78,"PM10, SO2"
2024-09-06,Kohima,1,Good,48,SO2
2024-09-06,Prayagraj,2,Good,42,SO2
2024-09-06,Vapi,1,Satisfactory,79,SO2
2024-09-06,Varanasi,4,Good,43,"PM10, SO2"
2024-09-07,Agra,6,Good,36,"CO, NO2, SO2"
2024-09-07,Bareilly,2,Good,41,"PM10, SO2"
2024-09-07,Damoh,1,Satisfactory,57,SO2
2024-09-07,Hisar,1,Good,47,SO2
2024-09-07,Imphal,1,Moderate,103,SO2
2024-09-07,Indore,2,Good,49,"PM10, SO2"
2024-09-07,Kaithal,1,Good,45,SO2
2024-09-07,Kohima,1,Good,49,SO2
2024-09-07,Manesar,1,Satisfactory,57,SO2
2024-09-07,Narnaul,1,Moderate,112,SO2
2024-09-07,Prayagraj,3,Good,50,"PM10, PM2.5, SO2"
2024-09-07,Vapi,1,Satisfactory,70,SO2
2024-09-07,Virudhunagar,1,Good,26,SO2
2024-09-08,Bareilly,2,Good,46,"PM10, SO2"
2024-09-08,Damoh,1,Satisfactory,55,SO2
2024-09-08,Imphal,1,Moderate,103,SO2
2024-09-08,Koppal,1,Good,41,SO2
2024-09-08,Prayagraj,3,Satisfactory,52,"PM10, SO2"
2024-09-08,Udupi,1,Satisfactory,53,SO2
2024-09-08,Vapi,1,Satisfactory,67,SO2
2024-09-09,Bareilly,2,Good,48,"PM10, SO2"
2024-09-09,Imphal,1,Moderate,103,SO2
2024-09-09,Indore,2,Satisfactory,90,"PM10, SO2"
2024-09-09,Kohima,1,Good,50,SO2
2024-09-09,Prayagraj,3,Good,46,"PM2.5, SO2"
2024-09-09,Ramanagara,1,Good,29,SO2
2024-09-09,Vapi,1,Satisfactory,65,SO2
2024-09-09,Virudhunagar,1,Good,25,SO2
2024-09-10,Imphal,1,Moderate,103,SO2
2024-09-10,Indore,3,Good,44,"PM10, SO2"
2024-09-10,Kohima,1,Good,48,SO2
2024-09-10,Prayagraj,3,Good,39,"PM10, SO2"
2024-09-10,Ramanagara,1,Good,32,SO2
2024-09-10,Ratlam,1,Good,32,SO2
2024-09-10,Udupi,1,Good,26,SO2
2024-09-10,Vapi,1,Good,48,SO2
2024-09-10,Varanasi,4,Good,47,"NO2, PM10, SO2"
2024-09-11,Agra,4,Good,32,"PM10, PM2.5, SO2"
2024-09-11,Bareilly,2,Good,44,"PM10, SO2"
2024-09-11,Damoh,1,Satisfactory,56,SO2
2024-09-11,Hisar,1,Satisfactory,71,SO2
2024-09-11,Indore,3,Good,45,"CO, SO2"
2024-09-11,Kohima,1,Good,48,SO2
2024-09-11,Koppal,1,Good,39,SO2
2024-09-11,Udupi,1,Good,30,SO2
2024-09-11,Vapi,1,Good,46,SO2
2024-09-11,Varanasi,4,Good,45,"PM10, SO2"
2024-09-12,Agra,3,Good,24,"NO2, SO2"
2024-09-12,Ankleshwar,1,Satisfactory,51,SO2
2024-09-12,Damoh,1,Satisfactory,56,SO2
2024-09-12,Indore,3,Good,50,"PM10, SO2"
2024-09-12,Kanchipuram,1,Good,24,SO2
2024-09-12,Kohima,1,Good,49,SO2
2024-09-12,Koppal,1,Good,38,SO2
2024-09-12,Prayagraj,3,Good,34,SO2
2024-09-12,Shillong,1,Good,29,SO2
2024-09-12,Vapi,1,Good,47,SO2
2024-09-13,Agra,5,Good,34,"NO2, PM10, SO2"
2024-09-13,Bulandshahr,1,Good,21,SO2
2024-09-13,Damoh,1,Satisfactory,57,SO2
2024-09-13,Kanchipuram,1,Good,24,SO2
2024-09-13,Kohima,1,Good,49,SO2
2024-09-13,Kurukshetra,1,Good,39,SO2
2024-09-13,Moradabad,3,Good,26,"CO, NO2, SO2"
2024-09-13,Prayagraj,3,Good,38,"PM10, SO2"
2024-09-13,Vapi,1,Satisfactory,54,SO2
2024-09-14,Ankleshwar,1,Satisfactory,58,SO2
2024-09-14,Damoh,1,Satisfactory,60,SO2
2024-09-14,Imphal,1,Moderate,101,SO2
2024-09-14,Kohima,1,Good,49,SO2
2024-09-14,Kurukshetra,1,Satisfactory,65,SO2
2024-09-14,Prayagraj,2,Good,42,"PM10, SO2"
2024-09-14,Vapi,1,Good,50,SO2
2024-09-14,Virudhunagar,1,Good,18,SO2
2024-09-15,Anantapur,1,Moderate,102,SO2
2024-09-15,Ankleshwar,1,Satisfactory,55,SO2
2024-09-15,Bareilly,2,Satisfactory,52,"PM10, SO2"
2024-09-15,Begusarai,1,Good,34,SO2
2024-09-15,Damoh,1,Satisfactory,60,SO2
2024-09-15,Imphal,1,Moderate,102,SO2
2024-09-15,Kohima,1,Good,50,SO2
2024-09-15,Ramanagara,1,Good,31,SO2
2024-09-15,Vapi,1,Good,50,SO2
2024-09-15,Virudhunagar,1,Good,18,SO2
2024-09-16,Damoh,1,Satisfactory,60,SO2
2024-09-16,Imphal,1,Moderate,102,SO2
2024-09-16,Kohima,1,Good,49,SO2
2024-09-17,Damoh,1,Satisfactory,59,SO2
2024-09-17,Kanchipuram,1,Good,24,SO2
2024-09-17,Prayagraj,2,Good,24,"PM10, SO2"
2024-09-17,Ramanagara,1,Good,29,SO2
2024-09-17,Vapi,1,Satisfactory,60,SO2
2024-09-17,Varanasi,4,Satisfactory,51,"PM10, SO2"
2024-09-18,Bareilly,2,Good,44,"PM10, SO2"
2024-09-18,Damoh,1,Satisfactory,60,SO2
2024-09-18,Gwalior,2,Satisfactory,54,"PM10, SO2"
2024-09-18,Indore,3,Moderate,161,"PM10, SO2"
2024-09-18,Jhansi,1,Good,27,SO2
2024-09-18,Kurukshetra,1,Satisfactory,54,SO2
2024-09-18,Ramanagara,1,Good,30,SO2
2024-09-18,Vapi,1,Satisfactory,53,SO2
2024-09-19,Agra,6,Good,34,"NO2, PM10, SO2"
2024-09-19,Bareilly,2,Good,50,"PM10, SO2"
2024-09-19,Damoh,1,Satisfactory,60,SO2
2024-09-19,Firozabad,2,Good,24,"PM2.5, SO2"
2024-09-19,Gwalior,3,Satisfactory,66,"O3, PM2.5, SO2"
2024-09-19,Hisar,1,Satisfactory,67,SO2
2024-09-19,Imphal,1,Moderate,103,SO2
2024-09-19,Indore,3,Satisfactory,55,"PM10, SO2"
2024-09-19,Jhansi,1,Good,27,SO2
2024-09-19,Kurukshetra,1,Satisfactory,66,SO2
2024-09-19,Prayagraj,3,Good,33,"PM10, SO2"
2024-09-19,Ramanagara,1,Good,30,SO2
2024-09-19,Vapi,1,Satisfactory,54,SO2
2024-09-20,Agra,6,Good,37,"PM10, SO2"
2024-09-20,Damoh,1,Satisfactory,61,SO2
2024-09-20,Imphal,1,Moderate,104,SO2
2024-09-20,Prayagraj,3,Good,43,"PM10, SO2"
2024-09-20,Ramanagara,1,Good,32,SO2
2024-09-20,Rohtak,1,Satisfactory,64,SO2
2024-09-20,Vapi,1,Satisfactory,53,SO2
2024-09-21,Agra,6,Good,40,"PM10, SO2"
2024-09-21,Bareilly,2,Good,50,"PM10, SO2"
2024-09-21,Damoh,1,Satisfactory,63,SO2
2024-09-21,Imphal,1,Moderate,104,SO2
2024-09-21,Prayagraj,3,Good,49,"PM10, SO2"
2024-09-21,Vapi,1,Satisfactory,56,SO2
2024-09-22,Agra,6,Good,44,"PM10, SO2"
2024-09-22,Damoh,1,Satisfactory,63,SO2
2024-09-22,Hisar,1,Satisfactory,87,SO2
2024-09-22,Prayagraj,3,Good,50,"PM10, SO2"
2024-09-22,Vapi,1,Satisfactory,55,SO2
2024-09-23,Damoh,1,Satisfactory,62,SO2
2024-09-23,Koppal,1,Good,41,SO2
2024-09-24,Imphal,1,Moderate,102,SO2
2024-09-24,Indore,5,Satisfactory,56,"CO, SO2"
2024-09-24,Kalaburagi,2,Good,30,"CO, SO2"
2024-09-25,Damoh,1,Satisfactory,63,SO2
2024-09-25,Imphal,2,Poor,204,"PM2.5, SO2"
2024-09-25,Kohima,1,Satisfactory,53,SO2
2024-09-25,Moradabad,5,Satisfactory,78,"PM2.5, SO2"
2024-09-25,Prayagraj,2,Satisfactory,61,"PM10, SO2"
2024-09-25,Ramanagara,1,Good,28,SO2
2024-09-26,Bareilly,2,Good,35,"PM10, SO2"
2024-09-26,Bhagalpur,1,Good,33,SO2
2024-09-26,Damoh,1,Satisfactory,62,SO2
2024-09-26,Imphal,2,Poor,204,"PM2.5, SO2"
2024-09-26,Jhansi,1,Good,27,SO2
2024-09-26,Kalaburagi,2,Good,32,"CO, SO2"
2024-09-26,Kohima,1,Satisfactory,51,SO2
2024-09-26,Moradabad,6,Good,46,"PM10, PM2.5, SO2"
2024-09-26,Muzaffarpur,3,Good,30,"O3, SO2"
2024-09-26,Prayagraj,3,Good,28,"PM10, SO2"
2024-09-26,Ramanagara,1,Good,30,SO2
2024-09-26,Varanasi,3,Good,34,"PM10, SO2"
2024-09-27,Bareilly,2,Good,33,"PM10, SO2"
2024-09-27,Dewas,1,Good,41,SO2
2024-09-27,Hisar,1,Satisfactory,70,SO2
2024-09-27,Imphal,2,Moderate,192,"PM2.5, SO2"
2024-09-27,Indore,5,Satisfactory,53,"NO2, SO2"
2024-09-27,Jhansi,1,Good,26,SO2
2024-09-27,Kalaburagi,2,Good,30,"CO, SO2"
2024-09-27,Kanpur,3,Good,44,"CO, NO2, SO2"
2024-09-27,Kohima,1,Satisfactory,51,SO2
2024-09-27,Prayagraj,3,Good,30,"CO, SO2"
2024-09-27,Varanasi,4,Good,33,"PM10, SO2"
2024-09-28,Bareilly,2,Good,26,"PM10, SO2"
2024-09-28,Damoh,1,Good,34,SO2
2024-09-28,Dewas,1,Good,39,SO2
2024-09-28,Imphal,1,Moderate,102,SO2
2024-09-28,Indore,4,Good,49,"NO2, SO2"
2024-09-28,Jhansi,1,Good,27,SO2
2024-09-28,Kaithal,1,Good,34,SO2
2024-09-28,Kalaburagi,2,Good,29,"CO, SO2"
2024-09-28,Karnal,1,Satisfactory,69,SO2
2024-09-28,Moradabad,5,Good,36,"CO, O3, SO2"
2024-09-28,Prayagraj,3,Good,29,"CO, SO2"
2024-09-28,Ratlam,1,Good,33,SO2
2024-09-28,Vapi,1,Good,19,SO2
2024-09-29,Bareilly,2,Good,30,"PM2.5, SO2"
2024-09-29,Damoh,1,Good,32,SO2
2024-09-29,Imphal,1,Moderate,102,SO2
2024-09-29,Indore,5,Good,43,"NO2, SO2"
2024-09-29,Jhansi,1,Good,27,SO2
2024-09-29,Khurja,1,Good,47,SO2
2024-09-29,Kohima,1,Satisfactory,54,SO2
2024-09-29,Prayagraj,3,Good,28,"CO, SO2"
2024-09-29,Ratlam,1,Good,33,SO2
2024-09-29,Vapi,1,Good,19,SO2
2024-09-29,Varanasi,4,Good,36,"PM10, SO2"
2024-09-30,Bareilly,2,Good,50,"PM10, SO2"
2024-09-30,Damoh,1,Good,32,SO2
2024-09-30,Imphal,1,Moderate,102,SO2
2024-09-30,Indore,5,Good,45,"NO2, SO2"
2024-09-30,Jhansi,1,Good,28,SO2
2024-09-30,Kalaburagi,2,Good,26,"CO, SO2"
2024-09-30,Kohima,1,Satisfactory,53,SO2
2024-09-30,Prayagraj,3,Good,32,SO2
2024-09-30,Rajamahendravaram,1,Good,20,SO2
2024-09-30,Ratlam,1,Good,33,SO2
2024-10-01,Dindigul,1,Good,23,SO2
2024-10-01,Kalaburagi,2,Good,28,"CO, SO2"
2024-10-01,Kohima,1,Satisfactory,53,SO2
2024-10-01,Muzaffarpur,3,Satisfactory,71,"O3, PM2.5, SO2"
2024-10-01,Palkalaiperur,1,Good,11,SO2
2024-10-01,Prayagraj,3,Good,37,"PM10, SO2"
2024-10-02,Imphal,1,Moderate,102,SO2
2024-10-02,Kalaburagi,2,Good,31,"CO, SO2"
2024-10-02,Kohima,1,Satisfactory,54,SO2
2024-10-02,Mangalore,1,Good,27,SO2
2024-10-03,Kalaburagi,1,Good,30,SO2
2024-10-03,Kohima,1,Satisfactory,53,SO2
2024-10-03,Mangalore,1,Good,29,SO2
2024-10-03,Narnaul,1,Satisfactory,84,SO2
2024-10-04,Imphal,1,Moderate,101,SO2
2024-10-04,Kohima,1,Satisfactory,53,SO2
2024-10-04,Mangalore,1,Good,30,SO2
2024-10-04,Muzaffarpur,3,Satisfactory,63,"O3, SO2"
2024-10-04,Narnaul,1,Satisfactory,81,SO2
2024-10-05,Imphal,2,Poor,228,"PM2.5, SO2"
2024-10-05,Kalaburagi,2,Good,30,"CO, SO2"
2024-10-05,Kohima,1,Satisfactory,54,SO2
2024-10-05,Muzaffarpur,3,Satisfactory,71,"O3, SO2"
2024-10-05,Palkalaiperur,1,Good,11,SO2
2024-10-06,Kalaburagi,2,Good,30,"CO, SO2"
2024-10-06,Palkalaiperur,1,Good,11,SO2
2024-10-07,Kalaburagi,2,Good,28,"O3, SO2"
2024-10-08,Imphal,2,Very Poor,301,"PM2.5, SO2"
2024-10-09,Bathinda,1,Moderate,115,SO2
2024-10-09,Imphal,2,Poor,294,"PM2.5, SO2"
2024-10-10,Bathinda,1,Moderate,103,SO2
2024-10-10,Imphal,2,Very Poor,301,"PM2.5, SO2"
2024-10-10,Kalaburagi,2,Good,26,"CO, SO2"
2024-10-10,Mangalore,1,Good,30,SO2
2024-10-10,Prayagraj,3,Satisfactory,52,"PM10, PM2.5, SO2"
2024-10-11,Imphal,2,Very Poor,301,"PM2.5, SO2"
2024-10-11,Kalaburagi,2,Good,28,"CO, SO2"
2024-10-11,Nagaon,1,Good,28,SO2
2024-10-12,Imphal,1,Moderate,102,SO2
2024-10-12,Indore,4,Satisfactory,57,"NO2, PM10, SO2"
2024-10-13,Imphal,1,Moderate,102,SO2
2024-10-13,Indore,5,Satisfactory,56,"NO2, PM2.5, SO2"
2024-10-13,Kalaburagi,2,Good,26,"CO, SO2"
2024-10-13,Narnaul,1,Satisfactory,93,SO2
2024-10-14,Imphal,1,Moderate,103,SO2
2024-10-14,Indore,3,Satisfactory,67,"NO2, PM10, SO2"
2024-10-14,Kalaburagi,2,Good,30,"CO, SO2"
2024-10-14,Ramanathapuram,1,Good,14,SO2
2024-10-14,Vapi,1,Good,28,SO2
2024-10-15,Imphal,1,Moderate,103,SO2
2024-10-15,Indore,4,Satisfactory,69,"PM2.5, SO2"
2024-10-16,Imphal,1,Moderate,103,SO2
2024-10-17,Imphal,1,Moderate,103,SO2
2024-10-17,Kalaburagi,2,Good,28,"CO, SO2"
2024-10-18,Imphal,1,Moderate,103,SO2
2024-10-19,Imphal,1,Moderate,102,SO2
2024-10-20,Imphal,1,Moderate,102,SO2
2024-10-20,Indore,3,Satisfactory,53,"CO, PM2.5, SO2"
2024-10-20,Vapi,1,Good,29,SO2
2024-10-21,Imphal,1,Moderate,102,SO2
2024-10-21,Indore,3,Satisfactory,51,"O3, PM2.5, SO2"
2024-10-22,Kalaburagi,2,Good,29,"CO, SO2"
2024-10-23,Imphal,1,Moderate,103,SO2
2024-10-23,Indore,5,Satisfactory,62,"PM2.5, SO2"
2024-10-23,Kalaburagi,2,Good,28,"CO, SO2"
2024-10-24,Imphal,1,Moderate,102,SO2
2024-10-25,Imphal,1,Moderate,102,SO2
2024-10-25,Kohima,1,Satisfactory,59,SO2
2024-10-25,Prayagraj,3,Satisfactory,52,"PM10, SO2"
2024-10-25,Varanasi,4,Good,34,"NO2, PM2.5, SO2"
2024-10-26,Byrnihat,1,Satisfactory,63,SO2
2024-10-26,Imphal,1,Moderate,102,SO2
2024-10-26,Prayagraj,3,Good,41,"PM10, SO2"
2024-10-26,Varanasi,4,Good,39,"NO2, SO2"
2024-10-27,Imphal,1,Moderate,103,SO2
2024-10-27,Prayagraj,3,Satisfactory,57,"PM10, SO2"
2024-10-27,Varanasi,4,Good,35,"NO2, SO2"
2024-10-28,Saharsa,1,Good,17,SO2
2024-10-28,Tirunelveli,1,Good,41,SO2
2024-10-30,Kanchipuram,1,Good,36,SO2
2024-10-31,Imphal,1,Moderate,104,SO2
2024-10-31,Kanchipuram,1,Good,42,SO2
2024-11-02,Imphal,1,Moderate,104,SO2
2024-11-02,Tirupur,1,Satisfactory,58,SO2
2024-11-03,Damoh,1,Good,42,SO2
2024-11-03,Imphal,1,Moderate,104,SO2
2024-11-03,Tirupur,1,Satisfactory,64,SO2
2024-11-04,Imphal,1,Moderate,105,SO2
2024-11-04,Tirupur,1,Satisfactory,71,SO2
2024-11-05,Imphal,1,Moderate,104,SO2
2024-11-05,Tirupur,1,Satisfactory,83,SO2
2024-11-06,Imphal,1,Moderate,103,SO2
2024-11-06,Tirupur,1,Satisfactory,86,SO2
2024-11-07,Imphal,1,Moderate,103,SO2
2024-11-07,Kohima,1,Satisfactory,57,SO2
2024-11-08,Imphal,1,Moderate,103,SO2
2024-11-08,Tirupur,1,Moderate,103,SO2
2024-11-09,Imphal,1,Moderate,103,SO2
2024-11-09,Tirupur,1,Moderate,108,SO2
2024-11-10,Imphal,1,Moderate,103,SO2
2024-11-10,Nagaon,1,Good,29,SO2
2024-11-10,Tirupur,1,Moderate,112,SO2
2024-11-11,Imphal,1,Moderate,103,SO2
2024-11-11,Tirupur,1,Moderate,118,SO2
2024-11-12,Imphal,1,Moderate,103,SO2
2024-11-12,Kohima,1,Satisfactory,60,SO2
2024-11-12,Narnaul,1,Moderate,110,SO2
2024-11-13,Imphal,1,Moderate,103,SO2
2024-11-13,Tirupur,1,Moderate,125,SO2
2024-11-14,Haveri,1,Satisfactory,56,SO2
2024-11-14,Imphal,1,Moderate,103,SO2
2024-11-14,Tirupur,1,Moderate,121,SO2
2024-11-15,Tirupur,1,Moderate,117,SO2
2024-11-18,Kohima,1,Satisfactory,59,SO2
2024-11-19,Kohima,1,Satisfactory,57,SO2
2024-11-20,Kohima,1,Satisfactory,58,SO2
2024-11-21,Kohima,1,Satisfactory,57,SO2
2024-11-21,Nagaon,1,Good,28,SO2
2024-11-22,Kohima,1,Satisfactory,57,SO2
2024-11-23,Kohima,1,Satisfactory,57,SO2
2024-12-01,Haveri,1,Good,41,SO2
2024-12-02,Haveri,1,Good,42,SO2
2024-12-03,Haveri,1,Good,41,SO2
2024-12-04,Haveri,1,Good,41,SO2
2024-12-05,Haveri,1,Good,41,SO2
2024-12-05,Kalaburagi,2,Good,49,"CO, SO2"
2024-12-06,Kalaburagi,2,Good,50,"CO, SO2"
2024-12-08,Kalaburagi,2,Good,50,"CO, SO2"
2024-12-09,Surat,1,Good,44,SO2
2024-12-10,Imphal,1,Moderate,104,SO2
2024-12-11,Imphal,1,Moderate,103,SO2
2024-12-11,Varanasi,4,Good,45,"NO2, PM2.5, SO2"
2024-12-12,Haveri,1,Good,41,SO2
2024-12-12,Imphal,1,Moderate,102,SO2
2024-12-12,Varanasi,4,Good,46,"NO2, PM2.5, SO2"
2024-12-13,Imphal,1,Moderate,102,SO2
2024-12-13,Surat,1,Good,44,SO2
2024-12-14,Haveri,1,Good,41,SO2
2024-12-14,Imphal,1,Moderate,102,SO2
2024-12-15,Imphal,1,Moderate,102,SO2
2024-12-16,Imphal,1,Moderate,102,SO2
2024-12-17,Imphal,1,Moderate,102,SO2
2024-12-18,Bareilly,2,Satisfactory,56,"PM10, SO2"
2024-12-18,Haveri,1,Good,38,SO2
2024-12-18,Imphal,1,Moderate,102,SO2
2024-12-18,Kohima,1,Satisfactory,52,SO2
2024-12-19,Imphal,1,Moderate,103,SO2
2024-12-19,Kohima,1,Satisfactory,52,SO2
2024-12-20,Bareilly,2,Good,48,"PM2.5, SO2"
2024-12-20,Imphal,1,Moderate,103,SO2
2024-12-20,Kohima,1,Satisfactory,53,SO2
2024-12-21,Imphal,1,Moderate,102,SO2
2024-12-23,Imphal,1,Moderate,102,SO2
2024-12-23,Kalaburagi,2,Good,46,"PM10, SO2"
2024-12-23,Kohima,1,Satisfactory,52,SO2
2024-12-24,Imphal,1,Moderate,102,SO2
2024-12-24,Kohima,1,Satisfactory,53,SO2
2024-12-25,Imphal,1,Moderate,103,SO2
2024-12-25,Kalaburagi,2,Good,43,"PM10, SO2"
2024-12-25,Kohima,1,Satisfactory,52,SO2
2024-12-26,Bareilly,2,Satisfactory,51,"PM10, SO2"
2024-12-26,Imphal,1,Moderate,102,SO2
2024-12-26,Kalaburagi,2,Good,46,"PM10, SO2"
2024-12-26,Kohima,1,Satisfactory,52,SO2
2024-12-27,Bareilly,2,Good,50,"PM10, SO2"
2024-12-27,Imphal,1,Moderate,103,SO2
2024-12-27,Kalaburagi,2,Good,50,"CO, SO2"
2024-12-28,Bareilly,1,Good,36,SO2
2024-12-28,Imphal,1,Moderate,102,SO2
2024-12-28,Kalaburagi,2,Good,44,"CO, SO2"
2024-12-28,Kohima,1,Satisfactory,52,SO2
2024-12-28,Moradabad,6,Good,38,"PM2.5, SO2"
2024-12-29,Bareilly,2,Good,30,SO2
2024-12-29,Haveri,1,Good,43,SO2
2024-12-29,Imphal,1,Moderate,103,SO2
2024-12-29,Kohima,1,Satisfactory,53,SO2
2024-12-29,Salem,1,Satisfactory,63,SO2
2024-12-30,Bareilly,2,Good,34,"PM10, SO2"
2024-12-30,Haveri,1,Good,43,SO2
2024-12-30,Imphal,1,Moderate,103,SO2
2024-12-30,Varanasi,4,Good,30,SO2
2024-12-31,Haveri,1,Good,42,SO2
2024-12-31,Imphal,1,Moderate,103,SO2
2024-12-31,Salem,1,Satisfactory,65,SO2
2024-12-31,Varanasi,4,Good,30,SO2
2025-01-02,Bareilly,2,Good,43,"PM10, SO2"
2025-01-02,Imphal,1,Moderate,101,SO2
2025-01-02,Varanasi,4,Good,42,"PM10, PM2.5, SO2"
2025-01-03,Bareilly,2,Good,46,"PM10, SO2"
2025-01-03,Imphal,1,Satisfactory,100,SO2
2025-01-04,Imphal,1,Satisfactory,98,SO2
2025-01-04,Kohima,1,Satisfactory,53,SO2
2025-01-05,Dewas,1,Satisfactory,66,SO2
2025-01-05,Imphal,1,Satisfactory,99,SO2
2025-01-05,Kohima,1,Satisfactory,53,SO2
2025-01-06,Imphal,1,Moderate,102,SO2
2025-01-06,Kohima,1,Satisfactory,54,SO2
2025-01-07,Bareilly,2,Good,48,"PM10, SO2"
2025-01-07,Haveri,1,Good,44,SO2
2025-01-07,Imphal,1,Moderate,103,SO2
2025-01-08,Bareilly,2,Good,40,"PM2.5, SO2"
2025-01-08,Imphal,1,Moderate,102,SO2
2025-01-08,Varanasi,4,Good,32,"PM2.5, SO2"
2025-01-09,Bareilly,2,Satisfactory,90,"O3, SO2"
2025-01-09,Imphal,1,Moderate,102,SO2
2025-01-10,Haveri,1,Good,45,SO2
2025-01-10,Imphal,1,Moderate,102,SO2
2025-01-12,Bareilly,2,Good,42,"PM2.5, SO2"
2025-01-12,Haveri,1,Good,47,SO2
2025-01-12,Kohima,1,Satisfactory,53,SO2
2025-01-13,Kohima,1,Satisfactory,54,SO2
2025-01-14,Bareilly,2,Good,42,"PM2.5, SO2"
2025-01-14,Imphal,1,Moderate,103,SO2
2025-01-15,Bareilly,2,Good,41,"PM2.5, SO2"
2025-01-15,Imphal,1,Moderate,102,SO2
2025-01-16,Bareilly,2,Good,42,"PM2.5, SO2"
2025-01-16,Imphal,1,Moderate,102,SO2
2025-01-16,Varanasi,4,Good,43,"PM10, PM2.5, SO2"
2025-01-17,Bareilly,2,Good,34,"PM2.5, SO2"
2025-01-17,Bhilai,3,Satisfactory,71,"PM2.5, SO2"
2025-01-17,Imphal,1,Moderate,103,SO2
2025-01-18,Bareilly,2,Good,40,"PM10, SO2"
2025-01-18,Imphal,1,Moderate,103,SO2
2025-01-19,Bareilly,2,Good,48,"PM10, SO2"
2025-01-19,Damoh,1,Satisfactory,58,SO2
2025-01-19,Imphal,1,Moderate,103,SO2
2025-01-20,Bareilly,2,Good,45,"PM10, SO2"
2025-01-20,Imphal,1,Moderate,103,SO2
2025-01-20,Prayagraj,3,Good,39,"PM10, PM2.5, SO2"
2025-01-20,Varanasi,4,Good,37,"PM2.5, SO2"
2025-01-21,Bareilly,2,Good,48,"PM2.5, SO2"
2025-01-22,Imphal,1,Moderate,103,SO2
2025-01-22,Varanasi,4,Good,32,"PM10, PM2.5, SO2"
2025-01-23,Imphal,1,Moderate,103,SO2
2025-01-24,Bareilly,2,Good,44,"PM2.5, SO2"
2025-01-24,Imphal,1,Moderate,103,SO2
2025-01-24,Salem,1,Satisfactory,66,SO2
2025-01-24,Varanasi,4,Good,50,"PM2.5, SO2"
2025-01-25,Bareilly,2,Good,42,"PM10, SO2"
2025-01-25,Damoh,1,Satisfactory,59,SO2
2025-01-25,Imphal,1,Moderate,103,SO2
2025-01-25,Salem,1,Satisfactory,66,SO2
2025-01-25,Varanasi,4,Good,34,"PM10, PM2.5, SO2"
2025-01-26,Varanasi,4,Good,34,"NO2, PM2.5, SO2"
2025-01-27,Varanasi,3,Good,39,"PM10, PM2.5, SO2"
2025-01-28,Bareilly,2,Satisfactory,55,"PM10, SO2"
2025-01-28,Tirunelveli,1,Good,41,SO2
2025-01-29,Imphal,1,Moderate,103,SO2
2025-01-30,Imphal,1,Moderate,103,SO2
2025-01-31,Damoh,1,Satisfactory,60,SO2
2025-01-31,Imphal,1,Moderate,103,SO2
2025-01-31,Tirunelveli,1,Good,41,SO2
2025-02-01,Bareilly,2,Satisfactory,62,"PM2.5, SO2"
2025-02-01,Damoh,1,Satisfactory,61,SO2
2025-02-01,Imphal,1,Moderate,103,SO2
2025-02-02,Bareilly,2,Satisfactory,54,"PM2.5, SO2"
2025-02-02,Damoh,1,Satisfactory,60,SO2
2025-02-02,Imphal,1,Moderate,103,SO2
2025-02-02,Salem,1,Satisfactory,64,SO2
2025-02-03,Bareilly,2,Good,50,"PM10, SO2"
2025-02-03,Damoh,1,Satisfactory,60,SO2
2025-02-03,Imphal,1,Moderate,103,SO2
2025-02-03,Salem,1,Satisfactory,66,SO2
2025-02-03,Varanasi,4,Good,40,"PM10, PM2.5, SO2"
2025-02-04,Bareilly,2,Good,48,"PM10, SO2"
2025-02-04,Damoh,1,Satisfactory,60,SO2
2025-02-04,Imphal,1,Moderate,103,SO2
2025-02-04,Varanasi,4,Good,43,"PM10, PM2.5, SO2"
2025-02-05,Bareilly,2,Satisfactory,53,"PM2.5, SO2"
2025-02-05,Damoh,1,Satisfactory,60,SO2
2025-02-05,Imphal,1,Moderate,103,SO2
2025-02-05,Varanasi,4,Satisfactory,59,"PM10, SO2"
2025-02-06,Bareilly,1,Satisfactory,51,SO2
2025-02-06,Damoh,1,Satisfactory,61,SO2
2025-02-06,Imphal,1,Moderate,103,SO2
2025-02-06,Jhansi,1,Good,31,SO2
2025-02-07,Bareilly,2,Good,42,"PM10, SO2"
2025-02-07,Damoh,1,Satisfactory,58,SO2
2025-02-07,Imphal,1,Moderate,103,SO2
2025-02-07,Varanasi,4,Good,37,"NO2, PM10, SO2"
2025-02-08,Bareilly,2,Good,42,"PM10, SO2"
2025-02-08,Imphal,1,Moderate,103,SO2
2025-02-08,Varanasi,4,Good,38,"PM10, SO2"
2025-02-09,Imphal,1,Moderate,103,SO2
2025-02-10,Imphal,1,Moderate,103,SO2
2025-02-11,Bareilly,2,Satisfactory,53,"PM10, SO2"
2025-02-11,Prayagraj,3,Satisfactory,59,"PM10, SO2"
2025-02-12,Bareilly,2,Satisfactory,52,"PM10, SO2"
2025-02-12,Imphal,1,Moderate,104,SO2
2025-02-12,Prayagraj,3,Satisfactory,52,"PM10, SO2"
2025-02-12,Varanasi,4,Good,42,"PM10, PM2.5, SO2"
2025-02-13,Bareilly,2,Good,42,"PM10, SO2"
2025-02-13,Haveri,1,Good,49,SO2
2025-02-13,Imphal,1,Moderate,104,SO2
2025-02-13,Jhansi,1,Good,29,SO2
2025-02-13,Prayagraj,3,Good,50,"PM10, SO2"
2025-02-13,Varanasi,4,Good,40,"PM10, SO2"
2025-02-14,Imphal,1,Moderate,104,SO2
2025-02-14,Jhansi,1,Good,30,SO2
2025-02-14,Varanasi,4,Good,36,"PM10, SO2"
2025-02-15,Bareilly,2,Good,46,"PM10, SO2"
2025-02-15,Jhansi,1,Good,30,SO2
2025-02-15,Prayagraj,3,Good,37,"PM10, SO2"
2025-02-15,Varanasi,4,Good,39,"O3, PM10, SO2"
2025-02-16,Bareilly,2,Satisfactory,52,"PM10, SO2"
2025-02-17,Bareilly,2,Satisfactory,56,"PM10, SO2"
2025-02-18,Bareilly,2,Satisfactory,53,"PM10, SO2"
2025-02-18,Prayagraj,3,Satisfactory,75,"PM10, PM2.5, SO2"
2025-02-19,Bareilly,2,Good,48,"PM10, SO2"
2025-02-20,Bareilly,2,Good,50,"PM10, SO2"
2025-02-20,Imphal,1,Moderate,104,SO2
2025-02-20,Kohima,1,Satisfactory,56,SO2
2025-02-20,Samastipur,1,Satisfactory,66,SO2
2025-02-20,Varanasi,4,Satisfactory,51,"PM10, SO2"
2025-02-21,Kohima,1,Satisfactory,56,SO2
2025-02-21,Samastipur,1,Satisfactory,71,SO2
2025-02-21,Varanasi,4,Satisfactory,77,"PM10, PM2.5, SO2"
2025-02-22,Bareilly,2,Good,44,"PM10, SO2"
2025-02-22,Imphal,1,Moderate,104,SO2
2025-02-22,Moradabad,4,Satisfactory,66,"CO, PM10, SO2"
2025-02-23,Bareilly,2,Good,48,"PM10, SO2"
2025-02-23,Imphal,1,Moderate,104,SO2
2025-02-23,Prayagraj,3,Good,44,"PM10, SO2"
2025-02-23,Varanasi,4,Good,50,"PM10, PM2.5, SO2"
2025-02-24,Bareilly,2,Satisfactory,52,"PM10, SO2"
2025-02-24,Imphal,1,Moderate,104,SO2
2025-02-24,Varanasi,4,Satisfactory,52,"PM10, PM2.5, SO2"
2025-02-25,Bareilly,2,Satisfactory,54,"PM10, SO2"
2025-02-25,Haveri,1,Good,40,SO2
2025-02-25,Imphal,1,Moderate,104,SO2
2025-02-26,Bareilly,2,Satisfactory,58,"PM10, SO2"
2025-02-27,Bareilly,2,Satisfactory,59,"PM10, SO2"
2025-02-27,Prayagraj,3,Good,50,"PM10, SO2"
2025-02-27,Varanasi,4,Satisfactory,51,"PM10, SO2"
2025-02-28,Bareilly,1,Good,24,SO2
2025-02-28,Jhansi,1,Good,33,SO2
2025-02-28,Prayagraj,3,Satisfactory,54,"PM10, SO2"
2025-03-01,Bareilly,2,Good,42,SO2
2025-03-01,Haveri,1,Satisfactory,51,SO2
2025-03-01,Moradabad,6,Good,41,"O3, PM10, SO2"
2025-03-01,Prayagraj,3,Satisfactory,53,"PM10, SO2"
2025-03-01,Tirupur,1,Satisfactory,55,SO2
2025-03-01,Varanasi,4,Satisfactory,58,"PM10, SO2"
2025-03-02,Bareilly,2,Good,44,"PM10, SO2"
2025-03-02,Imphal,1,Moderate,105,SO2
2025-03-02,Prayagraj,3,Good,48,"PM10, PM2.5, SO2"
2025-03-02,Salem,1,Good,37,SO2
2025-03-02,Varanasi,4,Satisfactory,56,"PM10, SO2"
2025-03-03,Bareilly,2,Good,45,"PM10, SO2"
2025-03-03,Imphal,1,Moderate,105,SO2
2025-03-03,Prayagraj,3,Good,40,"PM10, SO2"
2025-03-03,Varanasi,4,Good,45,"PM10, SO2"
2025-03-04,Haveri,1,Satisfactory,53,SO2
2025-03-04,Imphal,1,Moderate,105,SO2
2025-03-04,Jhansi,1,Good,33,SO2
2025-03-04,Prayagraj,3,Good,40,"PM10, SO2"
2025-03-04,Varanasi,4,Good,43,"PM10, SO2"
2025-03-05,Bareilly,2,Good,41,"PM10, SO2"
2025-03-05,Imphal,1,Moderate,105,SO2
2025-03-05,Jhansi,1,Good,32,SO2
2025-03-05,Varanasi,4,Good,47,"PM10, SO2"
2025-03-06,Bareilly,1,Satisfactory,58,SO2
2025-03-06,Imphal,1,Moderate,105,SO2
2025-03-06,Jhansi,1,Good,32,SO2
2025-03-06,Prayagraj,3,Good,43,"PM10, SO2"
2025-03-06,Varanasi,4,Good,44,"PM10, SO2"
2025-03-07,Bareilly,2,Satisfactory,58,"PM10, SO2"
2025-03-07,Imphal,1,Moderate,105,SO2
2025-03-07,Jhansi,1,Good,33,SO2
2025-03-07,Prayagraj,3,Good,37,"PM10, SO2"
2025-03-08,Bareilly,2,Satisfactory,53,"PM10, SO2"
2025-03-08,Haveri,1,Satisfactory,55,SO2
2025-03-08,Imphal,1,Moderate,105,SO2
2025-03-08,Jhansi,1,Good,34,SO2
2025-03-08,Karur,1,Good,37,SO2
2025-03-09,Bareilly,2,Satisfactory,64,"PM10, SO2"
2025-03-09,Haveri,1,Satisfactory,55,SO2
2025-03-09,Imphal,1,Moderate,105,SO2
2025-03-09,Jabalpur,4,Satisfactory,84,"PM10, SO2"
2025-03-09,Jhansi,1,Good,34,SO2
2025-03-09,Prayagraj,3,Good,47,"O3, PM10, SO2"
2025-03-10,Haveri,1,Satisfactory,54,SO2
2025-03-10,Jhansi,1,Good,33,SO2
2025-03-10,Prayagraj,3,Good,48,"O3, PM10, SO2"
2025-03-11,Haveri,1,Satisfactory,53,SO2
2025-03-11,Imphal,1,Moderate,105,SO2
2025-03-11,Prayagraj,3,Satisfactory,52,"PM10, SO2"
2025-03-12,Bareilly,2,Satisfactory,64,"PM10, SO2"
2025-03-12,Imphal,1,Moderate,105,SO2
2025-03-12,Prayagraj,3,Good,42,"PM10, SO2"
2025-03-13,Bareilly,2,Satisfactory,54,"PM10, SO2"
2025-03-13,Bhagalpur,1,Satisfactory,64,SO2
2025-03-13,Chhapra,1,Satisfactory,86,SO2
2025-03-13,Haveri,1,Satisfactory,51,SO2
2025-03-13,Salem,1,Good,37,SO2
2025-03-14,Imphal,1,Moderate,105,SO2
2025-03-14,Indore,5,Satisfactory,68,"PM10, SO2"
2025-03-15,Bareilly,1,Good,24,SO2
2025-03-15,Firozabad,2,Good,35,"PM10, SO2"
2025-03-15,Imphal,1,Moderate,105,SO2
2025-03-15,Khurja,1,Satisfactory,54,SO2
2025-03-15,Moradabad,6,Satisfactory,58,"O3, PM10, SO2"
2025-03-15,Prayagraj,3,Satisfactory,53,"PM10, PM2.5, SO2"
2025-03-15,Surat,1,Good,45,SO2
2025-03-16,Bareilly,2,Good,50,"PM10, SO2"
2025-03-16,Imphal,1,Moderate,106,SO2
2025-03-16,Indore,5,Satisfactory,62,"NO2, PM10, SO2"
2025-03-16,Moradabad,6,Satisfactory,67,"PM10, SO2"
2025-03-16,Salem,1,Good,36,SO2
2025-03-16,Surat,1,Good,46,SO2
2025-03-17,Bareilly,2,Satisfactory,56,"PM10, SO2"
2025-03-17,Firozabad,2,Good,40,"PM10, SO2"
2025-03-17,Indore,4,Satisfactory,63,"NO2, PM2.5, SO2"
2025-03-17,Moradabad,6,Satisfactory,55,"O3, PM10, SO2"
2025-03-17,Surat,1,Good,46,SO2
2025-03-18,Bareilly,2,Satisfactory,72,"PM10, SO2"
2025-03-18,Firozabad,2,Satisfactory,66,"PM10, SO2"
2025-03-18,Haveri,1,Satisfactory,56,SO2
2025-03-18,Salem,1,Satisfactory,59,SO2
2025-03-19,Bareilly,2,Satisfactory,80,"PM10, SO2"
2025-03-19,Damoh,1,Good,26,SO2
2025-03-19,Salem,1,Good,50,SO2
2025-03-20,Bareilly,2,Satisfactory,87,"PM10, SO2"
2025-03-20,Salem,1,Good,36,SO2
2025-03-20,Surat,1,Good,45,SO2
2025-03-21,Bareilly,2,Satisfactory,82,"PM10, SO2"
2025-03-21,Salem,1,Good,35,SO2
2025-03-22,Bhagalpur,2,Satisfactory,61,"PM10, SO2"
2025-03-22,Karur,1,Good,36,SO2
2025-03-22,Varanasi,4,Good,49,"PM10, SO2"
2025-03-23,Bareilly,2,Satisfactory,70,"PM10, SO2"
2025-03-23,Bhagalpur,2,Satisfactory,74,"PM10, SO2"
2025-03-23,Imphal,1,Moderate,106,SO2
2025-03-23,Kalaburagi,2,Satisfactory,72,"PM10, SO2"
2025-03-23,Salem,1,Good,36,SO2
2025-03-24,Bareilly,2,Satisfactory,92,"PM10, SO2"
2025-03-24,Bhagalpur,2,Satisfactory,76,"PM10, SO2"
2025-03-25,Bareilly,2,Satisfactory,95,"PM10, SO2"
2025-03-26,Bareilly,2,Moderate,103,"PM10, SO2"
2025-03-26,Haveri,1,Satisfactory,58,SO2
2025-03-26,Karur,1,Good,36,SO2
2025-03-27,Bareilly,2,Moderate,102,"PM10, SO2"
2025-03-27,Haveri,1,Satisfactory,53,SO2
2025-03-27,Surat,1,Good,43,SO2
2025-03-28,Bareilly,2,Moderate,106,"PM10, SO2"
2025-03-28,Surat,1,Good,44,SO2
2025-03-28,Tirunelveli,1,Good,41,SO2
2025-03-29,Bareilly,2,Satisfactory,84,"PM10, SO2"
2025-03-29,Imphal,1,Moderate,107,SO2
2025-03-29,Karur,1,Good,35,SO2
2025-03-30,Bareilly,2,Satisfactory,82,"PM10, SO2"
2025-03-30,Imphal,1,Moderate,108,SO2
2025-04-01,Varanasi,4,Satisfactory,74,"PM10, SO2"
2025-04-02,Bareilly,2,Satisfactory,94,"PM10, SO2"
2025-04-02,Salem,1,Satisfactory,62,SO2
2025-04-03,Bareilly,2,Satisfactory,90,"PM10, SO2"
2025-04-03,Salem,1,Good,37,SO2
2025-04-04,Bareilly,2,Satisfactory,86,"PM10, SO2"
2025-04-04,Imphal,1,Moderate,107,SO2
2025-04-04,Salem,1,Good,38,SO2
2025-04-05,Imphal,1,Moderate,107,SO2
2025-04-05,Karur,1,Good,35,SO2
2025-04-05,Madurai,1,Good,32,SO2
2025-04-06,Imphal,1,Moderate,108,SO2
2025-04-06,Madurai,1,Good,28,SO2
2025-04-07,Firozabad,2,Satisfactory,82,"PM10, SO2"
2025-04-07,Kohima,1,Satisfactory,59,SO2
2025-04-07,Madurai,1,Good,26,SO2
2025-04-07,Moradabad,6,Satisfactory,99,"CO, PM10, SO2"
2025-04-09,Talcher,1,Satisfactory,85,SO2
2025-04-10,Bareilly,1,Satisfactory,56,SO2
2025-04-10,Bhagalpur,2,Satisfactory,72,"PM10, SO2"
2025-04-10,Surat,1,Good,43,SO2
2025-04-11,Imphal,1,Moderate,109,SO2
2025-04-11,Moradabad,6,Satisfactory,60,"CO, PM10, SO2"
2025-04-11,Surat,1,Good,42,SO2
2025-04-12,Bhagalpur,2,Satisfactory,93,"PM10, SO2"
2025-04-12,Indore,4,Satisfactory,81,"PM10, SO2"
2025-04-12,Surat,1,Good,42,SO2
2025-04-12,Vapi,1,Good,37,SO2
2025-04-13,Imphal,1,Moderate,107,SO2
2025-04-13,Surat,1,Good,42,SO2
2025-04-14,Bareilly,2,Satisfactory,60,"PM10, SO2"
2025-04-14,Imphal,1,Moderate,109,SO2
2025-04-14,Indore,5,Satisfactory,76,"PM10, SO2"
2025-04-14,Moradabad,5,Satisfactory,79,"O3, SO2"
2025-04-15,Bareilly,2,Satisfactory,65,"PM10, SO2"
2025-04-15,Imphal,1,Moderate,108,SO2
2025-04-15,Talcher,1,Good,44,SO2
2025-04-16,Bareilly,2,Satisfactory,76,"PM10, SO2"
2025-04-16,Imphal,1,Moderate,108,SO2
2025-04-17,Bareilly,1,Satisfactory,57,SO2
2025-04-17,Guwahati,2,Satisfactory,60,"PM10, SO2"
2025-04-17,Imphal,1,Moderate,107,SO2
2025-04-17,Kalaburagi,2,Satisfactory,57,"PM10, SO2"
2025-04-17,Surat,1,Good,41,SO2
2025-04-18,Bareilly,2,Satisfactory,68,"PM10, SO2"
2025-04-18,Imphal,1,Moderate,106,SO2
2025-04-18,Kalaburagi,2,Satisfactory,60,"PM10, SO2"
2025-04-18,Surat,1,Good,41,SO2
2025-04-18,Vapi,1,Good,34,SO2
2025-04-19,Imphal,1,Moderate,107,SO2
2025-04-19,Surat,1,Good,41,SO2
2025-04-19,Vapi,1,Good,34,SO2
2025-04-20,Imphal,1,Moderate,107,SO2
2025-04-20,Kalaburagi,2,Satisfactory,61,"CO, SO2"
2025-04-20,Kohima,1,Satisfactory,60,SO2
2025-04-20,Vapi,1,Good,34,SO2
2025-04-21,Bareilly,2,Satisfactory,72,"PM10, SO2"
2025-04-21,Imphal,1,Moderate,107,SO2
2025-04-21,Kalaburagi,2,Satisfactory,61,"PM10, SO2"
2025-04-21,Kohima,1,Satisfactory,60,SO2
2025-04-22,Bareilly,2,Satisfactory,87,"PM10, SO2"
2025-04-22,Guwahati,3,Satisfactory,62,"PM10, SO2"
2025-04-22,Imphal,1,Moderate,107,SO2
2025-04-23,Imphal,1,Moderate,107,SO2
2025-04-23,Kalaburagi,2,Satisfactory,66,"PM10, SO2"
2025-04-24,Bareilly,2,Satisfactory,94,"PM10, SO2"
2025-04-24,Imphal,1,Moderate,108,SO2
2025-04-24,Indore,6,Satisfactory,72,"PM10, SO2"
2025-04-25,Bareilly,2,Satisfactory,88,"PM10, SO2"
2025-04-25,Imphal,1,Moderate,108,SO2
2025-04-25,Mumbai,19,Satisfactory,68,"PM10, SO2"
2025-04-26,Bareilly,2,Satisfactory,79,"PM10, SO2"
2025-04-26,Imphal,1,Moderate,108,SO2
2025-04-26,Indore,6,Satisfactory,68,"PM10, SO2"
2025-04-26,Surat,1,Good,40,SO2
2025-04-27,Bareilly,2,Moderate,101,"PM10, SO2"
2025-04-27,Guwahati,3,Satisfactory,67,"PM10, SO2"
2025-04-27,Imphal,1,Moderate,109,SO2
2025-04-27,Salem,1,Satisfactory,75,SO2
2025-04-27,Surat,1,Good,40,SO2
2025-04-28,Bareilly,2,Satisfactory,96,"PM10, SO2"
2025-04-28,Guwahati,2,Good,49,"O3, SO2"
2025-04-28,Jabalpur,3,Satisfactory,66,"O3, SO2"
2025-04-28,Kohima,1,Satisfactory,60,SO2
2025-04-28,Salem,1,Satisfactory,72,SO2
2025-04-28,Surat,1,Good,40,SO2
2025-04-28,Tirunelveli,1,Good,42,SO2
2025-04-29,Bareilly,2,Satisfactory,70,"PM10, SO2"
2025-04-29,Guwahati,3,Good,34,"O3, PM2.5, SO2"
2025-04-29,Kohima,1,Satisfactory,61,SO2
2025-04-29,Salem,1,Good,40,SO2
2025-04-29,Surat,1,Good,40,SO2
2025-04-30,Bareilly,2,Satisfactory,70,"PM10, SO2"
2025-04-30,Bhagalpur,2,Good,38,"PM10, SO2"
2025-04-30,Imphal,1,Moderate,106,SO2
2025-04-30,Kohima,1,Satisfactory,61,SO2
2025-04-30,Surat,1,Good,40,SO2
2025-05-01,Bareilly,2,Satisfactory,72,"PM10, SO2"
2025-05-01,Imphal,1,Moderate,107,SO2
2025-05-01,Kohima,1,Satisfactory,60,SO2
2025-05-01,Surat,1,Good,41,SO2
2025-05-01,Vapi,1,Good,35,SO2
2025-05-02,Agartala,1,Good,21,SO2
2025-05-02,Bareilly,2,Satisfactory,72,"PM10, SO2"
2025-05-02,Kohima,1,Satisfactory,60,SO2
2025-05-03,Bareilly,2,Satisfactory,74,"PM10, SO2"
2025-05-03,Imphal,1,Moderate,107,SO2
2025-05-03,Kalaburagi,2,Satisfactory,67,"PM10, SO2"
2025-05-03,Kohima,1,Satisfactory,60,SO2
2025-05-03,Surat,1,Good,41,SO2
2025-05-04,Bareilly,2,Satisfactory,70,"PM10, SO2"
2025-05-04,Imphal,1,Moderate,107,SO2
2025-05-04,Indore,5,Satisfactory,68,"PM10, SO2"
2025-05-04,Surat,1,Good,40,SO2
2025-05-05,Guwahati,3,Satisfactory,63,"PM10, SO2"
2025-05-05,Hosur,1,Satisfactory,52,SO2
2025-05-05,Imphal,1,Moderate,109,SO2
2025-05-05,Indore,2,Good,42,"PM2.5, SO2"
2025-05-05,Moradabad,4,Satisfactory,67,"O3, SO2"
2025-05-05,Purnia,1,Satisfactory,56,SO2
2025-05-05,Salem,1,Satisfactory,76,SO2
2025-05-05,Surat,1,Good,40,SO2
2025-05-06,Bareilly,2,Satisfactory,58,"PM10, SO2"
2025-05-06,Imphal,1,Moderate,109,SO2
2025-05-06,Indore,6,Good,48,"NO2, PM2.5, SO2"
2025-05-06,Kalaburagi,2,Satisfactory,63,"PM10, SO2"
2025-05-06,Moradabad,5,Satisfactory,84,"PM10, PM2.5, SO2"
2025-05-06,Salem,1,Satisfactory,77,SO2
2025-05-06,Surat,1,Good,41,SO2
2025-05-06,Vrindavan,1,Good,30,SO2
2025-05-07,Bareilly,2,Satisfactory,56,"PM10, SO2"
2025-05-07,Imphal,1,Moderate,109,SO2
2025-05-07,Indore,4,Good,46,"NO2, PM2.5, SO2"
2025-05-07,Kalaburagi,2,Satisfactory,62,"PM10, SO2"
2025-05-07,Kohima,1,Satisfactory,61,SO2
2025-05-07,Lucknow,5,Satisfactory,92,"PM10, SO2"
2025-05-07,Moradabad,6,Satisfactory,76,"CO, O3, SO2"
2025-05-07,Surat,1,Good,41,SO2
2025-05-08,Bareilly,2,Satisfactory,64,"PM10, SO2"
2025-05-08,Bhagalpur,2,Satisfactory,70,"PM10, SO2"
2025-05-08,Guwahati,3,Satisfactory,60,"PM10, SO2"
2025-05-08,Imphal,1,Moderate,109,SO2
2025-05-08,Indore,6,Good,47,"NO2, PM2.5, SO2"
2025-05-08,Kalaburagi,1,Satisfactory,83,SO2
2025-05-08,Moradabad,6,Satisfactory,82,"O3, PM10, SO2"
2025-05-08,Vapi,1,Good,36,SO2
2025-05-09,Bareilly,2,Satisfactory,66,"PM10, SO2"
2025-05-09,Imphal,1,Moderate,109,SO2
2025-05-09,Indore,5,Satisfactory,55,"CO, PM2.5, SO2"
2025-05-09,Kalaburagi,2,Satisfactory,64,"PM10, SO2"
2025-05-09,Moradabad,6,Satisfactory,82,"O3, PM10, SO2"
2025-05-09,Rajsamand,1,Good,44,SO2
2025-05-09,Salem,1,Satisfactory,79,SO2
2025-05-09,Vapi,1,Good,36,SO2
2025-05-09,Vrindavan,1,Good,31,SO2
2025-05-10,Imphal,1,Moderate,111,SO2
2025-05-10,Kalaburagi,2,Satisfactory,58,"PM10, SO2"
2025-05-10,Moradabad,6,Satisfactory,79,"O3, PM10, SO2"
2025-05-10,Salem,1,Satisfactory,68,SO2
2025-05-10,Surat,1,Good,40,SO2
2025-05-11,Guwahati,3,Satisfactory,66,"O3, PM2.5, SO2"
2025-05-11,Imphal,1,Moderate,109,SO2
2025-05-11,Moradabad,6,Satisfactory,72,"O3, PM10, SO2"
2025-05-11,Surat,1,Good,40,SO2
2025-05-12,Imphal,1,Moderate,108,SO2
2025-05-12,Kalaburagi,2,Good,50,"PM10, SO2"
2025-05-12,Moradabad,6,Satisfactory,87,"O3, PM10, SO2"
2025-05-12,Surat,1,Good,40,SO2
2025-05-13,Bareilly,2,Satisfactory,77,"PM10, SO2"
2025-05-13,Bengaluru,10,Good,47,"PM10, SO2"
2025-05-13,Guwahati,3,Satisfactory,59,"O3, PM2.5, SO2"
2025-05-13,Imphal,1,Moderate,107,SO2
2025-05-13,Moradabad,5,Satisfactory,87,"CO, PM10, SO2"
2025-05-13,Salem,1,Satisfactory,51,SO2
2025-05-14,Agra,5,Satisfactory,83,"O3, PM10, SO2"
2025-05-14,Bareilly,2,Satisfactory,81,"PM10, SO2"
2025-05-14,Imphal,1,Moderate,107,SO2
2025-05-14,Kalaburagi,2,Good,50,"PM10, SO2"
2025-05-14,Khurja,1,Satisfactory,67,SO2
2025-05-14,Salem,1,Satisfactory,77,SO2
2025-05-15,Bareilly,2,Moderate,104,"PM10, SO2"
2025-05-15,Guwahati,3,Satisfactory,54,"O3, PM2.5, SO2"
2025-05-15,Imphal,1,Moderate,108,SO2
2025-05-15,Kalaburagi,2,Satisfactory,58,"PM10, SO2"
2025-05-15,Surat,1,Good,40,SO2
2025-05-16,Ankleshwar,1,Satisfactory,52,SO2
2025-05-16,Bareilly,2,Moderate,102,"PM10, SO2"
2025-05-16,Imphal,1,Moderate,109,SO2
2025-05-16,Surat,1,Good,40,SO2
2025-05-17,Bareilly,2,Satisfactory,92,"PM10, SO2"
2025-05-17,Guwahati,4,Good,47,"O3, PM2.5, SO2"
2025-05-17,Imphal,1,Moderate,109,SO2
2025-05-17,Salem,1,Satisfactory,80,SO2
2025-05-17,Surat,1,Good,40,SO2
2025-05-18,Bareilly,2,Satisfactory,80,"PM10, SO2"
2025-05-18,Guwahati,3,Satisfactory,52,"O3, PM2.5, SO2"
2025-05-18,Imphal,1,Moderate,108,SO2
2025-05-18,Indore,5,Good,47,"PM10, PM2.5, SO2"
2025-05-18,Kalaburagi,2,Satisfactory,61,"PM10, SO2"
2025-05-18,Salem,1,Satisfactory,82,SO2
2025-05-18,Surat,1,Good,40,SO2
2025-05-19,Bareilly,2,Satisfactory,68,"PM10, SO2"
2025-05-19,Guwahati,3,Good,42,"CO, SO2"
2025-05-19,Imphal,1,Moderate,110,SO2
2025-05-19,Madurai,1,Good,32,SO2
2025-05-19,Salem,1,Satisfactory,82,SO2
2025-05-19,Surat,1,Good,40,SO2
2025-05-19,Talcher,1,Good,42,SO2
2025-05-19,Thiruvananthapuram,2,Good,40,"PM10, SO2"
2025-05-20,Bareilly,2,Satisfactory,65,"PM10, SO2"
2025-05-20,Imphal,1,Moderate,110,SO2
2025-05-20,Kohima,1,Satisfactory,62,SO2
2025-05-20,Madurai,1,Good,32,SO2
2025-05-20,Salem,1,Satisfactory,76,SO2
2025-05-20,Surat,1,Good,40,SO2
2025-05-21,Agartala,1,Good,22,SO2
2025-05-21,Bareilly,2,Satisfactory,68,"PM10, SO2"
2025-05-21,Gorakhpur,1,Good,34,SO2
2025-05-21,Guwahati,4,Good,37,"O3, PM10, SO2"
2025-05-21,Imphal,1,Moderate,108,SO2
2025-05-21,Kalaburagi,2,Satisfactory,56,"CO, SO2"
2025-05-21,Kohima,1,Satisfactory,62,SO2
2025-05-21,Salem,1,Satisfactory,59,SO2
2025-05-21,Vrindavan,1,Satisfactory,77,SO2
2025-05-22,Agartala,1,Good,22,SO2
2025-05-22,Agra,4,Satisfactory,62,"O3, PM10, SO2"
2025-05-22,Guwahati,4,Good,44,"O3, PM10, SO2"
2025-05-22,Imphal,1,Moderate,107,SO2
2025-05-22,Indore,4,Good,39,"PM10, PM2.5, SO2"
2025-05-22,Kalaburagi,2,Satisfactory,55,"CO, SO2"
2025-05-22,Kohima,1,Satisfactory,62,SO2
2025-05-22,Lucknow,4,Satisfactory,69,"PM10, SO2"
2025-05-22,Moradabad,5,Satisfactory,66,"CO, PM10, SO2"
2025-05-22,Salem,1,Satisfactory,82,SO2
2025-05-23,Agartala,1,Good,22,SO2
2025-05-23,Bareilly,2,Satisfactory,56,"PM10, SO2"
2025-05-23,Imphal,1,Moderate,108,SO2
2025-05-23,Indore,5,Good,47,"PM10, PM2.5, SO2"
2025-05-23,Kalaburagi,1,Satisfactory,86,SO2
2025-05-23,Kohima,1,Satisfactory,62,SO2
2025-05-23,Lucknow,5,Satisfactory,72,"PM10, SO2"
2025-05-23,Moradabad,6,Satisfactory,55,"O3, SO2"
2025-05-23,Salem,1,Satisfactory,82,SO2
2025-05-23,Vrindavan,1,Good,29,SO2
2025-05-24,Agartala,1,Good,22,SO2
2025-05-24,Bhagalpur,2,Good,36,"PM10, SO2"
2025-05-24,Imphal,1,Moderate,109,SO2
2025-05-24,Indore,6,Satisfactory,56,"PM10, PM2.5, SO2"
2025-05-24,Kalaburagi,2,Satisfactory,61,"CO, SO2"
2025-05-24,Katihar,1,Good,22,SO2
2025-05-24,Khurja,1,Moderate,119,SO2
2025-05-24,Kohima,1,Satisfactory,62,SO2
2025-05-24,Lucknow,5,Satisfactory,96,"PM10, SO2"
2025-05-24,Madurai,1,Good,34,SO2
2025-05-24,Moradabad,6,Satisfactory,72,"CO, PM10, SO2"
2025-05-24,Salem,1,Satisfactory,82,SO2
2025-05-24,Varanasi,4,Satisfactory,59,"O3, PM10, SO2"
2025-05-25,Bareilly,1,Satisfactory,71,SO2
2025-05-25,Bhagalpur,1,Satisfactory,60,SO2
2025-05-25,Imphal,1,Moderate,108,SO2
2025-05-25,Kalaburagi,2,Satisfactory,58,"CO, SO2"
2025-05-25,Khurja,1,Moderate,124,SO2
2025-05-25,Kohima,1,Satisfactory,62,SO2
2025-05-25,Lucknow,5,Satisfactory,84,"PM10, SO2"
2025-05-25,Moradabad,5,Satisfactory,61,"O3, SO2"
2025-05-25,Salem,1,Satisfactory,82,SO2
2025-05-25,Surat,1,Good,41,SO2
2025-05-25,Varanasi,3,Satisfactory,77,"O3, PM10, SO2"
2025-05-26,Agartala,1,Good,22,SO2
2025-05-26,Guwahati,3,Good,40,"O3, PM10, SO2"
2025-05-26,Imphal,1,Moderate,107,SO2
2025-05-26,Kalaburagi,2,Satisfactory,58,"CO, SO2"
2025-05-26,Kohima,1,Satisfactory,63,SO2
2025-05-26,Moradabad,4,Satisfactory,67,"O3, SO2"
2025-05-27,Bareilly,2,Satisfactory,52,"PM2.5, SO2"
2025-05-27,Guwahati,4,Good,38,"PM10, PM2.5, SO2"
2025-05-27,Imphal,1,Moderate,107,SO2
2025-05-27,Kalaburagi,2,Satisfactory,62,"CO, SO2"
2025-05-27,Khurja,1,Moderate,127,SO2
2025-05-27,Kohima,1,Satisfactory,62,SO2
2025-05-27,Lucknow,5,Satisfactory,94,"PM10, SO2"
2025-05-27,Madurai,1,Good,25,SO2
2025-05-27,Moradabad,6,Satisfactory,68,"CO, PM10, SO2"
2025-05-27,Salem,1,Satisfactory,82,SO2
2025-05-27,Varanasi,3,Good,45,"PM10, SO2"
2025-05-28,Agartala,1,Good,22,SO2
2025-05-28,Bareilly,2,Satisfactory,56,"PM10, SO2"
2025-05-28,Guwahati,3,Good,49,"PM10, SO2"
2025-05-28,Hosur,1,Satisfactory,57,SO2
2025-05-28,Imphal,1,Moderate,108,SO2
2025-05-28,Kalaburagi,2,Satisfactory,61,"CO, SO2"
2025-05-28,Khurja,1,Moderate,117,SO2
2025-05-28,Kohima,1,Satisfactory,62,SO2
2025-05-28,Lucknow,5,Satisfactory,91,"PM10, SO2"
2025-05-28,Moradabad,5,Satisfactory,68,"CO, O3, SO2"
2025-05-28,Mumbai,24,Satisfactory,72,"PM10, SO2"
2025-05-28,Prayagraj,3,Satisfactory,70,"PM10, SO2"
2025-05-28,Salem,1,Good,49,SO2
2025-05-28,Surat,1,Good,42,SO2
2025-05-29,Agartala,1,Good,24,SO2
2025-05-29,Bareilly,2,Satisfactory,62,"PM10, SO2"
2025-05-29,Bhagalpur,2,Satisfactory,64,"PM2.5, SO2"
2025-05-29,Guwahati,2,Good,45,"PM10, SO2"
2025-05-29,Indore,6,Satisfactory,52,"PM10, PM2.5, SO2"
2025-05-29,Kalaburagi,2,Satisfactory,61,"CO, SO2"
2025-05-29,Kohima,1,Satisfactory,62,SO2
2025-05-29,Prayagraj,3,Satisfactory,82,"PM10, SO2"
2025-05-29,Salem,1,Good,48,SO2
2025-05-29,Surat,1,Good,42,SO2
2025-05-29,Varanasi,4,Satisfactory,51,"O3, PM10, SO2"
2025-05-30,Agartala,1,Good,24,SO2
2025-05-30,Bareilly,2,Satisfactory,64,"PM10, SO2"
2025-05-30,Bhagalpur,2,Good,34,"CO, SO2"
2025-05-30,Guwahati,2,Good,46,"PM2.5, SO2"
2025-05-30,Hosur,1,Satisfactory,58,SO2
2025-05-30,Indore,6,Satisfactory,67,"PM10, SO2"
2025-05-30,Kalaburagi,2,Satisfactory,66,"CO, SO2"
2025-05-30,Kohima,1,Satisfactory,63,SO2
2025-05-30,Salem,1,Good,48,SO2
2025-05-30,Surat,1,Good,41,SO2
2025-05-31,Bareilly,2,Satisfactory,88,"PM10, SO2"
2025-05-31,Guwahati,3,Good,38,"PM10, PM2.5, SO2"
2025-05-31,Kalaburagi,2,Satisfactory,66,"PM10, SO2"
2025-05-31,Kohima,1,Satisfactory,63,SO2
2025-05-31,Salem,1,Good,47,SO2
2025-05-31,Surat,1,Good,41,SO2
2025-06-01,Bareilly,2,Satisfactory,92,"PM10, SO2"
2025-06-01,Guwahati,3,Good,41,"PM10, PM2.5, SO2"
2025-06-01,Hosur,1,Satisfactory,54,SO2
2025-06-01,Indore,4,Satisfactory,75,"PM10, SO2"
2025-06-01,Kohima,1,Satisfactory,62,SO2
2025-06-01,Surat,1,Good,40,SO2
2025-06-02,Ankleshwar,1,Satisfactory,59,SO2
2025-06-02,Bareilly,2,Satisfactory,83,"PM10, SO2"
2025-06-02,Guwahati,3,Good,45,"PM10, PM2.5, SO2"
2025-06-02,Indore,4,Satisfactory,69,"PM10, SO2"
2025-06-02,Kohima,1,Satisfactory,62,SO2
2025-06-02,Salem,1,Good,46,SO2
2025-06-02,Surat,1,Good,40,SO2
2025-06-03,Bareilly,2,Satisfactory,70,"PM10, SO2"
2025-06-03,Guwahati,3,Good,50,"PM10, PM2.5, SO2"
2025-06-03,Kalaburagi,2,Satisfactory,69,"PM10, SO2"
2025-06-03,Salem,1,Good,46,SO2
2025-06-03,Surat,1,Good,40,SO2
2025-06-03,Vrindavan,1,Good,34,SO2
2025-06-04,Bareilly,2,Satisfactory,53,"PM10, SO2"
2025-06-04,Guwahati,3,Satisfactory,69,"PM10, PM2.5, SO2"
2025-06-04,Kalaburagi,2,Satisfactory,74,"PM10, SO2"
2025-06-04,Salem,1,Satisfactory,56,SO2
2025-06-04,Surat,1,Good,40,SO2
2025-06-05,Bareilly,2,Satisfactory,69,"PM10, SO2"
2025-06-05,Guwahati,3,Good,50,"PM2.5, SO2"
2025-06-05,Imphal,1,Moderate,108,SO2
2025-06-05,Kohima,1,Satisfactory,62,SO2
2025-06-05,Lucknow,6,Satisfactory,97,"PM10, SO2"
2025-06-05,Salem,1,Satisfactory,75,SO2
2025-06-05,Surat,1,Good,40,SO2
2025-06-06,Agartala,1,Good,24,SO2
2025-06-06,Bareilly,2,Satisfactory,70,SO2
2025-06-06,Imphal,1,Moderate,109,SO2
2025-06-06,Kalaburagi,2,Satisfactory,54,"PM10, SO2"
2025-06-06,Kohima,1,Satisfactory,63,SO2
2025-06-06,Surat,1,Good,40,SO2
2025-06-07,Agartala,1,Good,26,SO2
2025-06-07,Ankleshwar,1,Satisfactory,76,SO2
2025-06-07,Bareilly,2,Satisfactory,87,"PM10, SO2"
2025-06-07,Guwahati,4,Moderate,116,"O3, PM2.5, SO2"
2025-06-07,Imphal,1,Moderate,109,SO2
2025-06-07,Surat,1,Good,40,SO2
2025-06-08,Agartala,1,Good,24,SO2
2025-06-08,Ankleshwar,1,Satisfactory,76,SO2
2025-06-08,Guwahati,3,Moderate,117,"O3, PM2.5, SO2"
2025-06-08,Kohima,1,Satisfactory,63,SO2
2025-06-08,Surat,1,Good,40,SO2
2025-06-09,Agartala,1,Good,25,SO2
2025-06-09,Guwahati,3,Moderate,102,"O3, PM2.5, SO2"
2025-06-09,Kohima,1,Satisfactory,64,SO2
2025-06-09,Surat,1,Good,40,SO2
2025-06-09,Vrindavan,1,Satisfactory,86,SO2
2025-06-10,Agartala,1,Good,25,SO2
2025-06-10,Guwahati,3,Moderate,101,"O3, PM10, SO2"
2025-06-10,Indore,5,Satisfactory,71,"PM10, SO2"
2025-06-10,Kalaburagi,2,Good,50,"CO, SO2"
2025-06-10,Kohima,1,Satisfactory,63,SO2
2025-06-10,Surat,1,Good,40,SO2
2025-06-11,Bareilly,2,Satisfactory,82,"PM10, SO2"
2025-06-11,Guwahati,3,Moderate,151,"O3, PM10, SO2"
2025-06-11,Indore,6,Satisfactory,59,"PM10, SO2"
2025-06-11,Kohima,1,Satisfactory,64,SO2
2025-06-11,Sri Vijaya Puram,1,Good,43,SO2
2025-06-12,Bareilly,1,Satisfactory,66,SO2
2025-06-12,Guwahati,4,Satisfactory,92,"O3, PM10, SO2"
2025-06-12,Indore,5,Satisfactory,70,"PM10, SO2"
2025-06-12,Kohima,1,Satisfactory,64,SO2
2025-06-12,Sri Vijaya Puram,1,Good,40,SO2
2025-06-12,Surat,1,Good,40,SO2
2025-06-13,Ankleshwar,1,Satisfactory,85,SO2
2025-06-13,Bareilly,2,Satisfactory,76,SO2
2025-06-13,Guwahati,4,Satisfactory,72,"O3, PM2.5, SO2"
2025-06-13,Hosur,1,Satisfactory,75,SO2
2025-06-13,Indore,2,Satisfactory,66,"PM2.5, SO2"
2025-06-13,Kalaburagi,2,Satisfactory,62,"CO, SO2"
2025-06-13,Kohima,1,Satisfactory,65,SO2
2025-06-13,Salem,1,Satisfactory,76,SO2
2025-06-13,Surat,1,Good,40,SO2
2025-06-14,Bareilly,1,Satisfactory,66,SO2
2025-06-14,Guwahati,3,Satisfactory,87,"O3, PM2.5, SO2"
2025-06-14,Hosur,1,Satisfactory,76,SO2
2025-06-14,Indore,5,Satisfactory,63,"PM10, PM2.5, SO2"
2025-06-14,Kalaburagi,2,Satisfactory,57,"CO, SO2"
2025-06-14,Kohima,1,Satisfactory,63,SO2
2025-06-14,Moradabad,5,Satisfactory,58,"O3, SO2"
2025-06-14,Salem,1,Good,47,SO2
2025-06-14,Surat,1,Good,41,SO2
2025-06-15,Ankleshwar,1,Satisfactory,63,SO2
2025-06-15,Guwahati,4,Moderate,103,"O3, PM10, SO2"
2025-06-15,Hosur,1,Satisfactory,77,SO2
2025-06-15,Indore,5,Satisfactory,54,"O3, PM2.5, SO2"
2025-06-15,Kohima,1,Satisfactory,63,SO2
2025-06-15,Moradabad,6,Satisfactory,63,"PM10, SO2"
2025-06-15,Salem,1,Good,47,SO2
2025-06-16,Bhagalpur,1,Satisfactory,61,SO2
2025-06-16,Guwahati,4,Satisfactory,84,"O3, PM2.5, SO2"
2025-06-16,Indore,5,Good,48,"NO2, PM2.5, SO2"
2025-06-16,Kalyan,2,Good,33,"PM2.5, SO2"
2025-06-16,Kohima,1,Satisfactory,64,SO2
2025-06-16,Moradabad,5,Satisfactory,52,"O3, SO2"
2025-06-16,Salem,1,Good,47,SO2
2025-06-16,Sri Vijaya Puram,1,Good,23,SO2
2025-06-17,Agartala,1,Good,24,SO2
2025-06-17,Bareilly,1,Satisfactory,87,SO2
2025-06-17,Gandhinagar,3,Good,29,"PM10, SO2"
2025-06-17,Gorakhpur,1,Good,35,SO2
2025-06-17,Guwahati,3,Good,32,"PM2.5, SO2"
2025-06-17,Hosur,1,Satisfactory,74,SO2
2025-06-17,Imphal,1,Moderate,109,SO2
2025-06-17,Indore,5,Good,48,"PM10, PM2.5, SO2"
2025-06-17,Kohima,1,Satisfactory,64,SO2
2025-06-17,Lucknow,5,Satisfactory,80,"CO, PM10, SO2"
2025-06-17,Moradabad,5,Satisfactory,53,"CO, O3, SO2"
2025-06-17,Salem,1,Good,47,SO2
2025-06-17,Vrindavan,1,Good,32,SO2
2025-06-18,Ankleshwar,1,Satisfactory,61,SO2
2025-06-18,Bareilly,1,Satisfactory,66,SO2
2025-06-18,Firozabad,2,Good,26,"PM10, SO2"
2025-06-18,Gorakhpur,1,Good,35,SO2
2025-06-18,Guwahati,4,Satisfactory,83,"O3, PM2.5, SO2"
2025-06-18,Imphal,1,Moderate,109,SO2
2025-06-18,Indore,4,Satisfactory,64,"PM10, PM2.5, SO2"
2025-06-18,Kohima,1,Satisfactory,64,SO2
2025-06-18,Moradabad,6,Satisfactory,56,"CO, O3, SO2"
2025-06-18,Salem,1,Good,47,SO2
2025-06-18,Varanasi,3,Good,36,"O3, PM2.5, SO2"
2025-06-18,Vrindavan,1,Good,34,SO2
2025-06-19,Ankleshwar,1,Satisfactory,72,SO2
2025-06-19,Bareilly,2,Satisfactory,78,SO2
2025-06-19,Dewas,1,Satisfactory,85,SO2
2025-06-19,Gorakhpur,1,Good,35,SO2
2025-06-19,Guwahati,4,Satisfactory,94,"O3, PM2.5, SO2"
2025-06-19,Imphal,1,Moderate,109,SO2
2025-06-19,Indore,5,Good,49,"NO2, PM2.5, SO2"
2025-06-19,Jhansi,1,Good,39,SO2
2025-06-19,Kohima,1,Satisfactory,64,SO2
2025-06-19,Moradabad,5,Satisfactory,53,"CO, O3, SO2"
2025-06-19,Salem,1,Satisfactory,53,SO2
2025-06-19,Vrindavan,1,Good,31,SO2
2025-06-20,Ankleshwar,1,Satisfactory,68,SO2
2025-06-20,Bareilly,2,Satisfactory,78,SO2
2025-06-20,Gorakhpur,1,Good,35,SO2
2025-06-20,Guwahati,4,Satisfactory,80,"O3, PM2.5, SO2"
2025-06-20,Imphal,1,Moderate,110,SO2
2025-06-20,Indore,5,Satisfactory,55,"PM10, PM2.5, SO2"
2025-06-20,Jhansi,1,Good,40,SO2
2025-06-20,Kohima,1,Satisfactory,64,SO2
2025-06-20,Lucknow,5,Satisfactory,77,"CO, PM10, SO2"
2025-06-20,Moradabad,6,Satisfactory,54,"CO, O3, SO2"
2025-06-20,Salem,1,Satisfactory,51,SO2
2025-06-20,Surat,1,Good,40,SO2
2025-06-20,Varanasi,4,Good,32,"O3, PM10, SO2"
2025-06-21,Agra,5,Good,43,"PM10, SO2"
2025-06-21,Bareilly,1,Satisfactory,66,SO2
2025-06-21,Bhagalpur,2,Satisfactory,89,"PM2.5, SO2"
2025-06-21,Imphal,1,Moderate,109,SO2
2025-06-21,Indore,4,Satisfactory,58,"PM10, PM2.5, SO2"
2025-06-21,Kohima,1,Satisfactory,64,SO2
2025-06-21,Lucknow,6,Satisfactory,68,"CO, SO2"
2025-06-21,Moradabad,6,Satisfactory,57,"CO, O3, SO2"
2025-06-21,Perundurai,1,Good,22,SO2
2025-06-21,Prayagraj,2,Good,48,"PM10, SO2"
2025-06-21,Salem,1,Good,47,SO2
2025-06-21,Surat,1,Good,40,SO2
2025-06-21,Varanasi,2,Good,31,"NO2, SO2"
2025-06-22,Bareilly,1,Satisfactory,66,SO2
2025-06-22,Hosur,1,Good,40,SO2
2025-06-22,Imphal,1,Moderate,110,SO2
2025-06-22,Indore,5,Satisfactory,51,"PM10, PM2.5, SO2"
2025-06-22,Jabalpur,4,Satisfactory,68,"PM10, PM2.5, SO2"
2025-06-22,Jhansi,1,Good,42,SO2
2025-06-22,Kanpur,3,Satisfactory,68,"CO, PM2.5, SO2"
2025-06-22,Kohima,1,Satisfactory,65,SO2
2025-06-22,Moradabad,6,Satisfactory,54,"CO, SO2"
2025-06-22,Perundurai,1,Good,25,SO2
2025-06-22,Prayagraj,3,Good,45,"PM10, SO2"
2025-06-22,Singrauli,1,Good,37,SO2
2025-06-22,Surat,1,Good,40,SO2
2025-06-22,Varanasi,4,Good,30,"NO2, SO2"
2025-06-23,Bareilly,2,Satisfactory,78,SO2
2025-06-23,Gorakhpur,1,Good,36,SO2
2025-06-23,Guwahati,3,Good,47,"PM10, PM2.5, SO2"
2025-06-23,Hosur,1,Good,41,SO2
2025-06-23,Imphal,1,Moderate,109,SO2
2025-06-23,Indore,5,Satisfactory,52,"PM10, PM2.5, SO2"
2025-06-23,Jhansi,1,Good,41,SO2
2025-06-23,Kanpur,3,Satisfactory,67,"CO, PM2.5, SO2"
2025-06-23,Keonjhar,1,Good,31,SO2
2025-06-23,Kohima,1,Satisfactory,65,SO2
2025-06-23,Moradabad,6,Good,50,"CO, SO2"
2025-06-23,Perundurai,1,Good,25,SO2
2025-06-23,Prayagraj,3,Satisfactory,52,"PM10, SO2"
2025-06-23,Varanasi,3,Good,30,"NO2, SO2"
2025-06-24,Bareilly,1,Satisfactory,91,SO2
2025-06-24,Bhagalpur,2,Satisfactory,54,"PM10, SO2"
2025-06-24,Guwahati,3,Good,31,"PM2.5, SO2"
2025-06-24,Hosur,1,Good,42,SO2
2025-06-24,Imphal,1,Moderate,108,SO2
2025-06-24,Indore,5,Satisfactory,51,"PM10, PM2.5, SO2"
2025-06-24,Jabalpur,3,Good,37,"NO2, SO2"
2025-06-24,Jhansi,1,Good,41,SO2
2025-06-24,Keonjhar,1,Good,31,SO2
2025-06-24,Kohima,1,Satisfactory,65,SO2
2025-06-24,Moradabad,5,Satisfactory,52,"CO, SO2"
2025-06-24,Prayagraj,3,Good,48,"PM10, SO2"
2025-06-24,Salem,1,Good,47,SO2
2025-06-24,Varanasi,4,Good,36,"PM10, SO2"
2025-06-25,Bareilly,2,Satisfactory,80,SO2
2025-06-25,Bhagalpur,2,Satisfactory,58,"PM10, SO2"
2025-06-25,Dewas,1,Satisfactory,72,SO2
2025-06-25,Guwahati,3,Moderate,103,"O3, PM2.5, SO2"
2025-06-25,Imphal,1,Moderate,109,SO2
2025-06-25,Jhansi,1,Good,42,SO2
2025-06-25,Kohima,1,Satisfactory,65,SO2
2025-06-25,Moradabad,5,Satisfactory,56,"CO, SO2"
2025-06-25,Salem,1,Good,48,SO2
2025-06-26,Bareilly,2,Satisfactory,80,SO2
2025-06-26,Dewas,1,Satisfactory,64,SO2
2025-06-26,Durgapur,3,Good,25,SO2
2025-06-26,Gorakhpur,1,Good,36,SO2
2025-06-26,Kohima,1,Satisfactory,65,SO2
2025-06-26,Moradabad,5,Satisfactory,56,"CO, SO2"
2025-06-26,Prayagraj,3,Satisfactory,67,"PM10, SO2"
2025-06-26,Salem,1,Satisfactory,82,SO2
2025-06-26,Talcher,1,Satisfactory,55,SO2
2025-06-26,Varanasi,4,Good,28,"PM2.5, SO2"
2025-06-27,Bareilly,2,Satisfactory,80,SO2
2025-06-27,Bhagalpur,2,Satisfactory,60,"PM10, SO2"
2025-06-27,Gorakhpur,1,Good,36,SO2
2025-06-27,Imphal,1,Moderate,109,SO2
2025-06-27,Indore,4,Satisfactory,67,"NO2, SO2"
2025-06-27,Jabalpur,3,Satisfactory,60,"NO2, PM2.5, SO2"
2025-06-27,Keonjhar,1,Good,25,SO2
2025-06-27,Kohima,1,Satisfactory,64,SO2
2025-06-27,Moradabad,5,Satisfactory,57,"CO, O3, SO2"
2025-06-27,Prayagraj,3,Satisfactory,54,"PM10, SO2"
2025-06-27,Salem,1,Satisfactory,82,SO2
2025-06-27,Singrauli,1,Good,48,SO2
2025-06-27,Talcher,1,Satisfactory,59,SO2
2025-06-27,Varanasi,4,Good,28,"PM10, SO2"
2025-06-28,Bareilly,2,Satisfactory,70,"PM10, SO2"
2025-06-28,Bhagalpur,2,Satisfactory,68,"PM10, SO2"
2025-06-28,Chandrapur,1,Satisfactory,85,SO2
2025-06-28,Guwahati,4,Good,35,"CO, PM10, SO2"
2025-06-28,Imphal,1,Moderate,112,SO2
2025-06-28,Indore,4,Satisfactory,64,"NO2, PM10, SO2"
2025-06-28,Kohima,1,Satisfactory,65,SO2
2025-06-28,Moradabad,4,Satisfactory,57,"CO, O3, SO2"
2025-06-28,Prayagraj,3,Satisfactory,53,"PM10, SO2"
2025-06-28,Salem,1,Satisfactory,71,SO2
2025-06-28,Singrauli,1,Good,48,SO2
2025-06-28,Varanasi,4,Good,31,SO2
2025-06-29,Ankleshwar,1,Good,50,SO2
2025-06-29,Bhagalpur,1,Good,44,SO2
2025-06-29,Gorakhpur,1,Good,36,SO2
2025-06-29,Imphal,1,Moderate,112,SO2
2025-06-29,Indore,5,Good,49,"NO2, SO2"
2025-06-29,Kanchipuram,1,Good,19,SO2
2025-06-29,Katihar,1,Good,22,SO2
2025-06-29,Keonjhar,1,Good,36,SO2
2025-06-29,Kohima,1,Satisfactory,67,SO2
2025-06-29,Moradabad,4,Satisfactory,51,"PM10, SO2"
2025-06-29,Prayagraj,3,Good,46,"PM10, SO2"
2025-06-29,Salem,1,Good,48,SO2
2025-06-29,Varanasi,4,Good,30,"PM10, SO2"
2025-06-30,Agra,4,Good,39,"PM10, SO2"
2025-06-30,Firozabad,2,Good,22,"PM10, SO2"
2025-06-30,Gorakhpur,1,Good,36,SO2
2025-06-30,Imphal,1,Moderate,110,SO2
2025-06-30,Indore,5,Good,46,"NO2, PM10, SO2"
2025-06-30,Jhansi,1,Good,41,SO2
2025-06-30,Kanpur,3,Good,49,"CO, PM10, SO2"
2025-06-30,Keonjhar,1,Good,34,SO2
2025-06-30,Kohima,1,Satisfactory,67,SO2
2025-06-30,Salem,1,Good,48,SO2
2025-06-30,Varanasi,4,Good,31,"PM10, SO2"
